Configuration on demand is an incubating feature.
> Task :mixin-config-plugin:compileJava UP-TO-DATE
> Task :mixin-config-plugin:pluginDescriptors UP-TO-DATE
> Task :mixin-config-plugin:processResources UP-TO-DATE
> Task :mixin-config-plugin:classes UP-TO-DATE
> Task :mixin-config-plugin:jar UP-TO-DATE

> Configure project :
Architectury Loom: 1.3.385
You are using an outdated version of Architectury Loom! This version will not receive any support, please consider updating!

> Task :compileApiJava UP-TO-DATE
> Task :processApiResources NO-SOURCE
> Task :apiClasses UP-TO-DATE
> Task :compileJava UP-TO-DATE
> Task :createMixinConfig UP-TO-DATE
> Task :processResources UP-TO-DATE
> Task :classes UP-TO-DATE
> Task :generateDLIConfig
> Task :generateLog4jConfig
> Task :generateRemapClasspath UP-TO-DATE
> Task :configureLaunch
> Task :downloadAssets UP-TO-DATE
> Task :configureClientLaunch

> Task :runClient
[17:16:55] [main/INFO] (Launcher) ModLauncher running: args [--launchTarget, forgeclientuserdev, --version, MOD_DEV, --assetIndex, 1.20.1-5, --assetsDir, /home/asephs/.gradle/caches/fabric-loom/assets, --gameDir, ., --fml.forgeVersion, 47.4.3, --fml.mcVersion, 1.20.1, --fml.forgeGroup, net.minecraftforge, --fml.mcpVersion, 20230612.114412, -mixin.config, lithium.mixins.json]
[17:16:55] [main/INFO] (Launcher) ModLauncher 10.0.9+10.0.9+main.dcd20f30 starting: java version 17.0.18 by Arch Linux; OS Linux arch amd64 version 6.18.7-arch1-1
[17:16:56] [main/INFO] (ImmediateWindowHandler) Loading ImmediateWindowProvider fmlearlywindow
[17:16:56] [main/INFO] (EARLYDISPLAY) Trying GL version 4.6
[17:16:56] [main/INFO] (EARLYDISPLAY) Requested GL version 4.6 got version 4.6
[LauncherLogger] Warning: Stream injection failed; legacy loggers may retain blocking behavior.
[17:16:56] [main/INFO] (CrashAssistantJarInJarHelper) Launching CrashAssistantApp (CrashAssistant-forge-1.19-1.20.1-1.10.28.jar)
[17:16:56] [pool-2-thread-1/INFO] (EARLYDISPLAY) GL info: NVIDIA GeForce RTX 4050 Laptop GPU/PCIe/SSE2 GL version 4.6.0 NVIDIA 590.48.01, NVIDIA Corporation
[17:16:56] [main/INFO] (mixin) SpongePowered MIXIN Subsystem Version=0.8.5 Source=union:/home/asephs/.gradle/caches/modules-2/files-2.1/dev.architectury/mixin-patched/0.8.5.12/cf1f787f58d3b08b0cb53ecbba7928c09a1893c8/mixin-patched-0.8.5.12.jar%23113!/ Service=ModLauncher Env=CLIENT
[17:16:56] [main/INFO] (AutoModpack) Prelaunching AutoModpack...
[17:16:57] [main/INFO] (AutoModpack) Loaded config! took 9ms
[17:16:57] [main/INFO] (AutoModpack) AutoModpack prelaunched! took 133ms
[17:16:57] [CrashAssistantApp process logger/INFO] (ChildProcessLogger) CrashAssistantApp process successfully started.
[17:16:57] [main/INFO] (ModDiscoverer) Found mod file AmbientSounds_FORGE_v6.3.1_mc1.20.1.jar of type MOD with provider {mods folder locator at /run/media/asephs/b147e4d3-826a-5c47-9a73-5b2b9a19cd71/radium-upstream/run/mods}
[17:16:57] [main/INFO] (ModDiscoverer) Found mod file bellsandwhistles-0.4.5-1.20.x-Create6.0+.jar of type MOD with provider {mods folder locator at /run/media/asephs/b147e4d3-826a-5c47-9a73-5b2b9a19cd71/radium-upstream/run/mods}
[17:16:57] [main/INFO] (ModDiscoverer) Found mod file BetterAdvancements-Forge-1.20.1-0.4.2.25.jar of type MOD with provider {mods folder locator at /run/media/asephs/b147e4d3-826a-5c47-9a73-5b2b9a19cd71/radium-upstream/run/mods}
[17:16:57] [main/INFO] (ModDiscoverer) Found mod file blockui-1.20.1-1.0.194.jar of type MOD with provider {mods folder locator at /run/media/asephs/b147e4d3-826a-5c47-9a73-5b2b9a19cd71/radium-upstream/run/mods}
[17:16:57] [main/INFO] (ModDiscoverer) Found mod file chat_heads-0.14.2-forge-1.20.jar of type MOD with provider {mods folder locator at /run/media/asephs/b147e4d3-826a-5c47-9a73-5b2b9a19cd71/radium-upstream/run/mods}
[17:16:57] [main/INFO] (ModDiscoverer) Found mod file citresewn-1.20.1-5.jar of type MOD with provider {mods folder locator at /run/media/asephs/b147e4d3-826a-5c47-9a73-5b2b9a19cd71/radium-upstream/run/mods}
[17:16:57] [main/INFO] (ModDiscoverer) Found mod file CraftTweaker-forge-1.20.1-14.0.59.jar of type MOD with provider {mods folder locator at /run/media/asephs/b147e4d3-826a-5c47-9a73-5b2b9a19cd71/radium-upstream/run/mods}
[17:16:57] [main/INFO] (ModDiscoverer) Found mod file Create Quality of Life-1.20.1-1.6.2.jar of type MOD with provider {mods folder locator at /run/media/asephs/b147e4d3-826a-5c47-9a73-5b2b9a19cd71/radium-upstream/run/mods}
[17:16:57] [main/INFO] (ModDiscoverer) Found mod file create-1.20.1-6.0.8.jar of type MOD with provider {mods folder locator at /run/media/asephs/b147e4d3-826a-5c47-9a73-5b2b9a19cd71/radium-upstream/run/mods}
[17:16:57] [main/INFO] (ModDiscoverer) Found mod file create-mob-spawners-1.20.1-3.2.0.jar of type MOD with provider {mods folder locator at /run/media/asephs/b147e4d3-826a-5c47-9a73-5b2b9a19cd71/radium-upstream/run/mods}
[17:16:57] [main/INFO] (ModDiscoverer) Found mod file create-stuff-additions1.20.1_v2.1.0.jar of type MOD with provider {mods folder locator at /run/media/asephs/b147e4d3-826a-5c47-9a73-5b2b9a19cd71/radium-upstream/run/mods}
[17:16:57] [main/INFO] (ModDiscoverer) Found mod file create_connected-1.1.10-mc1.20.1-all.jar of type MOD with provider {mods folder locator at /run/media/asephs/b147e4d3-826a-5c47-9a73-5b2b9a19cd71/radium-upstream/run/mods}
[17:16:57] [main/INFO] (ModDiscoverer) Found mod file create_enchantment_industry-1.3.3-for-create-6.0.6.jar of type MOD with provider {mods folder locator at /run/media/asephs/b147e4d3-826a-5c47-9a73-5b2b9a19cd71/radium-upstream/run/mods}
[17:16:57] [main/INFO] (ModDiscoverer) Found mod file create_hypertube-0.3.0-FORGE.jar of type MOD with provider {mods folder locator at /run/media/asephs/b147e4d3-826a-5c47-9a73-5b2b9a19cd71/radium-upstream/run/mods}
[17:16:57] [main/INFO] (ModDiscoverer) Found mod file create_ltab-3.6.0.jar of type MOD with provider {mods folder locator at /run/media/asephs/b147e4d3-826a-5c47-9a73-5b2b9a19cd71/radium-upstream/run/mods}
[17:16:57] [main/INFO] (ModDiscoverer) Found mod file create_netherless-1.20.1-1.3.jar of type MOD with provider {mods folder locator at /run/media/asephs/b147e4d3-826a-5c47-9a73-5b2b9a19cd71/radium-upstream/run/mods}
[17:16:57] [main/INFO] (ModDiscoverer) Found mod file create_ore_excavation_plus-0.2.3-1.20.1.jar of type MOD with provider {mods folder locator at /run/media/asephs/b147e4d3-826a-5c47-9a73-5b2b9a19cd71/radium-upstream/run/mods}
[17:16:57] [main/INFO] (ModDiscoverer) Found mod file create_oxidized-0.1.2.jar of type MOD with provider {mods folder locator at /run/media/asephs/b147e4d3-826a-5c47-9a73-5b2b9a19cd71/radium-upstream/run/mods}
[17:16:57] [main/INFO] (ModDiscoverer) Found mod file create_rustic_structures-1.0.0-forge-1.20.1.jar of type MOD with provider {mods folder locator at /run/media/asephs/b147e4d3-826a-5c47-9a73-5b2b9a19cd71/radium-upstream/run/mods}
[17:16:57] [main/INFO] (ModDiscoverer) Found mod file create_sky_village-0.0.35 Release-forge-1.20.1.jar of type MOD with provider {mods folder locator at /run/media/asephs/b147e4d3-826a-5c47-9a73-5b2b9a19cd71/radium-upstream/run/mods}
[17:16:57] [main/INFO] (ModDiscoverer) Found mod file create_structures_overhaul-1.4.0.jar of type MOD with provider {mods folder locator at /run/media/asephs/b147e4d3-826a-5c47-9a73-5b2b9a19cd71/radium-upstream/run/mods}
[17:16:57] [main/INFO] (ModDiscoverer) Found mod file create_vibrant_vaults-0.3.2.jar of type MOD with provider {mods folder locator at /run/media/asephs/b147e4d3-826a-5c47-9a73-5b2b9a19cd71/radium-upstream/run/mods}
[17:16:57] [main/INFO] (ModDiscoverer) Found mod file createaddition-1.20.1-1.3.3.jar of type MOD with provider {mods folder locator at /run/media/asephs/b147e4d3-826a-5c47-9a73-5b2b9a19cd71/radium-upstream/run/mods}
[17:16:57] [main/INFO] (ModDiscoverer) Found mod file createbetterfps-1.20.1-1.1.1.jar of type MOD with provider {mods folder locator at /run/media/asephs/b147e4d3-826a-5c47-9a73-5b2b9a19cd71/radium-upstream/run/mods}
[17:16:57] [main/INFO] (ModDiscoverer) Found mod file createcobblestone-1.4.5+forge-1.20.1-106.jar of type MOD with provider {mods folder locator at /run/media/asephs/b147e4d3-826a-5c47-9a73-5b2b9a19cd71/radium-upstream/run/mods}
[17:16:57] [main/INFO] (ModDiscoverer) Found mod file createcolonies-1.0.0.jar of type MOD with provider {mods folder locator at /run/media/asephs/b147e4d3-826a-5c47-9a73-5b2b9a19cd71/radium-upstream/run/mods}
[17:16:57] [main/INFO] (ModDiscoverer) Found mod file createdeco-2.0.3-1.20.1-forge.jar of type MOD with provider {mods folder locator at /run/media/asephs/b147e4d3-826a-5c47-9a73-5b2b9a19cd71/radium-upstream/run/mods}
[17:16:57] [main/INFO] (ModDiscoverer) Found mod file createdieselgenerators-1.20.1-1.3.8.jar of type MOD with provider {mods folder locator at /run/media/asephs/b147e4d3-826a-5c47-9a73-5b2b9a19cd71/radium-upstream/run/mods}
[17:16:57] [main/INFO] (ModDiscoverer) Found mod file createmechanicalcompanion-1.8-1.20.1.jar of type MOD with provider {mods folder locator at /run/media/asephs/b147e4d3-826a-5c47-9a73-5b2b9a19cd71/radium-upstream/run/mods}
[17:16:57] [main/INFO] (ModDiscoverer) Found mod file createoreexcavation-1.20-1.6.5.jar of type MOD with provider {mods folder locator at /run/media/asephs/b147e4d3-826a-5c47-9a73-5b2b9a19cd71/radium-upstream/run/mods}
[17:16:57] [main/INFO] (ModDiscoverer) Found mod file CreateSchematicChecker-0.21.12-6.0-forge-1.20.1.jar of type MOD with provider {mods folder locator at /run/media/asephs/b147e4d3-826a-5c47-9a73-5b2b9a19cd71/radium-upstream/run/mods}
[17:16:57] [main/INFO] (ModDiscoverer) Found mod file createteleporters2.3-1.20.1.jar of type MOD with provider {mods folder locator at /run/media/asephs/b147e4d3-826a-5c47-9a73-5b2b9a19cd71/radium-upstream/run/mods}
[17:16:57] [main/INFO] (ModDiscoverer) Found mod file CreateTweaker-forge-1.20.1-4.0.15.jar of type MOD with provider {mods folder locator at /run/media/asephs/b147e4d3-826a-5c47-9a73-5b2b9a19cd71/radium-upstream/run/mods}
[17:16:57] [main/INFO] (ModDiscoverer) Found mod file CreativeCore_FORGE_v2.12.32_mc1.20.1.jar of type MOD with provider {mods folder locator at /run/media/asephs/b147e4d3-826a-5c47-9a73-5b2b9a19cd71/radium-upstream/run/mods}
[17:16:57] [main/INFO] (ModDiscoverer) Found mod file domum_ornamentum-1.20.1-1.0.292-snapshot-universal.jar of type MOD with provider {mods folder locator at /run/media/asephs/b147e4d3-826a-5c47-9a73-5b2b9a19cd71/radium-upstream/run/mods}
[17:16:57] [main/INFO] (ModDiscoverer) Found mod file drippyloadingscreen_forge_3.1.0_MC_1.20.1.jar of type MOD with provider {mods folder locator at /run/media/asephs/b147e4d3-826a-5c47-9a73-5b2b9a19cd71/radium-upstream/run/mods}
[17:16:57] [main/INFO] (ModDiscoverer) Found mod file embeddium-0.3.31+mc1.20.1.jar of type MOD with provider {mods folder locator at /run/media/asephs/b147e4d3-826a-5c47-9a73-5b2b9a19cd71/radium-upstream/run/mods}
[17:16:57] [main/INFO] (ModDiscoverer) Found mod file entity_model_features_1.20.1-forge-3.0.10.jar of type MOD with provider {mods folder locator at /run/media/asephs/b147e4d3-826a-5c47-9a73-5b2b9a19cd71/radium-upstream/run/mods}
[17:16:57] [main/INFO] (ModDiscoverer) Found mod file entity_texture_features_1.20.1-forge-7.0.8.jar of type MOD with provider {mods folder locator at /run/media/asephs/b147e4d3-826a-5c47-9a73-5b2b9a19cd71/radium-upstream/run/mods}
[17:16:57] [main/INFO] (ModDiscoverer) Found mod file extra_gauges-2.0.7.jar of type MOD with provider {mods folder locator at /run/media/asephs/b147e4d3-826a-5c47-9a73-5b2b9a19cd71/radium-upstream/run/mods}
[17:16:57] [main/INFO] (ModDiscoverer) Found mod file fancymenu_forge_3.8.1_MC_1.20.1.jar of type MOD with provider {mods folder locator at /run/media/asephs/b147e4d3-826a-5c47-9a73-5b2b9a19cd71/radium-upstream/run/mods}
[17:16:57] [main/INFO] (ModDiscoverer) Found mod file FpsReducer2-forge-1.20.1-2.5.1.jar of type MOD with provider {mods folder locator at /run/media/asephs/b147e4d3-826a-5c47-9a73-5b2b9a19cd71/radium-upstream/run/mods}
[17:16:57] [main/INFO] (ModDiscoverer) Found mod file freecam-forge-1.2.1+1.20.jar of type MOD with provider {mods folder locator at /run/media/asephs/b147e4d3-826a-5c47-9a73-5b2b9a19cd71/radium-upstream/run/mods}
[17:16:57] [main/INFO] (ModDiscoverer) Found mod file fusion-1.2.11c-forge-mc1.20.1.jar of type MOD with provider {mods folder locator at /run/media/asephs/b147e4d3-826a-5c47-9a73-5b2b9a19cd71/radium-upstream/run/mods}
[17:16:57] [main/INFO] (ModDiscoverer) Found mod file journeymap-1.20.1-5.10.3-forge.jar of type MOD with provider {mods folder locator at /run/media/asephs/b147e4d3-826a-5c47-9a73-5b2b9a19cd71/radium-upstream/run/mods}
[17:16:57] [main/INFO] (ModDiscoverer) Found mod file konkrete_forge_1.8.0_MC_1.20-1.20.1.jar of type MOD with provider {mods folder locator at /run/media/asephs/b147e4d3-826a-5c47-9a73-5b2b9a19cd71/radium-upstream/run/mods}
[17:16:57] [main/INFO] (ModDiscoverer) Found mod file kotlinforforge-4.12.0-all.jar of type LIBRARY with provider {mods folder locator at /run/media/asephs/b147e4d3-826a-5c47-9a73-5b2b9a19cd71/radium-upstream/run/mods}
[17:16:57] [main/INFO] (ModDiscoverer) Found mod file melody_forge_1.0.3_MC_1.20.1-1.20.4.jar of type MOD with provider {mods folder locator at /run/media/asephs/b147e4d3-826a-5c47-9a73-5b2b9a19cd71/radium-upstream/run/mods}
[17:16:57] [main/INFO] (ModDiscoverer) Found mod file minecolonies-1.20.1-1.1.1155-snapshot.jar of type MOD with provider {mods folder locator at /run/media/asephs/b147e4d3-826a-5c47-9a73-5b2b9a19cd71/radium-upstream/run/mods}
[17:16:57] [main/INFO] (ModDiscoverer) Found mod file MouseTweaks-forge-mc1.20.1-2.25.1.jar of type MOD with provider {mods folder locator at /run/media/asephs/b147e4d3-826a-5c47-9a73-5b2b9a19cd71/radium-upstream/run/mods}
[17:16:57] [main/INFO] (ModDiscoverer) Found mod file notenoughanimations-forge-1.11.1-mc1.20.1.jar of type MOD with provider {mods folder locator at /run/media/asephs/b147e4d3-826a-5c47-9a73-5b2b9a19cd71/radium-upstream/run/mods}
[17:16:57] [main/INFO] (ModDiscoverer) Found mod file ObsidianUI-forge-0.2.3+mc1.20.1.jar of type MOD with provider {mods folder locator at /run/media/asephs/b147e4d3-826a-5c47-9a73-5b2b9a19cd71/radium-upstream/run/mods}
[17:16:57] [main/INFO] (ModDiscoverer) Found mod file oculus-mc1.20.1-1.8.0.jar of type MOD with provider {mods folder locator at /run/media/asephs/b147e4d3-826a-5c47-9a73-5b2b9a19cd71/radium-upstream/run/mods}
[17:16:57] [main/INFO] (ModDiscoverer) Found mod file ok_zoomer-forge-5.4.0-beta.8.jar of type MOD with provider {mods folder locator at /run/media/asephs/b147e4d3-826a-5c47-9a73-5b2b9a19cd71/radium-upstream/run/mods}
[17:16:57] [main/INFO] (ModDiscoverer) Found mod file rechiseled-1.1.6-forge-mc1.20.jar of type MOD with provider {mods folder locator at /run/media/asephs/b147e4d3-826a-5c47-9a73-5b2b9a19cd71/radium-upstream/run/mods}
[17:16:57] [main/INFO] (ModDiscoverer) Found mod file rechiseledcreate-1.0.2b-forge-mc1.20.jar of type MOD with provider {mods folder locator at /run/media/asephs/b147e4d3-826a-5c47-9a73-5b2b9a19cd71/radium-upstream/run/mods}
[17:16:57] [main/INFO] (ModDiscoverer) Found mod file rubidium-extra-0.5.4.4+mc1.20.1-build.131.jar of type MOD with provider {mods folder locator at /run/media/asephs/b147e4d3-826a-5c47-9a73-5b2b9a19cd71/radium-upstream/run/mods}
[17:16:57] [main/INFO] (ModDiscoverer) Found mod file RyoamicLights-forge-0.2.3+mc1.20.1.jar of type MOD with provider {mods folder locator at /run/media/asephs/b147e4d3-826a-5c47-9a73-5b2b9a19cd71/radium-upstream/run/mods}
[17:16:57] [main/INFO] (ModDiscoverer) Found mod file sophisticatedbackpacks-1.20.1-3.24.17.1481.jar of type MOD with provider {mods folder locator at /run/media/asephs/b147e4d3-826a-5c47-9a73-5b2b9a19cd71/radium-upstream/run/mods}
[17:16:57] [main/INFO] (ModDiscoverer) Found mod file sophisticatedbackpackscreateintegration-1.20.1-0.1.5.30.jar of type MOD with provider {mods folder locator at /run/media/asephs/b147e4d3-826a-5c47-9a73-5b2b9a19cd71/radium-upstream/run/mods}
[17:16:57] [main/INFO] (ModDiscoverer) Found mod file sophisticatedcore-1.20.1-1.2.116.1346.jar of type MOD with provider {mods folder locator at /run/media/asephs/b147e4d3-826a-5c47-9a73-5b2b9a19cd71/radium-upstream/run/mods}
[17:16:57] [main/INFO] (ModDiscoverer) Found mod file sophisticatedstorage-1.20.1-1.4.18.1413.jar of type MOD with provider {mods folder locator at /run/media/asephs/b147e4d3-826a-5c47-9a73-5b2b9a19cd71/radium-upstream/run/mods}
[17:16:57] [main/INFO] (ModDiscoverer) Found mod file sophisticatedstoragecreateintegration-1.20.1-0.1.15.63.jar of type MOD with provider {mods folder locator at /run/media/asephs/b147e4d3-826a-5c47-9a73-5b2b9a19cd71/radium-upstream/run/mods}
[17:16:57] [main/INFO] (ModDiscoverer) Found mod file structurize-1.20.1-1.0.793-snapshot.jar of type MOD with provider {mods folder locator at /run/media/asephs/b147e4d3-826a-5c47-9a73-5b2b9a19cd71/radium-upstream/run/mods}
[17:16:57] [main/INFO] (ModDiscoverer) Found mod file supermartijn642configlib-1.1.8-forge-mc1.20.jar of type MOD with provider {mods folder locator at /run/media/asephs/b147e4d3-826a-5c47-9a73-5b2b9a19cd71/radium-upstream/run/mods}
[17:16:57] [main/INFO] (ModDiscoverer) Found mod file supermartijn642corelib-1.1.18-forge-mc1.20.1.jar of type MOD with provider {mods folder locator at /run/media/asephs/b147e4d3-826a-5c47-9a73-5b2b9a19cd71/radium-upstream/run/mods}
[17:16:57] [main/INFO] (ModDiscoverer) Found mod file valkyrien_logistics-1.20.1-forge-1.0.1.jar of type MOD with provider {mods folder locator at /run/media/asephs/b147e4d3-826a-5c47-9a73-5b2b9a19cd71/radium-upstream/run/mods}
[17:16:57] [main/INFO] (ModDiscoverer) Found mod file valkyrienskies-120-2.4.5.jar of type MOD with provider {mods folder locator at /run/media/asephs/b147e4d3-826a-5c47-9a73-5b2b9a19cd71/radium-upstream/run/mods}
[17:16:57] [main/WARN] (ModFileParser) Mod file /home/asephs/.gradle/caches/modules-2/files-2.1/net.minecraftforge/javafmllanguage/1.20.1-47.4.3/4080695cecae86c354232f04a2627dd7e4f1149e/javafmllanguage-1.20.1-47.4.3.jar is missing mods.toml file
[17:16:57] [main/WARN] (ModFileParser) Mod file /home/asephs/.gradle/caches/modules-2/files-2.1/net.minecraftforge/lowcodelanguage/1.20.1-47.4.3/29a0368be8b1a5ebc5c52ff7b50cddb265c31c36/lowcodelanguage-1.20.1-47.4.3.jar is missing mods.toml file
[17:16:57] [main/WARN] (ModFileParser) Mod file /home/asephs/.gradle/caches/modules-2/files-2.1/net.minecraftforge/mclanguage/1.20.1-47.4.3/aa997425f691156656d4ba3aa78a50b43d677d91/mclanguage-1.20.1-47.4.3.jar is missing mods.toml file
[17:16:57] [main/WARN] (ModFileParser) Mod file /home/asephs/.gradle/caches/modules-2/files-2.1/net.minecraftforge/fmlcore/1.20.1-47.4.3/4f943542f1f182a4e269b4f920030b50738f6b81/fmlcore-1.20.1-47.4.3.jar is missing mods.toml file
[17:16:57] [main/INFO] (ModDiscoverer) Found mod file javafmllanguage-1.20.1-47.4.3.jar of type LANGPROVIDER with provider net.minecraftforge.fml.loading.moddiscovery.MinecraftLocator@10c2064a
[17:16:57] [main/INFO] (ModDiscoverer) Found mod file lowcodelanguage-1.20.1-47.4.3.jar of type LANGPROVIDER with provider net.minecraftforge.fml.loading.moddiscovery.MinecraftLocator@10c2064a
[17:16:57] [main/INFO] (ModDiscoverer) Found mod file mclanguage-1.20.1-47.4.3.jar of type LANGPROVIDER with provider net.minecraftforge.fml.loading.moddiscovery.MinecraftLocator@10c2064a
[17:16:57] [main/INFO] (ModDiscoverer) Found mod file fmlcore-1.20.1-47.4.3.jar of type LIBRARY with provider net.minecraftforge.fml.loading.moddiscovery.MinecraftLocator@10c2064a
[17:16:57] [main/INFO] (ModDiscoverer) Found mod file forge-1.20.1-47.4.3-minecraft-merged-project-root-1.20.1-net.fabricmc.yarn.1_20_1.1.20.1+build.1-v2-forge-1.20.1-47.4.3.jar of type MOD with provider net.minecraftforge.fml.loading.moddiscovery.MinecraftLocator@10c2064a
[17:16:57] [main/INFO] (ModDiscoverer) Found mod file main of type MOD with provider net.minecraftforge.fml.loading.moddiscovery.MinecraftLocator@10c2064a
[17:16:57] [main/INFO] (ModDiscoverer) Found mod file  of type MOD with provider net.minecraftforge.fml.loading.moddiscovery.MinecraftLocator@10c2064a
[17:16:57] [main/INFO] (ModDiscoverer) Found mod file crash_assistant-forge.jar of type MOD with provider dev.kostromdan.mods.crash_assistant.core_mod.services.CrashAssistantDependencyLocator@2c768ada
[17:16:57] [main/INFO] (ModDiscoverer) Found mod file automodpack-mod.jar of type MOD with provider pl.skidam.automodpack_loader_core.LazyModLocator@5a00eb1e
[17:16:57] [main/INFO] (JarInJarDependencyLocator) Found 37 dependencies adding them to mods collection
[17:16:57] [main/INFO] (ModDiscoverer) Found mod file api-1.1.0+3d898dfd55.jar of type GAMELIBRARY with provider net.minecraftforge.fml.loading.moddiscovery.JarInJarDependencyLocator@3e5d4f6b
[17:16:57] [main/INFO] (ModDiscoverer) Found mod file classmate-1.5.1.jar of type GAMELIBRARY with provider net.minecraftforge.fml.loading.moddiscovery.JarInJarDependencyLocator@3e5d4f6b
[17:16:57] [main/INFO] (ModDiscoverer) Found mod file MixinExtras-0.5.0.jar of type GAMELIBRARY with provider net.minecraftforge.fml.loading.moddiscovery.JarInJarDependencyLocator@3e5d4f6b
[17:16:57] [main/INFO] (ModDiscoverer) Found mod file joml-primitives-1.10.0.jar of type GAMELIBRARY with provider net.minecraftforge.fml.loading.moddiscovery.JarInJarDependencyLocator@3e5d4f6b
[17:16:57] [main/INFO] (ModDiscoverer) Found mod file mixinextras-forge-0.5.0.jar of type GAMELIBRARY with provider net.minecraftforge.fml.loading.moddiscovery.JarInJarDependencyLocator@3e5d4f6b
[17:16:57] [main/INFO] (ModDiscoverer) Found mod file json-schema-validator-1.0.71.jar of type GAMELIBRARY with provider net.minecraftforge.fml.loading.moddiscovery.JarInJarDependencyLocator@3e5d4f6b
[17:16:57] [main/INFO] (ModDiscoverer) Found mod file jackson-module-parameter-names-2.14.0.jar of type GAMELIBRARY with provider net.minecraftforge.fml.loading.moddiscovery.JarInJarDependencyLocator@3e5d4f6b
[17:16:57] [main/INFO] (ModDiscoverer) Found mod file Ponder-Forge-1.20.1-1.0.91.jar of type MOD with provider net.minecraftforge.fml.loading.moddiscovery.JarInJarDependencyLocator@3e5d4f6b
[17:16:57] [main/INFO] (ModDiscoverer) Found mod file Registrate-MC1.20-1.3.3.jar of type GAMELIBRARY with provider net.minecraftforge.fml.loading.moddiscovery.JarInJarDependencyLocator@3e5d4f6b
[17:16:57] [main/INFO] (ModDiscoverer) Found mod file jackson-kotlin-dsl-1.2.0.jar of type GAMELIBRARY with provider net.minecraftforge.fml.loading.moddiscovery.JarInJarDependencyLocator@3e5d4f6b
[17:16:57] [main/INFO] (ModDiscoverer) Found mod file jackson-core-2.14.0.jar of type GAMELIBRARY with provider net.minecraftforge.fml.loading.moddiscovery.JarInJarDependencyLocator@3e5d4f6b
[17:16:57] [main/INFO] (ModDiscoverer) Found mod file zjsonpatch-0.4.11.jar of type GAMELIBRARY with provider net.minecraftforge.fml.loading.moddiscovery.JarInJarDependencyLocator@3e5d4f6b
[17:16:57] [main/INFO] (ModDiscoverer) Found mod file jackson-dataformat-cbor-2.14.0.jar of type GAMELIBRARY with provider net.minecraftforge.fml.loading.moddiscovery.JarInJarDependencyLocator@3e5d4f6b
[17:16:57] [main/INFO] (ModDiscoverer) Found mod file javax.inject-1.jar of type GAMELIBRARY with provider net.minecraftforge.fml.loading.moddiscovery.JarInJarDependencyLocator@3e5d4f6b
[17:16:57] [main/INFO] (ModDiscoverer) Found mod file jackson-annotations-2.14.0.jar of type GAMELIBRARY with provider net.minecraftforge.fml.loading.moddiscovery.JarInJarDependencyLocator@3e5d4f6b
[17:16:57] [main/INFO] (ModDiscoverer) Found mod file jackson-module-kotlin-2.14.0-rubyfork.jar of type GAMELIBRARY with provider net.minecraftforge.fml.loading.moddiscovery.JarInJarDependencyLocator@3e5d4f6b
[17:16:57] [main/INFO] (ModDiscoverer) Found mod file TRender-1.0.10-1.20.1-forge-SNAPSHOT.jar of type MOD with provider net.minecraftforge.fml.loading.moddiscovery.JarInJarDependencyLocator@3e5d4f6b
[17:16:57] [main/INFO] (ModDiscoverer) Found mod file wrench_wrapper-0.6.2.jar of type MOD with provider net.minecraftforge.fml.loading.moddiscovery.JarInJarDependencyLocator@3e5d4f6b
[17:16:57] [main/INFO] (ModDiscoverer) Found mod file kffmod-4.12.0.jar of type MOD with provider net.minecraftforge.fml.loading.moddiscovery.JarInJarDependencyLocator@3e5d4f6b
[17:16:57] [main/INFO] (ModDiscoverer) Found mod file flywheel-forge-1.20.1-1.0.5.jar of type MOD with provider net.minecraftforge.fml.loading.moddiscovery.JarInJarDependencyLocator@3e5d4f6b
[17:16:57] [main/INFO] (ModDiscoverer) Found mod file commons-collections4-4.3.jar of type GAMELIBRARY with provider net.minecraftforge.fml.loading.moddiscovery.JarInJarDependencyLocator@3e5d4f6b
[17:16:57] [main/INFO] (ModDiscoverer) Found mod file util-1.1.0+3d898dfd55.jar of type GAMELIBRARY with provider net.minecraftforge.fml.loading.moddiscovery.JarInJarDependencyLocator@3e5d4f6b
[17:16:57] [main/INFO] (ModDiscoverer) Found mod file jcpp-1.4.14.jar of type GAMELIBRARY with provider net.minecraftforge.fml.loading.moddiscovery.JarInJarDependencyLocator@3e5d4f6b
[17:16:57] [main/INFO] (ModDiscoverer) Found mod file kfflang-4.12.0.jar of type LANGPROVIDER with provider net.minecraftforge.fml.loading.moddiscovery.JarInJarDependencyLocator@3e5d4f6b
[17:16:57] [main/INFO] (ModDiscoverer) Found mod file architectury-forge-9.1.12.jar of type MOD with provider net.minecraftforge.fml.loading.moddiscovery.JarInJarDependencyLocator@3e5d4f6b
[17:16:57] [main/INFO] (ModDiscoverer) Found mod file jsonschema-module-jackson-4.25.0.jar of type GAMELIBRARY with provider net.minecraftforge.fml.loading.moddiscovery.JarInJarDependencyLocator@3e5d4f6b
[17:16:57] [main/INFO] (ModDiscoverer) Found mod file itu-1.7.0.jar of type GAMELIBRARY with provider net.minecraftforge.fml.loading.moddiscovery.JarInJarDependencyLocator@3e5d4f6b
[17:16:57] [main/INFO] (ModDiscoverer) Found mod file jackson-databind-2.14.0.jar of type GAMELIBRARY with provider net.minecraftforge.fml.loading.moddiscovery.JarInJarDependencyLocator@3e5d4f6b
[17:16:57] [main/INFO] (ModDiscoverer) Found mod file TRansition-1.0.11-1.20.1-forge-SNAPSHOT.jar of type MOD with provider net.minecraftforge.fml.loading.moddiscovery.JarInJarDependencyLocator@3e5d4f6b
[17:16:57] [main/INFO] (ModDiscoverer) Found mod file animated-gif-lib-for-java-animated-gif-lib-1.7.jar of type GAMELIBRARY with provider net.minecraftforge.fml.loading.moddiscovery.JarInJarDependencyLocator@3e5d4f6b
[17:16:57] [main/INFO] (ModDiscoverer) Found mod file kfflib-4.12.0.jar of type GAMELIBRARY with provider net.minecraftforge.fml.loading.moddiscovery.JarInJarDependencyLocator@3e5d4f6b
[17:16:57] [main/INFO] (ModDiscoverer) Found mod file jsonschema-generator-4.25.0.jar of type GAMELIBRARY with provider net.minecraftforge.fml.loading.moddiscovery.JarInJarDependencyLocator@3e5d4f6b
[17:16:57] [main/INFO] (ModDiscoverer) Found mod file cloth-config-forge-11.1.106.jar of type MOD with provider net.minecraftforge.fml.loading.moddiscovery.JarInJarDependencyLocator@3e5d4f6b
[17:16:57] [main/INFO] (ModDiscoverer) Found mod file dagger-2.43.2.jar of type GAMELIBRARY with provider net.minecraftforge.fml.loading.moddiscovery.JarInJarDependencyLocator@3e5d4f6b
[17:16:57] [main/INFO] (ModDiscoverer) Found mod file commons-math3-3.6.1.jar of type GAMELIBRARY with provider net.minecraftforge.fml.loading.moddiscovery.JarInJarDependencyLocator@3e5d4f6b
[17:16:57] [main/INFO] (ModDiscoverer) Found mod file NanoLiveConfig-1.2.1.jar of type GAMELIBRARY with provider net.minecraftforge.fml.loading.moddiscovery.JarInJarDependencyLocator@3e5d4f6b
[17:16:57] [main/INFO] (ModDiscoverer) Found mod file japng-0.5.3.jar of type GAMELIBRARY with provider net.minecraftforge.fml.loading.moddiscovery.JarInJarDependencyLocator@3e5d4f6b
[17:16:59] [main/INFO] (mixin) Compatibility level set to JAVA_17
[17:16:59] [main/ERROR] (mixin) Mixin config obsidianui.forge.mixins.json does not specify "minVersion" property
[17:16:59] [main/ERROR] (mixin) Mixin config ryoamiclights.common.mixins.json does not specify "minVersion" property
[17:16:59] [main/ERROR] (mixin) Mixin config ryoamiclights.forge.mixins.json does not specify "minVersion" property
[17:16:59] [main/INFO] (LaunchServiceHandler) Launching target 'forgeclientuserdev' with arguments [--version, MOD_DEV, --gameDir, ., --assetsDir, /home/asephs/.gradle/caches/fabric-loom/assets, --assetIndex, 1.20.1-5]
[17:16:59] [main/INFO] (unprotect) Found 7431 Minecraft classes
[Radium Debug] LithiumConfig constructor called
[Radium Debug] LithiumConfig.createConfig called
[17:16:59] [main/INFO] (Radium Config) Loaded configuration file for Radium: 125 options available, 0 override(s) found
[17:16:59] [main/INFO] (mixin) Remapping refMap ObsidianUI-forge-forge-refmap.json using RemapperChain (Architectury Patched)
[17:16:59] [main/INFO] (mixin) Remapping refMap sophisticatedcore.refmap.json using RemapperChain (Architectury Patched)
[17:16:59] [main/INFO] (mixin) Remapping refMap createdieselgenerators.refmap.json using RemapperChain (Architectury Patched)
[17:16:59] [main/INFO] (fpsreducer) OptiFine was NOT detected.
[17:16:59] [main/INFO] (fpsreducer) OptiFabric was NOT detected.
[17:16:59] [main/INFO] (mixin) Remapping refMap fpsreducer.refmap.json using RemapperChain (Architectury Patched)
[17:16:59] [main/INFO] (mixin) Remapping refMap createbetterfps.refmap.json using RemapperChain (Architectury Patched)
[17:16:59] [main/INFO] (mixin) Remapping refMap melody.refmap.json using RemapperChain (Architectury Patched)
[17:16:59] [main/INFO] (mixin) Remapping refMap melody.refmap.json using RemapperChain (Architectury Patched)
[17:16:59] [main/INFO] (mixin) Remapping refMap chat_heads-common-refmap.json using RemapperChain (Architectury Patched)
[17:16:59] [main/INFO] (mixin) Remapping refMap chat_heads-forge-refmap.json using RemapperChain (Architectury Patched)
[17:16:59] [main/INFO] (mixin) Remapping refMap CrashAssistant-common-1.19-1.21.4-common-refmap.json using RemapperChain (Architectury Patched)
[17:16:59] [main/INFO] (mixin) Remapping refMap CrashAssistant-forge-1.19-1.21.4-forge-refmap.json using RemapperChain (Architectury Patched)
[17:16:59] [main/INFO] (mixin) Remapping refMap ok_zoomer_forge.mixins.refmap.json using RemapperChain (Architectury Patched)
[17:16:59] [main/INFO] (mixin) Remapping refMap konkrete.mixin-refmap.json using RemapperChain (Architectury Patched)
[17:16:59] [main/INFO] (Embeddium) Loaded configuration file for Embeddium: 125 options available, 3 override(s) found
[17:16:59] [main/INFO] (Embeddium-GraphicsAdapterProbe) Searching for graphics cards...
[17:16:59] [main/INFO] (Embeddium-GraphicsAdapterProbe) Found graphics card: GraphicsAdapterInfo[vendor=NVIDIA, name=AD107M [GeForce RTX 4050 Max-Q / Mobile], version=590.48.01]
[17:16:59] [main/WARN] (Embeddium-Workarounds) Embeddium has applied one or more workarounds to prevent crashes or other issues on your system: [NVIDIA_THREADED_OPTIMIZATIONS, NO_ERROR_CONTEXT_UNSUPPORTED]
[17:16:59] [main/WARN] (Embeddium-Workarounds) This is not necessarily an issue, but it may result in certain features or optimizations being disabled. You can sometimes fix these issues by upgrading your graphics driver.
[17:16:59] [main/INFO] (mixin) Remapping refMap embeddium-refmap.json using RemapperChain (Architectury Patched)
[17:16:59] [main/INFO] (mixin) Remapping refMap create_connected.refmap.json using RemapperChain (Architectury Patched)
[17:16:59] [main/INFO] (mixin) Remapping refMap entity_model_features-3.0.10-1.20.1-forge-1.20.1-forge-refmap.json using RemapperChain (Architectury Patched)
[17:16:59] [main/INFO] (mixin) Remapping refMap entity_texture_features-7.0.8-1.20.1-forge-1.20.1-forge-refmap.json using RemapperChain (Architectury Patched)
[17:16:59] [main/INFO] (mixin) Remapping refMap ambientsounds.mixins.refmap.json using RemapperChain (Architectury Patched)
[17:16:59] [main/INFO] (mixin) Remapping refMap supermartijn642corelib.mixins.refmap.json using RemapperChain (Architectury Patched)
[17:16:59] [main/INFO] (mixin) Remapping refMap automodpack-main.mixins.refmap.json using RemapperChain (Architectury Patched)
[17:16:59] [main/INFO] (mixin) Remapping refMap oculus-mixins-refmap.json using RemapperChain (Architectury Patched)
[17:16:59] [main/INFO] (mixin) Remapping refMap oculus-mixins-refmap.json using RemapperChain (Architectury Patched)
[17:16:59] [main/INFO] (mixin) Remapping refMap oculus-mixins-refmap.json using RemapperChain (Architectury Patched)
[17:16:59] [main/INFO] (mixin) Remapping refMap oculus-mixins-refmap.json using RemapperChain (Architectury Patched)
[17:16:59] [main/INFO] (mixin) Remapping refMap oculus-mixins-refmap.json using RemapperChain (Architectury Patched)
[17:16:59] [main/INFO] (mixin) Remapping refMap oculus-mixins-refmap.json using RemapperChain (Architectury Patched)
[17:16:59] [main/INFO] (mixin) Remapping refMap sodiumCompatibility-oculus-mixins-refmap.json using RemapperChain (Architectury Patched)
[17:16:59] [main/INFO] (mixin) Remapping refMap oculus-mixins-refmap.json using RemapperChain (Architectury Patched)
[17:16:59] [main/INFO] (mixin) Remapping refMap oculus-mixins-refmap.json using RemapperChain (Architectury Patched)
[17:16:59] [main/INFO] (mixin) Remapping refMap oculus-mixins-refmap.json using RemapperChain (Architectury Patched)
[17:16:59] [main/INFO] (mixin) Remapping refMap oculus-mixins-refmap.json using RemapperChain (Architectury Patched)
[17:16:59] [main/INFO] (mixin) Remapping refMap create_hypertube.refmap.json using RemapperChain (Architectury Patched)
[17:16:59] [main/INFO] (mixin) Remapping refMap create_hypertube.refmap.json using RemapperChain (Architectury Patched)
[17:16:59] [main/INFO] (mixin) Remapping refMap architectury-forge-refmap.json using RemapperChain (Architectury Patched)
[17:16:59] [main/INFO] (mixin) Remapping refMap architectury-common-refmap.json using RemapperChain (Architectury Patched)
[17:16:59] [main/INFO] (mixin) Remapping refMap transition.refmap.mixins.json using RemapperChain (Architectury Patched)
[17:16:59] [main/WARN] (mixin) Reference map 'createcobblestone-common-refmap.json' for createcobblestone-common.mixins.json could not be read. If this is a development environment you can ignore this message
[17:16:59] [main/INFO] (mixin) Remapping refMap createcobblestone-forge-refmap.json using RemapperChain (Architectury Patched)
[17:16:59] [main/INFO] (mixin) Remapping refMap trender.refmap.mixins.json using RemapperChain (Architectury Patched)
[17:16:59] [main/INFO] (mixin) Remapping refMap journeymap-refmap.json using RemapperChain (Architectury Patched)
[17:16:59] [main/INFO] (mixin) Remapping refMap fusion.mixins.refmap.json using RemapperChain (Architectury Patched)
[17:16:59] [main/INFO] (mixin) Remapping refMap crafttweaker.refmap.json using RemapperChain (Architectury Patched)
[17:16:59] [main/INFO] (mixin) Remapping refMap crafttweaker.refmap.json using RemapperChain (Architectury Patched)
[17:16:59] [main/WARN] (mixin) Reference map 'createschematicchecker.refmap.json' for createschematicchecker.mixins.json could not be read. If this is a development environment you can ignore this message
[17:16:59] [main/INFO] (mixin) Remapping refMap drippyloadingscreen.refmap.json using RemapperChain (Architectury Patched)
[17:16:59] [main/INFO] (mixin) Remapping refMap drippyloadingscreen.refmap.json using RemapperChain (Architectury Patched)
[17:16:59] [main/INFO] (mixin) Remapping refMap mousetweaks.mixins.refmap.json using RemapperChain (Architectury Patched)
[17:16:59] [main/INFO] (mixin) Remapping refMap creativecore.mixins.refmap.json using RemapperChain (Architectury Patched)
[17:16:59] [main/INFO] (mixin) Remapping refMap creativecore.mixins.refmap.json using RemapperChain (Architectury Patched)
[17:16:59] [main/INFO] (mixin) Remapping refMap createtweaker.refmap.json using RemapperChain (Architectury Patched)
[17:16:59] [main/INFO] (mixin) Remapping refMap createtweaker.refmap.json using RemapperChain (Architectury Patched)
[17:16:59] [main/INFO] (mixin) Remapping refMap notenoughanimations.refmap.mixins.json using RemapperChain (Architectury Patched)
[17:16:59] [main/INFO] (mixin) Remapping refMap citresewn.refmap.json using RemapperChain (Architectury Patched)
[17:16:59] [main/INFO] (mixin) Remapping refMap backend-flywheel.refmap.json using RemapperChain (Architectury Patched)
[17:16:59] [main/INFO] (mixin) Remapping refMap flywheel.refmap.json using RemapperChain (Architectury Patched)
[17:16:59] [main/INFO] (mixin) Remapping refMap ponder.refmap.json using RemapperChain (Architectury Patched)
[17:16:59] [main/INFO] (mixin) Remapping refMap ponder.refmap.json using RemapperChain (Architectury Patched)
[17:16:59] [main/INFO] (mixin) Remapping refMap create.refmap.json using RemapperChain (Architectury Patched)
[17:16:59] [main/INFO] (mixin) Remapping refMap createdeco-common-refmap.json using RemapperChain (Architectury Patched)
[17:16:59] [main/INFO] (mixin) Remapping refMap createqol.refmap.json using RemapperChain (Architectury Patched)
[17:16:59] [main/INFO] (mixin) Remapping refMap extra_gauges.refmap.json using RemapperChain (Architectury Patched)
[17:16:59] [main/INFO] (mixin) Remapping refMap mixins.create_sa.refmap.json using RemapperChain (Architectury Patched)
[17:16:59] [main/INFO] (mixin) Remapping refMap freecam.refmap.json using RemapperChain (Architectury Patched)
[17:16:59] [main/INFO] (mixin) Remapping refMap fancymenu.refmap.json using RemapperChain (Architectury Patched)
[17:16:59] [main/INFO] (mixin) Remapping refMap fancymenu.refmap.json using RemapperChain (Architectury Patched)
[17:16:59] [main/INFO] (mixin) Remapping refMap create_vibrant_vaults.mixins.refmap.json using RemapperChain (Architectury Patched)
[17:16:59] [main/INFO] (Embeddium Extra) Loaded configuration file for Sodium Extra: 35 options available, 0 override(s) found
[17:16:59] [main/INFO] (mixin) Remapping refMap rubidium-extra-refmap.json using RemapperChain (Architectury Patched)
[17:16:59] [main/INFO] (mixin) Remapping refMap RyoamicLights-common-refmap.json using RemapperChain (Architectury Patched)
[17:16:59] [main/INFO] (mixin) Remapping refMap RyoamicLights-forge-forge-refmap.json using RemapperChain (Architectury Patched)
[17:16:59] [main/INFO] (mixin) Remapping refMap valkyrienskies-120-common-refmap.json using RemapperChain (Architectury Patched)
six-seven:
true
[17:16:59] [main/INFO] (mixin) Remapping refMap valkyrienskies-refmap.json using RemapperChain (Architectury Patched)
[17:16:59] [main/WARN] (mixin) Reference map 'valkyrien_logistics-forge-refmap.json' for valkyrien_logistics.mixins.json could not be read. If this is a development environment you can ignore this message
[17:16:59] [main/INFO] (mixin) Remapping refMap valkyrien_logistics-common-refmap.json using RemapperChain (Architectury Patched)
[17:16:59] [main/INFO] (mixin) Remapping refMap create_enchantment_industry.refmap.json using RemapperChain (Architectury Patched)
[17:17:00] [main/WARN] (mixin) Error loading class: net/minecraft/client/Minecraft (java.lang.ClassNotFoundException: net.minecraft.client.Minecraft)
[17:17:00] [main/WARN] (mixin) @Mixin target net.minecraft.client.Minecraft was not found obsidianui.forge.mixins.json:MinecraftClientMixin
[17:17:00] [main/INFO] (fpsreducer) bre2el.fpsreducer.mixin.RenderSystemMixin will be applied.
[17:17:00] [main/INFO] (fpsreducer) bre2el.fpsreducer.mixin.WindowMixin will NOT be applied because OptiFine was NOT detected.
[17:17:00] [main/WARN] (mixin) Error loading class: net/minecraft/client/sounds/SoundEngine (java.lang.ClassNotFoundException: net.minecraft.client.sounds.SoundEngine)
[17:17:00] [main/WARN] (mixin) @Mixin target net.minecraft.client.sounds.SoundEngine was not found melody.mixins.json:client.IMixinSoundEngine
[17:17:00] [main/WARN] (mixin) Error loading class: net/minecraft/client/sounds/SoundManager (java.lang.ClassNotFoundException: net.minecraft.client.sounds.SoundManager)
[17:17:00] [main/WARN] (mixin) @Mixin target net.minecraft.client.sounds.SoundManager was not found melody.mixins.json:client.IMixinSoundManager
[17:17:00] [main/WARN] (mixin) Error loading class: net/minecraft/client/sounds/SoundEngine (java.lang.ClassNotFoundException: net.minecraft.client.sounds.SoundEngine)
[17:17:00] [main/WARN] (mixin) @Mixin target net.minecraft.client.sounds.SoundEngine was not found melody.mixins.json:client.MixinSoundEngine
[17:17:00] [main/WARN] (mixin) Error loading class: net/minecraft/client/gui/components/ChatComponent (java.lang.ClassNotFoundException: net.minecraft.client.gui.components.ChatComponent)
[17:17:00] [main/WARN] (mixin) @Mixin target net.minecraft.client.gui.components.ChatComponent was not found chat_heads.mixins.json:ChatComponentMixin
[17:17:00] [main/WARN] (mixin) Error loading class: net/minecraft/client/gui/components/ChatComponent (java.lang.ClassNotFoundException: net.minecraft.client.gui.components.ChatComponent)
[17:17:00] [main/WARN] (mixin) @Mixin target net.minecraft.client.gui.components.ChatComponent was not found chat_heads.mixins.json:ChatComponentMixin2
[17:17:00] [main/WARN] (mixin) Error loading class: net/minecraft/client/multiplayer/chat/ChatListener (java.lang.ClassNotFoundException: net.minecraft.client.multiplayer.chat.ChatListener)
[17:17:00] [main/WARN] (mixin) @Mixin target net.minecraft.client.multiplayer.chat.ChatListener was not found chat_heads.mixins.json:ChatListenerMixin
[17:17:00] [main/WARN] (mixin) Error loading class: net/minecraft/client/multiplayer/ClientPacketListener (java.lang.ClassNotFoundException: net.minecraft.client.multiplayer.ClientPacketListener)
[17:17:00] [main/WARN] (mixin) @Mixin target net.minecraft.client.multiplayer.ClientPacketListener was not found chat_heads.mixins.json:ClientPacketListenerMixin
[17:17:00] [main/WARN] (mixin) Error loading class: net/minecraft/client/gui/components/CommandSuggestions$SuggestionsList (java.lang.ClassNotFoundException: net.minecraft.client.gui.components.CommandSuggestions$SuggestionsList)
[17:17:00] [main/WARN] (mixin) @Mixin target net.minecraft.client.gui.components.CommandSuggestions$SuggestionsList was not found chat_heads.mixins.json:CommandSuggestionSuggestionsListMixin
[17:17:00] [main/WARN] (mixin) Error loading class: net/minecraft/network/Connection (java.lang.ClassNotFoundException: net.minecraft.network.Connection)
[17:17:00] [main/WARN] (mixin) @Mixin target net.minecraft.network.Connection was not found chat_heads.mixins.json:ConnectionMixin
[17:17:00] [main/WARN] (mixin) Error loading class: net/minecraft/client/resources/DownloadedPackSource (java.lang.ClassNotFoundException: net.minecraft.client.resources.DownloadedPackSource)
[17:17:00] [main/WARN] (mixin) @Mixin target net.minecraft.client.resources.DownloadedPackSource was not found chat_heads.mixins.json:DownloadedPackSourceMixin
[17:17:00] [main/WARN] (mixin) Error loading class: net/minecraft/client/gui/Font$StringRenderOutput (java.lang.ClassNotFoundException: net.minecraft.client.gui.Font$StringRenderOutput)
[17:17:00] [main/WARN] (mixin) @Mixin target net.minecraft.client.gui.Font$StringRenderOutput was not found chat_heads.mixins.json:FontStringRenderOutputMixin
[17:17:00] [main/WARN] (mixin) Error loading class: net/minecraft/client/GuiMessage$Line (java.lang.ClassNotFoundException: net.minecraft.client.GuiMessage$Line)
[17:17:00] [main/WARN] (mixin) @Mixin target net.minecraft.client.GuiMessage$Line was not found chat_heads.mixins.json:GuiMessageLineMixin
[17:17:00] [main/WARN] (mixin) Error loading class: net/minecraft/client/GuiMessage (java.lang.ClassNotFoundException: net.minecraft.client.GuiMessage)
[17:17:00] [main/WARN] (mixin) @Mixin target net.minecraft.client.GuiMessage was not found chat_heads.mixins.json:GuiMessageMixin
[17:17:00] [main/WARN] (mixin) Error loading class: net/minecraft/client/renderer/texture/HttpTexture (java.lang.ClassNotFoundException: net.minecraft.client.renderer.texture.HttpTexture)
[17:17:00] [main/WARN] (mixin) @Mixin target net.minecraft.client.renderer.texture.HttpTexture was not found chat_heads.mixins.json:HttpTextureMixin
[17:17:00] [main/WARN] (mixin) Error loading class: net/minecraft/network/chat/PlayerChatMessage (java.lang.ClassNotFoundException: net.minecraft.network.chat.PlayerChatMessage)
[17:17:00] [main/WARN] (mixin) @Mixin target net.minecraft.network.chat.PlayerChatMessage was not found chat_heads.mixins.json:PlayerChatMessageMixin
[17:17:00] [main/WARN] (mixin) Error loading class: net/minecraft/client/resources/SkinManager (java.lang.ClassNotFoundException: net.minecraft.client.resources.SkinManager)
[17:17:00] [main/WARN] (mixin) @Mixin target net.minecraft.client.resources.SkinManager was not found chat_heads.mixins.json:SkinManagerMixin
[17:17:00] [main/WARN] (mixin) Error loading class: net/minecraft/client/multiplayer/chat/ChatListener (java.lang.ClassNotFoundException: net.minecraft.client.multiplayer.chat.ChatListener)
[17:17:00] [main/WARN] (mixin) @Mixin target net.minecraft.client.multiplayer.chat.ChatListener was not found chat_heads.forge.mixins.json:ChatListenerMixin
[17:17:00] [main/WARN] (mixin) Error loading class: com/ultramega/showcaseitem/ShowcaseItemFeature (java.lang.ClassNotFoundException: com.ultramega.showcaseitem.ShowcaseItemFeature)
[17:17:00] [main/WARN] (mixin) Error loading class: net/minecraft/client/Minecraft (java.lang.ClassNotFoundException: net.minecraft.client.Minecraft)
[17:17:00] [main/WARN] (mixin) @Mixin target net.minecraft.client.Minecraft was not found crash_assistant.mixins.json:MinecraftMixin
[17:17:00] [main/WARN] (mixin) Error loading class: net/minecraft/client/gui/screens/TitleScreen (java.lang.ClassNotFoundException: net.minecraft.client.gui.screens.TitleScreen)
[17:17:00] [main/WARN] (mixin) @Mixin target net.minecraft.client.gui.screens.TitleScreen was not found crash_assistant.mixins.json:TitleScreenMixin
[17:17:00] [main/WARN] (mixin) Error loading class: net/minecraft/world/entity/Entity (java.lang.ClassNotFoundException: net.minecraft.world.entity.Entity)
[17:17:00] [main/WARN] (mixin) @Mixin target net.minecraft.world.entity.Entity was not found ok_zoomer_forge.mixins.json:common.EntityMixin
[17:17:00] [main/WARN] (mixin) Error loading class: net/minecraft/client/player/AbstractClientPlayer (java.lang.ClassNotFoundException: net.minecraft.client.player.AbstractClientPlayer)
[17:17:00] [main/WARN] (mixin) @Mixin target net.minecraft.client.player.AbstractClientPlayer was not found ok_zoomer_forge.mixins.json:common.AbstractClientPlayerMixin
[17:17:00] [main/WARN] (mixin) Error loading class: net/minecraft/client/gui/components/EditBox (java.lang.ClassNotFoundException: net.minecraft.client.gui.components.EditBox)
[17:17:00] [main/WARN] (mixin) @Mixin target net.minecraft.client.gui.components.EditBox was not found ok_zoomer_forge.mixins.json:common.EditBoxAccessor
[17:17:00] [main/WARN] (mixin) Error loading class: net/minecraft/client/gui/components/EditBox (java.lang.ClassNotFoundException: net.minecraft.client.gui.components.EditBox)
[17:17:00] [main/WARN] (mixin) @Mixin target net.minecraft.client.gui.components.EditBox was not found ok_zoomer_forge.mixins.json:common.EditBoxMixin
[17:17:00] [main/WARN] (mixin) Error loading class: net/minecraft/client/renderer/GameRenderer (java.lang.ClassNotFoundException: net.minecraft.client.renderer.GameRenderer)
[17:17:00] [main/WARN] (mixin) @Mixin target net.minecraft.client.renderer.GameRenderer was not found ok_zoomer_forge.mixins.json:common.GameRendererMixin
[17:17:00] [main/WARN] (mixin) Error loading class: net/minecraft/client/server/IntegratedServer (java.lang.ClassNotFoundException: net.minecraft.client.server.IntegratedServer)
[17:17:00] [main/WARN] (mixin) @Mixin target net.minecraft.client.server.IntegratedServer was not found ok_zoomer_forge.mixins.json:common.IntegratedServerMixin
[17:17:00] [main/WARN] (mixin) Error loading class: net/minecraft/client/MouseHandler (java.lang.ClassNotFoundException: net.minecraft.client.MouseHandler)
[17:17:00] [main/WARN] (mixin) @Mixin target net.minecraft.client.MouseHandler was not found ok_zoomer_forge.mixins.json:common.MouseHandlerMixin
[17:17:00] [main/WARN] (mixin) Error loading class: net/minecraft/client/renderer/blockentity/BlockEntityRenderer (java.lang.ClassNotFoundException: net.minecraft.client.renderer.blockentity.BlockEntityRenderer)
[17:17:00] [main/WARN] (mixin) @Mixin target net.minecraft.client.renderer.blockentity.BlockEntityRenderer was not found ok_zoomer_forge.mixins.json:forge.BlockEntityRendererMixin
[17:17:00] [main/WARN] (mixin) Error loading class: net/minecraft/client/renderer/GameRenderer (java.lang.ClassNotFoundException: net.minecraft.client.renderer.GameRenderer)
[17:17:00] [main/WARN] (mixin) @Mixin target net.minecraft.client.renderer.GameRenderer was not found ok_zoomer_forge.mixins.json:forge.GameRendererMixin
[17:17:00] [main/WARN] (mixin) Error loading class: net/minecraft/client/MouseHandler (java.lang.ClassNotFoundException: net.minecraft.client.MouseHandler)
[17:17:00] [main/WARN] (mixin) @Mixin target net.minecraft.client.MouseHandler was not found ok_zoomer_forge.mixins.json:forge.MouseHandlerMixin
[17:17:00] [main/WARN] (mixin) Error loading class: net/minecraft/client/gui/components/EditBox (java.lang.ClassNotFoundException: net.minecraft.client.gui.components.EditBox)
[17:17:00] [main/WARN] (mixin) @Mixin target net.minecraft.client.gui.components.EditBox was not found konkrete.mixin.json:IMixinEditBox
[17:17:00] [main/WARN] (mixin) Error loading class: net/minecraft/client/gui/screens/Screen (java.lang.ClassNotFoundException: net.minecraft.client.gui.screens.Screen)
[17:17:00] [main/WARN] (mixin) @Mixin target net.minecraft.client.gui.screens.Screen was not found konkrete.mixin.json:IMixinScreen
[17:17:00] [main/WARN] (mixin) Error loading class: net/minecraft/client/KeyboardHandler (java.lang.ClassNotFoundException: net.minecraft.client.KeyboardHandler)
[17:17:00] [main/WARN] (mixin) @Mixin target net.minecraft.client.KeyboardHandler was not found konkrete.mixin.json:MixinKeyboardHandler
[17:17:00] [main/WARN] (mixin) Error loading class: net/minecraft/client/Minecraft (java.lang.ClassNotFoundException: net.minecraft.client.Minecraft)
[17:17:00] [main/WARN] (mixin) @Mixin target net.minecraft.client.Minecraft was not found konkrete.mixin.json:MixinMinecraft
[17:17:00] [main/WARN] (mixin) Error loading class: net/minecraft/client/MouseHandler (java.lang.ClassNotFoundException: net.minecraft.client.MouseHandler)
[17:17:00] [main/WARN] (mixin) @Mixin target net.minecraft.client.MouseHandler was not found konkrete.mixin.json:MixinMouseHandler
[17:17:00] [main/WARN] (mixin) Error loading class: com/copycatsplus/copycats/content/copycat/slab/CopycatSlabBlock (java.lang.ClassNotFoundException: com.copycatsplus.copycats.content.copycat.slab.CopycatSlabBlock)
[17:17:00] [main/WARN] (mixin) @Mixin target com.copycatsplus.copycats.content.copycat.slab.CopycatSlabBlock was not found create_connected.mixins.json:compat.CopycatBlockMixin
[17:17:00] [main/WARN] (mixin) Error loading class: com/copycatsplus/copycats/content/copycat/board/CopycatBoardBlock (java.lang.ClassNotFoundException: com.copycatsplus.copycats.content.copycat.board.CopycatBoardBlock)
[17:17:00] [main/WARN] (mixin) @Mixin target com.copycatsplus.copycats.content.copycat.board.CopycatBoardBlock was not found create_connected.mixins.json:compat.CopycatBlockMixin
[17:17:00] [main/WARN] (mixin) Error loading class: net/minecraft/world/inventory/AbstractContainerMenu (java.lang.ClassNotFoundException: net.minecraft.world.inventory.AbstractContainerMenu)
[17:17:00] [main/WARN] (mixin) @Mixin target net.minecraft.world.inventory.AbstractContainerMenu was not found create_connected.mixins.json:contraption.AbstractContainerMenuMixin
[17:17:00] [main/WARN] (mixin) Error loading class: net/minecraft/world/inventory/ContainerLevelAccess (java.lang.ClassNotFoundException: net.minecraft.world.inventory.ContainerLevelAccess)
[17:17:00] [main/WARN] (mixin) @Mixin target net.minecraft.world.inventory.ContainerLevelAccess was not found create_connected.mixins.json:contraption.ContainerLevelAccessMixin
[17:17:00] [main/WARN] (mixin) Error loading class: net/minecraft/world/inventory/ItemCombinerMenu (java.lang.ClassNotFoundException: net.minecraft.world.inventory.ItemCombinerMenu)
[17:17:00] [main/WARN] (mixin) @Mixin target net.minecraft.world.inventory.ItemCombinerMenu was not found create_connected.mixins.json:contraption.ItemCombinerMenuMixin
[17:17:00] [main/WARN] (mixin) Error loading class: net/minecraft/world/level/block/FenceBlock (java.lang.ClassNotFoundException: net.minecraft.world.level.block.FenceBlock)
[17:17:00] [main/WARN] (mixin) @Mixin target net.minecraft.world.level.block.FenceBlock was not found create_connected.mixins.json:copycat.fence.COMPATFenceBlockMixin
[17:17:00] [main/WARN] (mixin) Error loading class: net/minecraft/world/level/block/FenceBlock (java.lang.ClassNotFoundException: net.minecraft.world.level.block.FenceBlock)
[17:17:00] [main/WARN] (mixin) @Mixin target net.minecraft.world.level.block.FenceBlock was not found create_connected.mixins.json:copycat.fence.FenceBlockMixin
[17:17:00] [main/WARN] (mixin) Error loading class: net/minecraft/world/level/block/DirtPathBlock (java.lang.ClassNotFoundException: net.minecraft.world.level.block.DirtPathBlock)
[17:17:00] [main/WARN] (mixin) @Mixin target net.minecraft.world.level.block.DirtPathBlock was not found create_connected.mixins.json:copycat.fencegate.BlockCanSurviveMixin
[17:17:00] [main/WARN] (mixin) Error loading class: net/minecraft/world/level/block/FarmBlock (java.lang.ClassNotFoundException: net.minecraft.world.level.block.FarmBlock)
[17:17:00] [main/WARN] (mixin) @Mixin target net.minecraft.world.level.block.FarmBlock was not found create_connected.mixins.json:copycat.fencegate.BlockCanSurviveMixin
[17:17:00] [main/WARN] (mixin) Error loading class: me/jellysquid/mods/lithium/common/ai/pathing/PathNodeDefaults (java.lang.ClassNotFoundException: me.jellysquid.mods.lithium.common.ai.pathing.PathNodeDefaults)
[17:17:00] [main/WARN] (mixin) Error loading class: net/minecraft/world/level/pathfinder/WalkNodeEvaluator (java.lang.ClassNotFoundException: net.minecraft.world.level.pathfinder.WalkNodeEvaluator)
[17:17:00] [main/WARN] (mixin) @Mixin target net.minecraft.world.level.pathfinder.WalkNodeEvaluator was not found create_connected.mixins.json:copycat.fencegate.WalkNodeEvaluatorMixin
[17:17:00] [main/ERROR] (CoreModBaseTransformer) Error occurred applying transform of coremod coremods/field_to_method.js function stairsblock
java.lang.IllegalStateException: No field with name baseBlock found
	at net.minecraftforge.coremod.api.ASMAPI.redirectFieldToMethod(ASMAPI.java:1066) ~[coremods-5.2.4.jar:?]
	at org.openjdk.nashorn.internal.scripts.Script$Recompilation$14$2336A$\^eval\_.initializeCoreMod#transformer-5(<eval>:62) ~[?:?]
	at org.openjdk.nashorn.internal.runtime.ScriptFunctionData.invoke(ScriptFunctionData.java:648) ~[nashorn-core-15.4.jar:?]
	at org.openjdk.nashorn.internal.runtime.ScriptFunction.invoke(ScriptFunction.java:513) ~[nashorn-core-15.4.jar:?]
	at org.openjdk.nashorn.internal.runtime.ScriptRuntime.apply(ScriptRuntime.java:520) ~[nashorn-core-15.4.jar:?]
	at org.openjdk.nashorn.api.scripting.ScriptObjectMirror.call(ScriptObjectMirror.java:111) ~[nashorn-core-15.4.jar:?]
	at net.minecraftforge.coremod.NashornFactory.lambda$getFunction$0(NashornFactory.java:37) ~[coremods-5.2.4.jar:5.2.4]
	at net.minecraftforge.coremod.transformer.CoreModClassTransformer.runCoremod(CoreModClassTransformer.java:22) ~[coremods-5.2.4.jar:?]
	at net.minecraftforge.coremod.transformer.CoreModClassTransformer.runCoremod(CoreModClassTransformer.java:14) ~[coremods-5.2.4.jar:?]
	at net.minecraftforge.coremod.transformer.CoreModBaseTransformer.transform(CoreModBaseTransformer.java:60) ~[coremods-5.2.4.jar:?]
	at cpw.mods.modlauncher.TransformerHolder.transform(TransformerHolder.java:41) ~[modlauncher-10.0.9.jar:?]
	at cpw.mods.modlauncher.ClassTransformer.performVote(ClassTransformer.java:179) ~[modlauncher-10.0.9.jar:?]
	at cpw.mods.modlauncher.ClassTransformer.transform(ClassTransformer.java:117) ~[modlauncher-10.0.9.jar:?]
	at cpw.mods.modlauncher.TransformingClassLoader.maybeTransformClassBytes(TransformingClassLoader.java:50) ~[modlauncher-10.0.9.jar:?]
	at cpw.mods.cl.ModuleClassLoader.getMaybeTransformedClassBytes(ModuleClassLoader.java:250) ~[securejarhandler-2.1.10.jar:?]
	at cpw.mods.modlauncher.TransformingClassLoader.buildTransformedClassNodeFor(TransformingClassLoader.java:58) ~[modlauncher-10.0.9.jar:?]
	at cpw.mods.modlauncher.LaunchPluginHandler.lambda$announceLaunch$10(LaunchPluginHandler.java:100) ~[modlauncher-10.0.9.jar:?]
	at org.spongepowered.asm.launch.MixinLaunchPluginLegacy.getClassNode(MixinLaunchPluginLegacy.java:222) ~[mixin-patched-0.8.5.12.jar:?]
	at org.spongepowered.asm.launch.MixinLaunchPluginLegacy.getClassNode(MixinLaunchPluginLegacy.java:207) ~[mixin-patched-0.8.5.12.jar:?]
	at org.spongepowered.asm.mixin.transformer.ClassInfo.forName(ClassInfo.java:2005) ~[mixin-patched-0.8.5.12.jar:?]
	at org.spongepowered.asm.mixin.transformer.MixinInfo.getTargetClass(MixinInfo.java:1017) ~[mixin-patched-0.8.5.12.jar:?]
	at org.spongepowered.asm.mixin.transformer.MixinInfo.readTargetClasses(MixinInfo.java:1007) ~[mixin-patched-0.8.5.12.jar:?]
	at org.spongepowered.asm.mixin.transformer.MixinInfo.parseTargets(MixinInfo.java:895) ~[mixin-patched-0.8.5.12.jar:?]
	at org.spongepowered.asm.mixin.transformer.MixinConfig.prepareMixins(MixinConfig.java:867) ~[mixin-patched-0.8.5.12.jar:?]
	at org.spongepowered.asm.mixin.transformer.MixinConfig.prepare(MixinConfig.java:775) ~[mixin-patched-0.8.5.12.jar:?]
	at org.spongepowered.asm.mixin.transformer.MixinProcessor.prepareConfigs(MixinProcessor.java:539) ~[mixin-patched-0.8.5.12.jar:?]
	at org.spongepowered.asm.mixin.transformer.MixinProcessor.select(MixinProcessor.java:462) ~[mixin-patched-0.8.5.12.jar:?]
	at org.spongepowered.asm.mixin.transformer.MixinProcessor.checkSelect(MixinProcessor.java:438) ~[mixin-patched-0.8.5.12.jar:?]
	at org.spongepowered.asm.mixin.transformer.MixinProcessor.applyMixins(MixinProcessor.java:290) ~[mixin-patched-0.8.5.12.jar:?]
	at org.spongepowered.asm.mixin.transformer.MixinTransformer.transformClass(MixinTransformer.java:250) ~[mixin-patched-0.8.5.12.jar:?]
	at org.spongepowered.asm.service.modlauncher.MixinTransformationHandler.processClass(MixinTransformationHandler.java:131) ~[mixin-patched-0.8.5.12.jar:?]
	at org.spongepowered.asm.launch.MixinLaunchPluginLegacy.processClass(MixinLaunchPluginLegacy.java:131) ~[mixin-patched-0.8.5.12.jar:?]
	at cpw.mods.modlauncher.serviceapi.ILaunchPluginService.processClassWithFlags(ILaunchPluginService.java:156) ~[modlauncher-10.0.9.jar:10.0.9+10.0.9+main.dcd20f30]
	at cpw.mods.modlauncher.LaunchPluginHandler.offerClassNodeToPlugins(LaunchPluginHandler.java:88) ~[modlauncher-10.0.9.jar:?]
	at cpw.mods.modlauncher.ClassTransformer.transform(ClassTransformer.java:120) ~[modlauncher-10.0.9.jar:?]
	at cpw.mods.modlauncher.TransformingClassLoader.maybeTransformClassBytes(TransformingClassLoader.java:50) ~[modlauncher-10.0.9.jar:?]
	at cpw.mods.cl.ModuleClassLoader.readerToClass(ModuleClassLoader.java:113) ~[securejarhandler-2.1.10.jar:?]
	at cpw.mods.cl.ModuleClassLoader.lambda$findClass$15(ModuleClassLoader.java:219) ~[securejarhandler-2.1.10.jar:?]
	at cpw.mods.cl.ModuleClassLoader.loadFromModule(ModuleClassLoader.java:229) ~[securejarhandler-2.1.10.jar:?]
	at cpw.mods.cl.ModuleClassLoader.findClass(ModuleClassLoader.java:219) ~[securejarhandler-2.1.10.jar:?]
	at java.lang.ClassLoader.loadClass(ClassLoader.java:637) ~[?:?]
	at java.lang.Class.forName(Class.java:547) ~[?:?]
	at net.minecraftforge.fml.earlydisplay.DisplayWindow.lambda$updateModuleReads$13(DisplayWindow.java:615) ~[fmlearlydisplay-1.20.1-47.4.3.jar%2390!/:1.0]
	at java.util.Optional.map(Optional.java:260) ~[?:?]
	at net.minecraftforge.fml.earlydisplay.DisplayWindow.updateModuleReads(DisplayWindow.java:615) ~[fmlearlydisplay-1.20.1-47.4.3.jar%2390!/:1.0]
	at net.minecraftforge.fml.loading.ImmediateWindowHandler.acceptGameLayer(ImmediateWindowHandler.java:71) ~[fmlloader-1.20.1-47.4.3.jar%2391!/:1.0]
	at net.minecraftforge.fml.loading.FMLLoader.beforeStart(FMLLoader.java:216) ~[fmlloader-1.20.1-47.4.3.jar%2391!/:1.0]
	at net.minecraftforge.fml.loading.targets.CommonLaunchHandler.launchService(CommonLaunchHandler.java:92) ~[fmlloader-1.20.1-47.4.3.jar%2391!/:?]
	at cpw.mods.modlauncher.LaunchServiceHandlerDecorator.launch(LaunchServiceHandlerDecorator.java:30) ~[modlauncher-10.0.9.jar%2395!/:?]
	at cpw.mods.modlauncher.LaunchServiceHandler.launch(LaunchServiceHandler.java:53) ~[modlauncher-10.0.9.jar%2395!/:?]
	at cpw.mods.modlauncher.LaunchServiceHandler.launch(LaunchServiceHandler.java:71) ~[modlauncher-10.0.9.jar%2395!/:?]
	at cpw.mods.modlauncher.Launcher.run(Launcher.java:108) ~[modlauncher-10.0.9.jar%2395!/:?]
	at cpw.mods.modlauncher.Launcher.main(Launcher.java:78) ~[modlauncher-10.0.9.jar%2395!/:?]
	at cpw.mods.modlauncher.BootstrapLaunchConsumer.accept(BootstrapLaunchConsumer.java:26) ~[modlauncher-10.0.9.jar%2395!/:?]
	at cpw.mods.modlauncher.BootstrapLaunchConsumer.accept(BootstrapLaunchConsumer.java:23) ~[modlauncher-10.0.9.jar%2395!/:?]
	at cpw.mods.bootstraplauncher.BootstrapLauncher.main(BootstrapLauncher.java:141) ~[?:?]
	at net.fabricmc.devlaunchinjector.Main.main(Main.java:86) ~[dev-launch-injector-0.2.1+build.8.jar%23179!/:?]
[17:17:00] [main/WARN] (mixin) Error loading class: net/minecraft/world/level/block/WallBlock (java.lang.ClassNotFoundException: net.minecraft.world.level.block.WallBlock)
[17:17:00] [main/WARN] (mixin) @Mixin target net.minecraft.world.level.block.WallBlock was not found create_connected.mixins.json:copycat.wall.WallBlockMixin
[17:17:00] [main/WARN] (mixin) Error loading class: net/minecraft/world/item/CreativeModeTabs (java.lang.ClassNotFoundException: net.minecraft.world.item.CreativeModeTabs)
[17:17:00] [main/WARN] (mixin) @Mixin target net.minecraft.world.item.CreativeModeTabs was not found create_connected.mixins.json:featuretoggle.CreativeModeTabsAccessor
[17:17:00] [main/WARN] (mixin) Error loading class: net/minecraft/world/level/block/entity/BlockEntity (java.lang.ClassNotFoundException: net.minecraft.world.level.block.entity.BlockEntity)
[17:17:00] [main/WARN] (mixin) @Mixin target net.minecraft.world.level.block.entity.BlockEntity was not found entity_model_features.mixins.json:MixinBlockEntity
[17:17:00] [main/WARN] (mixin) Error loading class: net/minecraft/client/renderer/blockentity/BlockEntityRenderers (java.lang.ClassNotFoundException: net.minecraft.client.renderer.blockentity.BlockEntityRenderers)
[17:17:00] [main/WARN] (mixin) @Mixin target net.minecraft.client.renderer.blockentity.BlockEntityRenderers was not found entity_model_features.mixins.json:MixinBlockEntityRendererFactories
[17:17:00] [main/WARN] (mixin) Error loading class: net/minecraft/client/model/PlayerModel (java.lang.ClassNotFoundException: net.minecraft.client.model.PlayerModel)
[17:17:00] [main/WARN] (mixin) @Mixin target net.minecraft.client.model.PlayerModel was not found entity_model_features.mixins.json:MixinCapeModels
[17:17:00] [main/WARN] (mixin) Error loading class: net/minecraft/world/entity/Entity (java.lang.ClassNotFoundException: net.minecraft.world.entity.Entity)
[17:17:00] [main/WARN] (mixin) @Mixin target net.minecraft.world.entity.Entity was not found entity_model_features.mixins.json:MixinEntity
[17:17:00] [main/WARN] (mixin) Error loading class: net/minecraft/client/model/geom/EntityModelSet (java.lang.ClassNotFoundException: net.minecraft.client.model.geom.EntityModelSet)
[17:17:00] [main/WARN] (mixin) @Mixin target net.minecraft.client.model.geom.EntityModelSet was not found entity_model_features.mixins.json:MixinEntityModelLoader
[17:17:00] [main/WARN] (mixin) Error loading class: net/minecraft/client/renderer/GameRenderer (java.lang.ClassNotFoundException: net.minecraft.client.renderer.GameRenderer)
[17:17:00] [main/WARN] (mixin) @Mixin target net.minecraft.client.renderer.GameRenderer was not found entity_model_features.mixins.json:MixinGameRenderer
[17:17:00] [main/WARN] (mixin) Error loading class: net/minecraft/client/model/geom/ModelPart (java.lang.ClassNotFoundException: net.minecraft.client.model.geom.ModelPart)
[17:17:00] [main/WARN] (mixin) @Mixin target net.minecraft.client.model.geom.ModelPart was not found entity_model_features.mixins.json:MixinModelPart
[17:17:00] [main/WARN] (mixin) Error loading class: net/minecraft/client/model/geom/ModelPart$Cube (java.lang.ClassNotFoundException: net.minecraft.client.model.geom.ModelPart$Cube)
[17:17:00] [main/WARN] (mixin) @Mixin target net.minecraft.client.model.geom.ModelPart$Cube was not found entity_model_features.mixins.json:MixinModelPart$Cuboid
[17:17:00] [main/WARN] (mixin) Error loading class: net/minecraft/client/model/geom/builders/PartDefinition (java.lang.ClassNotFoundException: net.minecraft.client.model.geom.builders.PartDefinition)
[17:17:00] [main/WARN] (mixin) @Mixin target net.minecraft.client.model.geom.builders.PartDefinition was not found entity_model_features.mixins.json:MixinModelPartData
[17:17:00] [main/WARN] (mixin) Error loading class: net/minecraft/client/model/ParrotModel (java.lang.ClassNotFoundException: net.minecraft.client.model.ParrotModel)
[17:17:00] [main/WARN] (mixin) @Mixin target net.minecraft.client.model.ParrotModel was not found entity_model_features.mixins.json:MixinParrotEntityModel
[17:17:00] [main/WARN] (mixin) Error loading class: net/minecraft/world/entity/player/Player (java.lang.ClassNotFoundException: net.minecraft.world.entity.player.Player)
[17:17:00] [main/WARN] (mixin) @Mixin target net.minecraft.world.entity.player.Player was not found entity_model_features.mixins.json:MixinPlayerEntity
[17:17:00] [main/WARN] (mixin) Error loading class: net/minecraft/client/ResourceLoadStateTracker (java.lang.ClassNotFoundException: net.minecraft.client.ResourceLoadStateTracker)
[17:17:00] [main/WARN] (mixin) @Mixin target net.minecraft.client.ResourceLoadStateTracker was not found entity_model_features.mixins.json:MixinResourceReloadEnd
[17:17:00] [main/WARN] (mixin) Error loading class: net/minecraft/client/Minecraft (java.lang.ClassNotFoundException: net.minecraft.client.Minecraft)
[17:17:00] [main/WARN] (mixin) @Mixin target net.minecraft.client.Minecraft was not found entity_model_features.mixins.json:MixinResourceReloadStart
[17:17:00] [main/WARN] (mixin) Error loading class: net/minecraft/client/model/geom/ModelPart$Cube (java.lang.ClassNotFoundException: net.minecraft.client.model.geom.ModelPart$Cube)
[17:17:00] [main/WARN] (mixin) @Mixin target net.minecraft.client.model.geom.ModelPart$Cube was not found entity_model_features.mixins.json:accessor.CuboidAccessor
[17:17:00] [main/WARN] (mixin) Error loading class: net/minecraft/client/Minecraft (java.lang.ClassNotFoundException: net.minecraft.client.Minecraft)
[17:17:00] [main/WARN] (mixin) @Mixin target net.minecraft.client.Minecraft was not found entity_model_features.mixins.json:accessor.MinecraftClientAccessor
[17:17:00] [main/WARN] (mixin) Error loading class: net/minecraft/client/renderer/GameRenderer (java.lang.ClassNotFoundException: net.minecraft.client.renderer.GameRenderer)
[17:17:00] [main/WARN] (mixin) @Mixin target net.minecraft.client.renderer.GameRenderer was not found entity_model_features.mixins.json:accessor.Mixin_GuiEntityTester
[17:17:00] [main/WARN] (mixin) Error loading class: net/minecraft/client/model/geom/EntityModelSet (java.lang.ClassNotFoundException: net.minecraft.client.model.geom.EntityModelSet)
[17:17:00] [main/WARN] (mixin) @Mixin target net.minecraft.client.model.geom.EntityModelSet was not found entity_model_features.mixins.json:exporting.MixinEntityModelSet
[17:17:00] [main/WARN] (mixin) Error loading class: net/minecraft/client/renderer/blockentity/BannerRenderer (java.lang.ClassNotFoundException: net.minecraft.client.renderer.blockentity.BannerRenderer)
[17:17:00] [main/WARN] (mixin) @Mixin target net.minecraft.client.renderer.blockentity.BannerRenderer was not found entity_model_features.mixins.json:rendering.MixinBannerRenderer
[17:17:00] [main/WARN] (mixin) Error loading class: net/minecraft/client/renderer/blockentity/BlockEntityRenderDispatcher (java.lang.ClassNotFoundException: net.minecraft.client.renderer.blockentity.BlockEntityRenderDispatcher)
[17:17:00] [main/WARN] (mixin) @Mixin target net.minecraft.client.renderer.blockentity.BlockEntityRenderDispatcher was not found entity_model_features.mixins.json:rendering.MixinBlockEntityRenderDispatcher
[17:17:00] [main/WARN] (mixin) Error loading class: net/minecraft/client/renderer/BlockEntityWithoutLevelRenderer (java.lang.ClassNotFoundException: net.minecraft.client.renderer.BlockEntityWithoutLevelRenderer)
[17:17:00] [main/WARN] (mixin) @Mixin target net.minecraft.client.renderer.BlockEntityWithoutLevelRenderer was not found entity_model_features.mixins.json:rendering.MixinBlockEntityWithoutLevelRenderer
[17:17:00] [main/WARN] (mixin) Error loading class: net/minecraft/client/renderer/entity/EnderDragonRenderer (java.lang.ClassNotFoundException: net.minecraft.client.renderer.entity.EnderDragonRenderer)
[17:17:00] [main/WARN] (mixin) @Mixin target net.minecraft.client.renderer.entity.EnderDragonRenderer was not found entity_model_features.mixins.json:rendering.MixinDragonRenderer
[17:17:00] [main/WARN] (mixin) Error loading class: net/minecraft/client/renderer/entity/EntityRenderDispatcher (java.lang.ClassNotFoundException: net.minecraft.client.renderer.entity.EntityRenderDispatcher)
[17:17:00] [main/WARN] (mixin) @Mixin target net.minecraft.client.renderer.entity.EntityRenderDispatcher was not found entity_model_features.mixins.json:rendering.MixinEntityRenderDispatcher
[17:17:00] [main/WARN] (mixin) Error loading class: net/minecraft/client/renderer/entity/EntityRenderers (java.lang.ClassNotFoundException: net.minecraft.client.renderer.entity.EntityRenderers)
[17:17:00] [main/WARN] (mixin) @Mixin target net.minecraft.client.renderer.entity.EntityRenderers was not found entity_model_features.mixins.json:rendering.MixinEntityRenderers
[17:17:00] [main/WARN] (mixin) Error loading class: net/minecraft/client/renderer/entity/ItemFrameRenderer (java.lang.ClassNotFoundException: net.minecraft.client.renderer.entity.ItemFrameRenderer)
[17:17:00] [main/WARN] (mixin) @Mixin target net.minecraft.client.renderer.entity.ItemFrameRenderer was not found entity_model_features.mixins.json:rendering.MixinItemFrameEntityRenderer
[17:17:00] [main/WARN] (mixin) Error loading class: net/minecraft/client/renderer/entity/LivingEntityRenderer (java.lang.ClassNotFoundException: net.minecraft.client.renderer.entity.LivingEntityRenderer)
[17:17:00] [main/WARN] (mixin) @Mixin target net.minecraft.client.renderer.entity.LivingEntityRenderer was not found entity_model_features.mixins.json:rendering.MixinLivingEntityRenderer
[17:17:00] [main/WARN] (mixin) Error loading class: net/minecraft/client/renderer/entity/player/PlayerRenderer (java.lang.ClassNotFoundException: net.minecraft.client.renderer.entity.player.PlayerRenderer)
[17:17:00] [main/WARN] (mixin) @Mixin target net.minecraft.client.renderer.entity.player.PlayerRenderer was not found entity_model_features.mixins.json:rendering.MixinPlayerEntityRenderer
[17:17:00] [main/WARN] (mixin) Error loading class: net/minecraft/client/renderer/entity/TippableArrowRenderer (java.lang.ClassNotFoundException: net.minecraft.client.renderer.entity.TippableArrowRenderer)
[17:17:00] [main/WARN] (mixin) @Mixin target net.minecraft.client.renderer.entity.TippableArrowRenderer was not found entity_model_features.mixins.json:rendering.arrows.MixinArrowRenderer
[17:17:00] [main/WARN] (mixin) Error loading class: net/minecraft/client/renderer/entity/ArrowRenderer (java.lang.ClassNotFoundException: net.minecraft.client.renderer.entity.ArrowRenderer)
[17:17:00] [main/WARN] (mixin) @Mixin target net.minecraft.client.renderer.entity.ArrowRenderer was not found entity_model_features.mixins.json:rendering.arrows.MixinProjectileEntityRenderer
[17:17:00] [main/WARN] (mixin) Error loading class: net/minecraft/client/renderer/entity/SpectralArrowRenderer (java.lang.ClassNotFoundException: net.minecraft.client.renderer.entity.SpectralArrowRenderer)
[17:17:00] [main/WARN] (mixin) @Mixin target net.minecraft.client.renderer.entity.SpectralArrowRenderer was not found entity_model_features.mixins.json:rendering.arrows.MixinSpectralArrowRenderer
[17:17:00] [main/WARN] (mixin) Error loading class: net/minecraft/client/renderer/entity/layers/StuckInBodyLayer (java.lang.ClassNotFoundException: net.minecraft.client.renderer.entity.layers.StuckInBodyLayer)
[17:17:00] [main/WARN] (mixin) @Mixin target net.minecraft.client.renderer.entity.layers.StuckInBodyLayer was not found entity_model_features.mixins.json:rendering.arrows.MixinStuckArrowsFeatureRenderer
[17:17:00] [main/WARN] (mixin) Error loading class: net/minecraft/client/renderer/entity/layers/CreeperPowerLayer (java.lang.ClassNotFoundException: net.minecraft.client.renderer.entity.layers.CreeperPowerLayer)
[17:17:00] [main/WARN] (mixin) @Mixin target net.minecraft.client.renderer.entity.layers.CreeperPowerLayer was not found entity_model_features.mixins.json:rendering.feature.MixinCreeperChargeFeatureRenderer
[17:17:00] [main/WARN] (mixin) Error loading class: net/minecraft/client/renderer/entity/layers/EyesLayer (java.lang.ClassNotFoundException: net.minecraft.client.renderer.entity.layers.EyesLayer)
[17:17:00] [main/WARN] (mixin) @Mixin target net.minecraft.client.renderer.entity.layers.EyesLayer was not found entity_model_features.mixins.json:rendering.feature.MixinEyesFeatureRenderer
[17:17:00] [main/WARN] (mixin) Error loading class: net/minecraft/client/renderer/entity/layers/CustomHeadLayer (java.lang.ClassNotFoundException: net.minecraft.client.renderer.entity.layers.CustomHeadLayer)
[17:17:00] [main/WARN] (mixin) @Mixin target net.minecraft.client.renderer.entity.layers.CustomHeadLayer was not found entity_model_features.mixins.json:rendering.feature.MixinHeadFeatureRenderer
[17:17:00] [main/WARN] (mixin) Error loading class: net/minecraft/client/renderer/entity/layers/ItemInHandLayer (java.lang.ClassNotFoundException: net.minecraft.client.renderer.entity.layers.ItemInHandLayer)
[17:17:00] [main/WARN] (mixin) @Mixin target net.minecraft.client.renderer.entity.layers.ItemInHandLayer was not found entity_model_features.mixins.json:rendering.feature.MixinHeldItemFeatureRenderer
[17:17:00] [main/WARN] (mixin) Error loading class: net/minecraft/client/renderer/entity/layers/SlimeOuterLayer (java.lang.ClassNotFoundException: net.minecraft.client.renderer.entity.layers.SlimeOuterLayer)
[17:17:00] [main/WARN] (mixin) @Mixin target net.minecraft.client.renderer.entity.layers.SlimeOuterLayer was not found entity_model_features.mixins.json:rendering.feature.MixinSlimeOverlayFeatureRenderer
[17:17:00] [main/WARN] (mixin) Error loading class: net/minecraft/client/renderer/entity/layers/WolfCollarLayer (java.lang.ClassNotFoundException: net.minecraft.client.renderer.entity.layers.WolfCollarLayer)
[17:17:00] [main/WARN] (mixin) @Mixin target net.minecraft.client.renderer.entity.layers.WolfCollarLayer was not found entity_model_features.mixins.json:rendering.feature.MixinWolfCollarFeatureRenderer
[17:17:00] [main/WARN] (mixin) Error loading class: net/minecraft/client/renderer/entity/EnderDragonRenderer$DragonModel (java.lang.ClassNotFoundException: net.minecraft.client.renderer.entity.EnderDragonRenderer$DragonModel)
[17:17:00] [main/WARN] (mixin) @Mixin target net.minecraft.client.renderer.entity.EnderDragonRenderer$DragonModel was not found entity_model_features.mixins.json:rendering.model.MixinDragonModel
[17:17:00] [main/WARN] (mixin) Error loading class: net/minecraft/client/model/VillagerModel (java.lang.ClassNotFoundException: net.minecraft.client.model.VillagerModel)
[17:17:00] [main/WARN] (mixin) @Mixin target net.minecraft.client.model.VillagerModel was not found entity_model_features.mixins.json:rendering.model.MixinVillagerModel
[17:17:00] [main/WARN] (mixin) Error loading class: net/minecraft/client/model/WolfModel (java.lang.ClassNotFoundException: net.minecraft.client.model.WolfModel)
[17:17:00] [main/WARN] (mixin) @Mixin target net.minecraft.client.model.WolfModel was not found entity_model_features.mixins.json:rendering.model.MixinWolfEntityModel
[17:17:00] [main/WARN] (mixin) Error loading class: net/minecraft/resources/ResourceLocation (java.lang.ClassNotFoundException: net.minecraft.resources.ResourceLocation)
[17:17:00] [main/WARN] (mixin) @Mixin target net.minecraft.resources.ResourceLocation was not found entity_texture_features.mixins.json:MixinIdentifier
[17:17:00] [main/WARN] (mixin) Error loading class: net/minecraft/world/level/BaseSpawner (java.lang.ClassNotFoundException: net.minecraft.world.level.BaseSpawner)
[17:17:00] [main/WARN] (mixin) @Mixin target net.minecraft.world.level.BaseSpawner was not found entity_texture_features.mixins.json:entity.block.MixinMobSpawnerLogic
[17:17:00] [main/WARN] (mixin) Error loading class: net/minecraft/world/entity/monster/Blaze (java.lang.ClassNotFoundException: net.minecraft.world.entity.monster.Blaze)
[17:17:00] [main/WARN] (mixin) @Mixin target net.minecraft.world.entity.monster.Blaze was not found entity_texture_features.mixins.json:entity.misc.MixinBlazeEntity
[17:17:00] [main/WARN] (mixin) Error loading class: net/minecraft/world/level/block/entity/BlockEntity (java.lang.ClassNotFoundException: net.minecraft.world.level.block.entity.BlockEntity)
[17:17:00] [main/WARN] (mixin) @Mixin target net.minecraft.world.level.block.entity.BlockEntity was not found entity_texture_features.mixins.json:entity.misc.MixinBlockEntity
[17:17:00] [main/WARN] (mixin) Error loading class: net/minecraft/world/entity/Entity (java.lang.ClassNotFoundException: net.minecraft.world.entity.Entity)
[17:17:00] [main/WARN] (mixin) @Mixin target net.minecraft.world.entity.Entity was not found entity_texture_features.mixins.json:entity.misc.MixinEntity
[17:17:00] [main/WARN] (mixin) Error loading class: net/minecraft/world/entity/GlowSquid (java.lang.ClassNotFoundException: net.minecraft.world.entity.GlowSquid)
[17:17:00] [main/WARN] (mixin) @Mixin target net.minecraft.world.entity.GlowSquid was not found entity_texture_features.mixins.json:entity.misc.MixinGlowSquidEntity
[17:17:00] [main/WARN] (mixin) Error loading class: net/minecraft/world/entity/monster/Phantom (java.lang.ClassNotFoundException: net.minecraft.world.entity.monster.Phantom)
[17:17:00] [main/WARN] (mixin) @Mixin target net.minecraft.world.entity.monster.Phantom was not found entity_texture_features.mixins.json:entity.misc.MixinPhantomEntity
[17:17:00] [main/WARN] (mixin) Error loading class: net/minecraft/world/entity/player/Player (java.lang.ClassNotFoundException: net.minecraft.world.entity.player.Player)
[17:17:00] [main/WARN] (mixin) @Mixin target net.minecraft.world.entity.player.Player was not found entity_texture_features.mixins.json:entity.misc.MixinPlayerEntity
[17:17:00] [main/WARN] (mixin) Error loading class: net/minecraft/world/level/block/entity/SkullBlockEntity (java.lang.ClassNotFoundException: net.minecraft.world.level.block.entity.SkullBlockEntity)
[17:17:00] [main/WARN] (mixin) @Mixin target net.minecraft.world.level.block.entity.SkullBlockEntity was not found entity_texture_features.mixins.json:entity.misc.MixinSkullBlockEntity
[17:17:00] [main/WARN] (mixin) Error loading class: net/raphimc/immediatelyfast/feature/core/BatchableBufferSource (java.lang.ClassNotFoundException: net.raphimc.immediatelyfast.feature.core.BatchableBufferSource)
[17:17:00] [main/WARN] (mixin) Error loading class: dev/tr7zw/skinlayers/render/CustomizableModelPart (java.lang.ClassNotFoundException: dev.tr7zw.skinlayers.render.CustomizableModelPart)
[17:17:00] [main/WARN] (mixin) Error loading class: com/mojang/blaze3d/vertex/BufferBuilder (java.lang.ClassNotFoundException: com.mojang.blaze3d.vertex.BufferBuilder)
[17:17:00] [main/WARN] (mixin) @Mixin target com.mojang.blaze3d.vertex.BufferBuilder was not found entity_texture_features.mixins.json:MixinBufferBuilder
[17:17:00] [main/WARN] (mixin) Error loading class: net/minecraft/client/model/geom/ModelPart (java.lang.ClassNotFoundException: net.minecraft.client.model.geom.ModelPart)
[17:17:00] [main/WARN] (mixin) @Mixin target net.minecraft.client.model.geom.ModelPart was not found entity_texture_features.mixins.json:MixinModelPart
[17:17:00] [main/WARN] (mixin) Error loading class: net/minecraft/client/renderer/RenderType$CompositeRenderType (java.lang.ClassNotFoundException: net.minecraft.client.renderer.RenderType$CompositeRenderType)
[17:17:00] [main/WARN] (mixin) Error loading class: net/minecraft/client/gui/screens/packs/PackSelectionScreen (java.lang.ClassNotFoundException: net.minecraft.client.gui.screens.packs.PackSelectionScreen)
[17:17:00] [main/WARN] (mixin) @Mixin target net.minecraft.client.gui.screens.packs.PackSelectionScreen was not found entity_texture_features.mixins.json:MixinPackScreen
[17:17:00] [main/WARN] (mixin) Error loading class: net/minecraft/client/renderer/texture/HttpTexture (java.lang.ClassNotFoundException: net.minecraft.client.renderer.texture.HttpTexture)
[17:17:00] [main/WARN] (mixin) @Mixin target net.minecraft.client.renderer.texture.HttpTexture was not found entity_texture_features.mixins.json:MixinPlayerSkinTexture
[17:17:00] [main/WARN] (mixin) Error loading class: net/minecraft/client/renderer/RenderType (java.lang.ClassNotFoundException: net.minecraft.client.renderer.RenderType)
[17:17:00] [main/WARN] (mixin) @Mixin target net.minecraft.client.renderer.RenderType was not found entity_texture_features.mixins.json:MixinRenderLayer
[17:17:00] [main/WARN] (mixin) Error loading class: net/minecraft/client/resources/model/Material (java.lang.ClassNotFoundException: net.minecraft.client.resources.model.Material)
[17:17:00] [main/WARN] (mixin) @Mixin target net.minecraft.client.resources.model.Material was not found entity_texture_features.mixins.json:MixinSpriteIdentifier
[17:17:00] [main/WARN] (mixin) Error loading class: net/minecraft/client/renderer/MultiBufferSource$BufferSource (java.lang.ClassNotFoundException: net.minecraft.client.renderer.MultiBufferSource$BufferSource)
[17:17:00] [main/WARN] (mixin) @Mixin target net.minecraft.client.renderer.MultiBufferSource$BufferSource was not found entity_texture_features.mixins.json:MixinVertexConsumerProvider$Immediate
[17:17:00] [main/WARN] (mixin) Error loading class: com/mojang/blaze3d/vertex/VertexMultiConsumer$Double (java.lang.ClassNotFoundException: com.mojang.blaze3d.vertex.VertexMultiConsumer$Double)
[17:17:00] [main/WARN] (mixin) @Mixin target com.mojang.blaze3d.vertex.VertexMultiConsumer$Double was not found entity_texture_features.mixins.json:MixinVertexMultiConsumer$Double
[17:17:00] [main/WARN] (mixin) Error loading class: net/minecraft/client/gui/components/Tooltip (java.lang.ClassNotFoundException: net.minecraft.client.gui.components.Tooltip)
[17:17:00] [main/WARN] (mixin) @Mixin target net.minecraft.client.gui.components.Tooltip was not found entity_texture_features.mixins.json:accessor.TooltipAccessor
[17:17:00] [main/WARN] (mixin) Error loading class: net/minecraft/client/renderer/blockentity/SkullBlockRenderer (java.lang.ClassNotFoundException: net.minecraft.client.renderer.blockentity.SkullBlockRenderer)
[17:17:00] [main/WARN] (mixin) @Mixin target net.minecraft.client.renderer.blockentity.SkullBlockRenderer was not found entity_texture_features.mixins.json:entity.block.MixinSkullBlockEntityRenderer
[17:17:00] [main/WARN] (mixin) Error loading class: net/minecraft/client/renderer/blockentity/BlockEntityRenderDispatcher (java.lang.ClassNotFoundException: net.minecraft.client.renderer.blockentity.BlockEntityRenderDispatcher)
[17:17:00] [main/WARN] (mixin) @Mixin target net.minecraft.client.renderer.blockentity.BlockEntityRenderDispatcher was not found entity_texture_features.mixins.json:entity.misc.MixinBlockEntityRenderDispatcher
[17:17:00] [main/WARN] (mixin) Error loading class: net/minecraft/client/renderer/entity/EntityRenderDispatcher (java.lang.ClassNotFoundException: net.minecraft.client.renderer.entity.EntityRenderDispatcher)
[17:17:00] [main/WARN] (mixin) @Mixin target net.minecraft.client.renderer.entity.EntityRenderDispatcher was not found entity_texture_features.mixins.json:entity.misc.MixinEntityRenderDispatcher
[17:17:00] [main/WARN] (mixin) Error loading class: net/minecraft/client/renderer/entity/EndCrystalRenderer (java.lang.ClassNotFoundException: net.minecraft.client.renderer.entity.EndCrystalRenderer)
[17:17:00] [main/WARN] (mixin) @Mixin target net.minecraft.client.renderer.entity.EndCrystalRenderer was not found entity_texture_features.mixins.json:entity.renderer.MixinEndCrystalRenderer
[17:17:00] [main/WARN] (mixin) Error loading class: net/minecraft/client/renderer/entity/EnderDragonRenderer (java.lang.ClassNotFoundException: net.minecraft.client.renderer.entity.EnderDragonRenderer)
[17:17:00] [main/WARN] (mixin) @Mixin target net.minecraft.client.renderer.entity.EnderDragonRenderer was not found entity_texture_features.mixins.json:entity.renderer.MixinEnderDragonEntityRenderer
[17:17:00] [main/WARN] (mixin) Error loading class: net/minecraft/client/renderer/entity/EntityRenderer (java.lang.ClassNotFoundException: net.minecraft.client.renderer.entity.EntityRenderer)
[17:17:00] [main/WARN] (mixin) @Mixin target net.minecraft.client.renderer.entity.EntityRenderer was not found entity_texture_features.mixins.json:entity.renderer.MixinEntityRenderer
[17:17:00] [main/WARN] (mixin) Error loading class: net/minecraft/client/renderer/entity/IllusionerRenderer (java.lang.ClassNotFoundException: net.minecraft.client.renderer.entity.IllusionerRenderer)
[17:17:00] [main/WARN] (mixin) @Mixin target net.minecraft.client.renderer.entity.IllusionerRenderer was not found entity_texture_features.mixins.json:entity.renderer.MixinIllusionerRenderer
[17:17:00] [main/WARN] (mixin) Error loading class: net/minecraft/client/renderer/entity/LivingEntityRenderer (java.lang.ClassNotFoundException: net.minecraft.client.renderer.entity.LivingEntityRenderer)
[17:17:00] [main/WARN] (mixin) @Mixin target net.minecraft.client.renderer.entity.LivingEntityRenderer was not found entity_texture_features.mixins.json:entity.renderer.MixinLivingEntityRenderer
[17:17:00] [main/WARN] (mixin) Error loading class: net/minecraft/client/renderer/entity/PaintingRenderer (java.lang.ClassNotFoundException: net.minecraft.client.renderer.entity.PaintingRenderer)
[17:17:00] [main/WARN] (mixin) @Mixin target net.minecraft.client.renderer.entity.PaintingRenderer was not found entity_texture_features.mixins.json:entity.renderer.MixinPaintingEntityRenderer
[17:17:00] [main/WARN] (mixin) Error loading class: net/minecraft/client/renderer/entity/player/PlayerRenderer (java.lang.ClassNotFoundException: net.minecraft.client.renderer.entity.player.PlayerRenderer)
[17:17:00] [main/WARN] (mixin) @Mixin target net.minecraft.client.renderer.entity.player.PlayerRenderer was not found entity_texture_features.mixins.json:entity.renderer.MixinPlayerEntityRenderer
[17:17:00] [main/WARN] (mixin) Error loading class: net/minecraft/client/renderer/entity/layers/ElytraLayer (java.lang.ClassNotFoundException: net.minecraft.client.renderer.entity.layers.ElytraLayer)
[17:17:00] [main/WARN] (mixin) @Mixin target net.minecraft.client.renderer.entity.layers.ElytraLayer was not found entity_texture_features.mixins.json:entity.renderer.feature.MixinElytraFeatureRenderer
[17:17:00] [main/WARN] (mixin) Error loading class: net/minecraft/client/renderer/entity/layers/EyesLayer (java.lang.ClassNotFoundException: net.minecraft.client.renderer.entity.layers.EyesLayer)
[17:17:00] [main/WARN] (mixin) @Mixin target net.minecraft.client.renderer.entity.layers.EyesLayer was not found entity_texture_features.mixins.json:entity.renderer.feature.MixinEyeFeatureRenderer
[17:17:00] [main/WARN] (mixin) Error loading class: net/minecraft/client/renderer/entity/layers/MushroomCowMushroomLayer (java.lang.ClassNotFoundException: net.minecraft.client.renderer.entity.layers.MushroomCowMushroomLayer)
[17:17:00] [main/WARN] (mixin) @Mixin target net.minecraft.client.renderer.entity.layers.MushroomCowMushroomLayer was not found entity_texture_features.mixins.json:entity.renderer.feature.MixinMooshroomMushroomFeatureRenderer
[17:17:00] [main/WARN] (mixin) Error loading class: net/minecraft/client/renderer/entity/layers/ParrotOnShoulderLayer (java.lang.ClassNotFoundException: net.minecraft.client.renderer.entity.layers.ParrotOnShoulderLayer)
[17:17:00] [main/WARN] (mixin) @Mixin target net.minecraft.client.renderer.entity.layers.ParrotOnShoulderLayer was not found entity_texture_features.mixins.json:entity.renderer.feature.MixinShoulderParrotFeatureRenderer
[17:17:00] [main/WARN] (mixin) Error loading class: net/minecraft/client/renderer/entity/layers/WardenEmissiveLayer (java.lang.ClassNotFoundException: net.minecraft.client.renderer.entity.layers.WardenEmissiveLayer)
[17:17:00] [main/WARN] (mixin) @Mixin target net.minecraft.client.renderer.entity.layers.WardenEmissiveLayer was not found entity_texture_features.mixins.json:entity.renderer.feature.MixinWardenExtraTextureParts
[17:17:00] [main/WARN] (mixin) Error loading class: net/minecraft/client/Minecraft (java.lang.ClassNotFoundException: net.minecraft.client.Minecraft)
[17:17:00] [main/WARN] (mixin) @Mixin target net.minecraft.client.Minecraft was not found entity_texture_features.mixins.json:reloading.MixinMinecraftClient
[17:17:00] [main/WARN] (mixin) Error loading class: net/minecraft/client/ResourceLoadStateTracker (java.lang.ClassNotFoundException: net.minecraft.client.ResourceLoadStateTracker)
[17:17:00] [main/WARN] (mixin) @Mixin target net.minecraft.client.ResourceLoadStateTracker was not found entity_texture_features.mixins.json:reloading.MixinResourceReload
[17:17:00] [main/WARN] (mixin) Error loading class: com/mojang/blaze3d/audio/OggAudioStream (java.lang.ClassNotFoundException: com.mojang.blaze3d.audio.OggAudioStream)
[17:17:00] [main/WARN] (mixin) @Mixin target com.mojang.blaze3d.audio.OggAudioStream was not found ambientsounds.mixins.json:OggAudioStreamMixin
[17:17:00] [main/WARN] (mixin) Error loading class: net/minecraft/client/sounds/SoundBufferLibrary (java.lang.ClassNotFoundException: net.minecraft.client.sounds.SoundBufferLibrary)
[17:17:00] [main/WARN] (mixin) @Mixin target net.minecraft.client.sounds.SoundBufferLibrary was not found ambientsounds.mixins.json:SoundBufferLibraryAccessor
[17:17:00] [main/WARN] (mixin) Error loading class: net/minecraft/world/level/block/state/BlockBehaviour$Properties (java.lang.ClassNotFoundException: net.minecraft.world.level.block.state.BlockBehaviour$Properties)
[17:17:00] [main/WARN] (mixin) @Mixin target net.minecraft.world.level.block.state.BlockBehaviour$Properties was not found supermartijn642corelib.mixins.json:BlockPropertiesAccessor
[17:17:00] [main/WARN] (mixin) Error loading class: net/minecraft/tags/TagLoader (java.lang.ClassNotFoundException: net.minecraft.tags.TagLoader)
[17:17:00] [main/WARN] (mixin) @Mixin target net.minecraft.tags.TagLoader was not found supermartijn642corelib.mixins.json:TagLoaderMixin
[17:17:00] [main/WARN] (mixin) Error loading class: net/minecraft/tags/TagManager (java.lang.ClassNotFoundException: net.minecraft.tags.TagManager)
[17:17:00] [main/WARN] (mixin) @Mixin target net.minecraft.tags.TagManager was not found supermartijn642corelib.mixins.json:TagManagerMixin
[17:17:00] [main/WARN] (mixin) Error loading class: net/minecraft/client/renderer/LevelRenderer (java.lang.ClassNotFoundException: net.minecraft.client.renderer.LevelRenderer)
[17:17:00] [main/WARN] (mixin) @Mixin target net.minecraft.client.renderer.LevelRenderer was not found supermartijn642corelib.mixins.json:LevelRendererMixin
[17:17:00] [main/WARN] (mixin) Error loading class: net/minecraft/client/renderer/texture/atlas/SpriteResourceLoader (java.lang.ClassNotFoundException: net.minecraft.client.renderer.texture.atlas.SpriteResourceLoader)
[17:17:00] [main/WARN] (mixin) @Mixin target net.minecraft.client.renderer.texture.atlas.SpriteResourceLoader was not found supermartijn642corelib.mixins.json:SpriteResourceLoaderMixin
[17:17:00] [main/WARN] (mixin) Error loading class: net/fabricmc/fabric/impl/networking/server/ServerLoginNetworkAddon (java.lang.ClassNotFoundException: net.fabricmc.fabric.impl.networking.server.ServerLoginNetworkAddon)
[17:17:00] [main/WARN] (mixin) Error loading class: net/minecraft/server/players/PlayerList (java.lang.ClassNotFoundException: net.minecraft.server.players.PlayerList)
[17:17:00] [main/WARN] (mixin) @Mixin target net.minecraft.server.players.PlayerList was not found automodpack-main.mixins.json:core.PlayerManagerMixin
[17:17:00] [main/WARN] (mixin) Error loading class: net/minecraft/server/network/ServerLoginPacketListenerImpl (java.lang.ClassNotFoundException: net.minecraft.server.network.ServerLoginPacketListenerImpl)
[17:17:00] [main/WARN] (mixin) @Mixin target net.minecraft.server.network.ServerLoginPacketListenerImpl was not found automodpack-main.mixins.json:core.ServerLoginNetworkHandlerAccessor
[17:17:00] [main/WARN] (mixin) Error loading class: net/minecraft/server/network/ServerLoginPacketListenerImpl (java.lang.ClassNotFoundException: net.minecraft.server.network.ServerLoginPacketListenerImpl)
[17:17:00] [main/WARN] (mixin) @Mixin target net.minecraft.server.network.ServerLoginPacketListenerImpl was not found automodpack-main.mixins.json:core.ServerLoginNetworkHandlerMixin
[17:17:00] [main/WARN] (mixin) Error loading class: net/minecraft/network/Connection (java.lang.ClassNotFoundException: net.minecraft.network.Connection)
[17:17:00] [main/WARN] (mixin) @Mixin target net.minecraft.network.Connection was not found automodpack-main.mixins.json:core.ClientConnectionAccessor
[17:17:00] [main/WARN] (mixin) Error loading class: net/minecraft/client/multiplayer/ClientHandshakePacketListenerImpl (java.lang.ClassNotFoundException: net.minecraft.client.multiplayer.ClientHandshakePacketListenerImpl)
[17:17:00] [main/WARN] (mixin) @Mixin target net.minecraft.client.multiplayer.ClientHandshakePacketListenerImpl was not found automodpack-main.mixins.json:core.ClientLoginNetworkHandlerAccessor
[17:17:00] [main/WARN] (mixin) Error loading class: net/minecraft/client/multiplayer/ClientHandshakePacketListenerImpl (java.lang.ClassNotFoundException: net.minecraft.client.multiplayer.ClientHandshakePacketListenerImpl)
[17:17:00] [main/WARN] (mixin) @Mixin target net.minecraft.client.multiplayer.ClientHandshakePacketListenerImpl was not found automodpack-main.mixins.json:core.ClientLoginNetworkHandlerMixin
[17:17:00] [main/WARN] (mixin) Error loading class: net/minecraft/client/gui/screens/ConnectScreen (java.lang.ClassNotFoundException: net.minecraft.client.gui.screens.ConnectScreen)
[17:17:00] [main/WARN] (mixin) @Mixin target net.minecraft.client.gui.screens.ConnectScreen was not found automodpack-main.mixins.json:core.ConnectScreenMixin
[17:17:00] [main/WARN] (mixin) Error loading class: net/minecraft/client/sounds/MusicManager (java.lang.ClassNotFoundException: net.minecraft.client.sounds.MusicManager)
[17:17:00] [main/WARN] (mixin) @Mixin target net.minecraft.client.sounds.MusicManager was not found automodpack-main.mixins.json:core.MusicTrackerMixin
[17:17:00] [main/WARN] (mixin) Error loading class: net/minecraft/world/level/dimension/DimensionType (java.lang.ClassNotFoundException: net.minecraft.world.level.dimension.DimensionType)
[17:17:00] [main/WARN] (mixin) @Mixin target net.minecraft.world.level.dimension.DimensionType was not found mixins.oculus.json:DimensionTypeAccessor
[17:17:00] [main/WARN] (mixin) Error loading class: net/minecraft/client/renderer/GameRenderer (java.lang.ClassNotFoundException: net.minecraft.client.renderer.GameRenderer)
[17:17:00] [main/WARN] (mixin) @Mixin target net.minecraft.client.renderer.GameRenderer was not found mixins.oculus.json:GameRendererAccessor
[17:17:00] [main/WARN] (mixin) Error loading class: net/minecraft/client/renderer/LevelRenderer (java.lang.ClassNotFoundException: net.minecraft.client.renderer.LevelRenderer)
[17:17:00] [main/WARN] (mixin) @Mixin target net.minecraft.client.renderer.LevelRenderer was not found mixins.oculus.json:LevelRendererAccessor
[17:17:00] [main/WARN] (mixin) Error loading class: net/minecraft/client/renderer/LightTexture (java.lang.ClassNotFoundException: net.minecraft.client.renderer.LightTexture)
[17:17:00] [main/WARN] (mixin) @Mixin target net.minecraft.client.renderer.LightTexture was not found mixins.oculus.json:LightTextureAccessor
[17:17:00] [main/ERROR] (CoreModBaseTransformer) Error occurred applying transform of coremod coremods/field_to_method.js function biome
java.lang.IllegalStateException: No field with name weather found
	at net.minecraftforge.coremod.api.ASMAPI.redirectFieldToMethod(ASMAPI.java:1066) ~[coremods-5.2.4.jar:?]
	at org.openjdk.nashorn.internal.scripts.Script$Recompilation$15$292A$\^eval\_.initializeCoreMod#transformer(<eval>:11) ~[?:?]
	at org.openjdk.nashorn.internal.runtime.ScriptFunctionData.invoke(ScriptFunctionData.java:648) ~[nashorn-core-15.4.jar:?]
	at org.openjdk.nashorn.internal.runtime.ScriptFunction.invoke(ScriptFunction.java:513) ~[nashorn-core-15.4.jar:?]
	at org.openjdk.nashorn.internal.runtime.ScriptRuntime.apply(ScriptRuntime.java:520) ~[nashorn-core-15.4.jar:?]
	at org.openjdk.nashorn.api.scripting.ScriptObjectMirror.call(ScriptObjectMirror.java:111) ~[nashorn-core-15.4.jar:?]
	at net.minecraftforge.coremod.NashornFactory.lambda$getFunction$0(NashornFactory.java:37) ~[coremods-5.2.4.jar:5.2.4]
	at net.minecraftforge.coremod.transformer.CoreModClassTransformer.runCoremod(CoreModClassTransformer.java:22) ~[coremods-5.2.4.jar:?]
	at net.minecraftforge.coremod.transformer.CoreModClassTransformer.runCoremod(CoreModClassTransformer.java:14) ~[coremods-5.2.4.jar:?]
	at net.minecraftforge.coremod.transformer.CoreModBaseTransformer.transform(CoreModBaseTransformer.java:60) ~[coremods-5.2.4.jar:?]
	at cpw.mods.modlauncher.TransformerHolder.transform(TransformerHolder.java:41) ~[modlauncher-10.0.9.jar:?]
	at cpw.mods.modlauncher.ClassTransformer.performVote(ClassTransformer.java:179) ~[modlauncher-10.0.9.jar:?]
	at cpw.mods.modlauncher.ClassTransformer.transform(ClassTransformer.java:117) ~[modlauncher-10.0.9.jar:?]
	at cpw.mods.modlauncher.TransformingClassLoader.maybeTransformClassBytes(TransformingClassLoader.java:50) ~[modlauncher-10.0.9.jar:?]
	at cpw.mods.cl.ModuleClassLoader.getMaybeTransformedClassBytes(ModuleClassLoader.java:250) ~[securejarhandler-2.1.10.jar:?]
	at cpw.mods.modlauncher.TransformingClassLoader.buildTransformedClassNodeFor(TransformingClassLoader.java:58) ~[modlauncher-10.0.9.jar:?]
	at cpw.mods.modlauncher.LaunchPluginHandler.lambda$announceLaunch$10(LaunchPluginHandler.java:100) ~[modlauncher-10.0.9.jar:?]
	at org.spongepowered.asm.launch.MixinLaunchPluginLegacy.getClassNode(MixinLaunchPluginLegacy.java:222) ~[mixin-patched-0.8.5.12.jar:?]
	at org.spongepowered.asm.launch.MixinLaunchPluginLegacy.getClassNode(MixinLaunchPluginLegacy.java:207) ~[mixin-patched-0.8.5.12.jar:?]
	at org.spongepowered.asm.mixin.transformer.ClassInfo.forName(ClassInfo.java:2005) ~[mixin-patched-0.8.5.12.jar:?]
	at org.spongepowered.asm.mixin.transformer.MixinInfo.getTargetClass(MixinInfo.java:1017) ~[mixin-patched-0.8.5.12.jar:?]
	at org.spongepowered.asm.mixin.transformer.MixinInfo.readTargetClasses(MixinInfo.java:1007) ~[mixin-patched-0.8.5.12.jar:?]
	at org.spongepowered.asm.mixin.transformer.MixinInfo.parseTargets(MixinInfo.java:895) ~[mixin-patched-0.8.5.12.jar:?]
	at org.spongepowered.asm.mixin.transformer.MixinConfig.prepareMixins(MixinConfig.java:867) ~[mixin-patched-0.8.5.12.jar:?]
	at org.spongepowered.asm.mixin.transformer.MixinConfig.prepare(MixinConfig.java:779) ~[mixin-patched-0.8.5.12.jar:?]
	at org.spongepowered.asm.mixin.transformer.MixinProcessor.prepareConfigs(MixinProcessor.java:539) ~[mixin-patched-0.8.5.12.jar:?]
	at org.spongepowered.asm.mixin.transformer.MixinProcessor.select(MixinProcessor.java:462) ~[mixin-patched-0.8.5.12.jar:?]
	at org.spongepowered.asm.mixin.transformer.MixinProcessor.checkSelect(MixinProcessor.java:438) ~[mixin-patched-0.8.5.12.jar:?]
	at org.spongepowered.asm.mixin.transformer.MixinProcessor.applyMixins(MixinProcessor.java:290) ~[mixin-patched-0.8.5.12.jar:?]
	at org.spongepowered.asm.mixin.transformer.MixinTransformer.transformClass(MixinTransformer.java:250) ~[mixin-patched-0.8.5.12.jar:?]
	at org.spongepowered.asm.service.modlauncher.MixinTransformationHandler.processClass(MixinTransformationHandler.java:131) ~[mixin-patched-0.8.5.12.jar:?]
	at org.spongepowered.asm.launch.MixinLaunchPluginLegacy.processClass(MixinLaunchPluginLegacy.java:131) ~[mixin-patched-0.8.5.12.jar:?]
	at cpw.mods.modlauncher.serviceapi.ILaunchPluginService.processClassWithFlags(ILaunchPluginService.java:156) ~[modlauncher-10.0.9.jar:10.0.9+10.0.9+main.dcd20f30]
	at cpw.mods.modlauncher.LaunchPluginHandler.offerClassNodeToPlugins(LaunchPluginHandler.java:88) ~[modlauncher-10.0.9.jar:?]
	at cpw.mods.modlauncher.ClassTransformer.transform(ClassTransformer.java:120) ~[modlauncher-10.0.9.jar:?]
	at cpw.mods.modlauncher.TransformingClassLoader.maybeTransformClassBytes(TransformingClassLoader.java:50) ~[modlauncher-10.0.9.jar:?]
	at cpw.mods.cl.ModuleClassLoader.readerToClass(ModuleClassLoader.java:113) ~[securejarhandler-2.1.10.jar:?]
	at cpw.mods.cl.ModuleClassLoader.lambda$findClass$15(ModuleClassLoader.java:219) ~[securejarhandler-2.1.10.jar:?]
	at cpw.mods.cl.ModuleClassLoader.loadFromModule(ModuleClassLoader.java:229) ~[securejarhandler-2.1.10.jar:?]
	at cpw.mods.cl.ModuleClassLoader.findClass(ModuleClassLoader.java:219) ~[securejarhandler-2.1.10.jar:?]
	at java.lang.ClassLoader.loadClass(ClassLoader.java:637) ~[?:?]
	at java.lang.Class.forName(Class.java:547) ~[?:?]
	at net.minecraftforge.fml.earlydisplay.DisplayWindow.lambda$updateModuleReads$13(DisplayWindow.java:615) ~[fmlearlydisplay-1.20.1-47.4.3.jar%2390!/:1.0]
	at java.util.Optional.map(Optional.java:260) ~[?:?]
	at net.minecraftforge.fml.earlydisplay.DisplayWindow.updateModuleReads(DisplayWindow.java:615) ~[fmlearlydisplay-1.20.1-47.4.3.jar%2390!/:1.0]
	at net.minecraftforge.fml.loading.ImmediateWindowHandler.acceptGameLayer(ImmediateWindowHandler.java:71) ~[fmlloader-1.20.1-47.4.3.jar%2391!/:1.0]
	at net.minecraftforge.fml.loading.FMLLoader.beforeStart(FMLLoader.java:216) ~[fmlloader-1.20.1-47.4.3.jar%2391!/:1.0]
	at net.minecraftforge.fml.loading.targets.CommonLaunchHandler.launchService(CommonLaunchHandler.java:92) ~[fmlloader-1.20.1-47.4.3.jar%2391!/:?]
	at cpw.mods.modlauncher.LaunchServiceHandlerDecorator.launch(LaunchServiceHandlerDecorator.java:30) ~[modlauncher-10.0.9.jar%2395!/:?]
	at cpw.mods.modlauncher.LaunchServiceHandler.launch(LaunchServiceHandler.java:53) ~[modlauncher-10.0.9.jar%2395!/:?]
	at cpw.mods.modlauncher.LaunchServiceHandler.launch(LaunchServiceHandler.java:71) ~[modlauncher-10.0.9.jar%2395!/:?]
	at cpw.mods.modlauncher.Launcher.run(Launcher.java:108) ~[modlauncher-10.0.9.jar%2395!/:?]
	at cpw.mods.modlauncher.Launcher.main(Launcher.java:78) ~[modlauncher-10.0.9.jar%2395!/:?]
	at cpw.mods.modlauncher.BootstrapLaunchConsumer.accept(BootstrapLaunchConsumer.java:26) ~[modlauncher-10.0.9.jar%2395!/:?]
	at cpw.mods.modlauncher.BootstrapLaunchConsumer.accept(BootstrapLaunchConsumer.java:23) ~[modlauncher-10.0.9.jar%2395!/:?]
	at cpw.mods.bootstraplauncher.BootstrapLauncher.main(BootstrapLauncher.java:141) ~[?:?]
	at net.fabricmc.devlaunchinjector.Main.main(Main.java:86) ~[dev-launch-injector-0.2.1+build.8.jar%23179!/:?]
[17:17:00] [main/WARN] (mixin) Error loading class: net/minecraft/world/level/biome/Biomes (java.lang.ClassNotFoundException: net.minecraft.world.level.biome.Biomes)
[17:17:00] [main/WARN] (mixin) @Mixin target net.minecraft.world.level.biome.Biomes was not found mixins.oculus.json:MixinBiomes
[17:17:00] [main/WARN] (mixin) Error loading class: net/minecraft/world/level/block/state/BlockBehaviour$BlockStateBase (java.lang.ClassNotFoundException: net.minecraft.world.level.block.state.BlockBehaviour$BlockStateBase)
[17:17:00] [main/WARN] (mixin) @Mixin target net.minecraft.world.level.block.state.BlockBehaviour$BlockStateBase was not found mixins.oculus.json:MixinBlockStateBehavior
[17:17:00] [main/WARN] (mixin) Error loading class: com/mojang/blaze3d/platform/GlStateManager$BooleanState (java.lang.ClassNotFoundException: com.mojang.blaze3d.platform.GlStateManager$BooleanState)
[17:17:00] [main/WARN] (mixin) @Mixin target com.mojang.blaze3d.platform.GlStateManager$BooleanState was not found mixins.oculus.json:MixinBooleanState
[17:17:00] [main/WARN] (mixin) Error loading class: net/minecraft/client/renderer/chunk/ChunkRenderDispatcher$RenderChunk$RebuildTask (java.lang.ClassNotFoundException: net.minecraft.client.renderer.chunk.ChunkRenderDispatcher$RenderChunk$RebuildTask)
[17:17:00] [main/WARN] (mixin) @Mixin target net.minecraft.client.renderer.chunk.ChunkRenderDispatcher$RenderChunk$RebuildTask was not found mixins.oculus.json:MixinChunkRenderDispatcherRebuildTask
[17:17:00] [main/WARN] (mixin) Error loading class: net/minecraft/server/ChainedJsonException (java.lang.ClassNotFoundException: net.minecraft.server.ChainedJsonException)
[17:17:00] [main/WARN] (mixin) @Mixin target net.minecraft.server.ChainedJsonException was not found mixins.oculus.json:MixinChainedJsonException
[17:17:00] [main/WARN] (mixin) Error loading class: net/minecraft/client/resources/language/ClientLanguage (java.lang.ClassNotFoundException: net.minecraft.client.resources.language.ClientLanguage)
[17:17:00] [main/WARN] (mixin) @Mixin target net.minecraft.client.resources.language.ClientLanguage was not found mixins.oculus.json:MixinClientLanguage
[17:17:00] [main/WARN] (mixin) Error loading class: net/minecraft/client/multiplayer/ClientPacketListener (java.lang.ClassNotFoundException: net.minecraft.client.multiplayer.ClientPacketListener)
[17:17:00] [main/WARN] (mixin) @Mixin target net.minecraft.client.multiplayer.ClientPacketListener was not found mixins.oculus.json:MixinClientPacketListener
[17:17:00] [main/WARN] (mixin) Error loading class: net/minecraft/client/gui/components/DebugScreenOverlay (java.lang.ClassNotFoundException: net.minecraft.client.gui.components.DebugScreenOverlay)
[17:17:00] [main/WARN] (mixin) @Mixin target net.minecraft.client.gui.components.DebugScreenOverlay was not found mixins.oculus.json:MixinDebugScreenOverlay
[17:17:00] [main/WARN] (mixin) Error loading class: net/minecraft/client/renderer/entity/EntityRenderDispatcher (java.lang.ClassNotFoundException: net.minecraft.client.renderer.entity.EntityRenderDispatcher)
[17:17:00] [main/WARN] (mixin) @Mixin target net.minecraft.client.renderer.entity.EntityRenderDispatcher was not found mixins.oculus.json:MixinEntityRenderDispatcher
[17:17:00] [main/WARN] (mixin) Error loading class: net/minecraft/client/renderer/FogRenderer (java.lang.ClassNotFoundException: net.minecraft.client.renderer.FogRenderer)
[17:17:00] [main/WARN] (mixin) @Mixin target net.minecraft.client.renderer.FogRenderer was not found mixins.oculus.json:MixinFogRenderer
[17:17:00] [main/WARN] (mixin) Error loading class: net/minecraft/client/renderer/GameRenderer (java.lang.ClassNotFoundException: net.minecraft.client.renderer.GameRenderer)
[17:17:00] [main/WARN] (mixin) @Mixin target net.minecraft.client.renderer.GameRenderer was not found mixins.oculus.json:MixinGameRenderer
[17:17:00] [main/WARN] (mixin) Error loading class: net/minecraft/client/renderer/GameRenderer (java.lang.ClassNotFoundException: net.minecraft.client.renderer.GameRenderer)
[17:17:00] [main/WARN] (mixin) @Mixin target net.minecraft.client.renderer.GameRenderer was not found mixins.oculus.json:MixinGameRenderer_NightVisionCompat
[17:17:00] [main/WARN] (mixin) Error loading class: net/minecraft/world/item/Item (java.lang.ClassNotFoundException: net.minecraft.world.item.Item)
[17:17:00] [main/WARN] (mixin) @Mixin target net.minecraft.world.item.Item was not found mixins.oculus.json:MixinItem
[17:17:00] [main/WARN] (mixin) Error loading class: net/minecraft/client/renderer/ItemBlockRenderTypes (java.lang.ClassNotFoundException: net.minecraft.client.renderer.ItemBlockRenderTypes)
[17:17:00] [main/WARN] (mixin) @Mixin target net.minecraft.client.renderer.ItemBlockRenderTypes was not found mixins.oculus.json:MixinItemBlockRenderTypes
[17:17:00] [main/WARN] (mixin) Error loading class: net/minecraft/client/renderer/ItemInHandRenderer (java.lang.ClassNotFoundException: net.minecraft.client.renderer.ItemInHandRenderer)
[17:17:00] [main/WARN] (mixin) @Mixin target net.minecraft.client.renderer.ItemInHandRenderer was not found mixins.oculus.json:MixinItemInHandRenderer
[17:17:00] [main/WARN] (mixin) Error loading class: net/minecraft/client/renderer/LevelRenderer (java.lang.ClassNotFoundException: net.minecraft.client.renderer.LevelRenderer)
[17:17:00] [main/WARN] (mixin) @Mixin target net.minecraft.client.renderer.LevelRenderer was not found mixins.oculus.json:MixinLevelRenderer
[17:17:00] [main/WARN] (mixin) Error loading class: net/minecraft/client/renderer/entity/LightningBoltRenderer (java.lang.ClassNotFoundException: net.minecraft.client.renderer.entity.LightningBoltRenderer)
[17:17:00] [main/WARN] (mixin) @Mixin target net.minecraft.client.renderer.entity.LightningBoltRenderer was not found mixins.oculus.json:MixinLightningBoltRenderer
[17:17:00] [main/WARN] (mixin) Error loading class: net/minecraft/client/renderer/LightTexture (java.lang.ClassNotFoundException: net.minecraft.client.renderer.LightTexture)
[17:17:00] [main/WARN] (mixin) @Mixin target net.minecraft.client.renderer.LightTexture was not found mixins.oculus.json:MixinLightTexture
[17:17:00] [main/WARN] (mixin) Error loading class: net/minecraft/client/Minecraft (java.lang.ClassNotFoundException: net.minecraft.client.Minecraft)
[17:17:00] [main/WARN] (mixin) @Mixin target net.minecraft.client.Minecraft was not found mixins.oculus.json:MixinMinecraft_PipelineManagement
[17:17:00] [main/WARN] (mixin) Error loading class: net/minecraft/client/renderer/GameRenderer (java.lang.ClassNotFoundException: net.minecraft.client.renderer.GameRenderer)
[17:17:00] [main/WARN] (mixin) @Mixin target net.minecraft.client.renderer.GameRenderer was not found mixins.oculus.json:MixinModelViewBobbing
[17:17:00] [main/WARN] (mixin) Error loading class: net/minecraft/client/Options (java.lang.ClassNotFoundException: net.minecraft.client.Options)
[17:17:00] [main/WARN] (mixin) @Mixin target net.minecraft.client.Options was not found mixins.oculus.json:MixinOptions_Entrypoint
[17:17:00] [main/WARN] (mixin) Error loading class: net/minecraft/client/particle/ParticleEngine (java.lang.ClassNotFoundException: net.minecraft.client.particle.ParticleEngine)
[17:17:00] [main/WARN] (mixin) @Mixin target net.minecraft.client.particle.ParticleEngine was not found mixins.oculus.json:MixinParticleEngine
[17:17:00] [main/WARN] (mixin) Error loading class: com/mojang/blaze3d/shaders/Program (java.lang.ClassNotFoundException: com.mojang.blaze3d.shaders.Program)
[17:17:00] [main/WARN] (mixin) @Mixin target com.mojang.blaze3d.shaders.Program was not found mixins.oculus.json:MixinProgram
[17:17:00] [main/WARN] (mixin) Error loading class: com/mojang/blaze3d/shaders/ProgramManager (java.lang.ClassNotFoundException: com.mojang.blaze3d.shaders.ProgramManager)
[17:17:00] [main/WARN] (mixin) @Mixin target com.mojang.blaze3d.shaders.ProgramManager was not found mixins.oculus.json:MixinProgramManager
[17:17:00] [main/WARN] (mixin) Error loading class: com/mojang/blaze3d/shaders/Program$Type (java.lang.ClassNotFoundException: com.mojang.blaze3d.shaders.Program$Type)
[17:17:00] [main/WARN] (mixin) @Mixin target com.mojang.blaze3d.shaders.Program$Type was not found mixins.oculus.json:MixinProgramType
[17:17:00] [main/WARN] (mixin) Error loading class: com/mojang/blaze3d/pipeline/RenderTarget (java.lang.ClassNotFoundException: com.mojang.blaze3d.pipeline.RenderTarget)
[17:17:00] [main/WARN] (mixin) @Mixin target com.mojang.blaze3d.pipeline.RenderTarget was not found mixins.oculus.json:MixinRenderTarget
[17:17:00] [main/WARN] (mixin) Error loading class: net/minecraft/client/renderer/ScreenEffectRenderer (java.lang.ClassNotFoundException: net.minecraft.client.renderer.ScreenEffectRenderer)
[17:17:00] [main/WARN] (mixin) @Mixin target net.minecraft.client.renderer.ScreenEffectRenderer was not found mixins.oculus.json:MixinScreenEffectRenderer
[17:17:00] [main/WARN] (mixin) Error loading class: net/minecraft/client/renderer/ShaderInstance (java.lang.ClassNotFoundException: net.minecraft.client.renderer.ShaderInstance)
[17:17:00] [main/WARN] (mixin) @Mixin target net.minecraft.client.renderer.ShaderInstance was not found mixins.oculus.json:MixinShaderInstance
[17:17:00] [main/WARN] (mixin) Error loading class: net/minecraft/SystemReport (java.lang.ClassNotFoundException: net.minecraft.SystemReport)
[17:17:00] [main/WARN] (mixin) @Mixin target net.minecraft.SystemReport was not found mixins.oculus.json:MixinSystemReport
[17:17:00] [main/WARN] (mixin) Error loading class: net/minecraft/client/renderer/blockentity/TheEndPortalRenderer (java.lang.ClassNotFoundException: net.minecraft.client.renderer.blockentity.TheEndPortalRenderer)
[17:17:00] [main/WARN] (mixin) @Mixin target net.minecraft.client.renderer.blockentity.TheEndPortalRenderer was not found mixins.oculus.json:MixinTheEndPortalRenderer
[17:17:00] [main/WARN] (mixin) Error loading class: net/minecraft/client/gui/screens/TitleScreen (java.lang.ClassNotFoundException: net.minecraft.client.gui.screens.TitleScreen)
[17:17:00] [main/WARN] (mixin) @Mixin target net.minecraft.client.gui.screens.TitleScreen was not found mixins.oculus.json:MixinTitleScreen
[17:17:00] [main/WARN] (mixin) Error loading class: com/mojang/blaze3d/shaders/Uniform (java.lang.ClassNotFoundException: com.mojang.blaze3d.shaders.Uniform)
[17:17:00] [main/WARN] (mixin) @Mixin target com.mojang.blaze3d.shaders.Uniform was not found mixins.oculus.json:MixinUniform
[17:17:00] [main/WARN] (mixin) Error loading class: com/mojang/blaze3d/vertex/VertexBuffer (java.lang.ClassNotFoundException: com.mojang.blaze3d.vertex.VertexBuffer)
[17:17:00] [main/WARN] (mixin) @Mixin target com.mojang.blaze3d.vertex.VertexBuffer was not found mixins.oculus.json:MixinVertexBuffer
[17:17:00] [main/WARN] (mixin) Error loading class: com/mojang/blaze3d/platform/Window (java.lang.ClassNotFoundException: com.mojang.blaze3d.platform.Window)
[17:17:00] [main/WARN] (mixin) @Mixin target com.mojang.blaze3d.platform.Window was not found mixins.oculus.json:MixinWindow
[17:17:00] [main/WARN] (mixin) Error loading class: com/mojang/blaze3d/shaders/Program$Type (java.lang.ClassNotFoundException: com.mojang.blaze3d.shaders.Program$Type)
[17:17:00] [main/WARN] (mixin) @Mixin target com.mojang.blaze3d.shaders.Program$Type was not found mixins.oculus.json:ProgramTypeAccessor
[17:17:00] [main/WARN] (mixin) Error loading class: net/minecraft/client/renderer/blockentity/BlockEntityRenderDispatcher (java.lang.ClassNotFoundException: net.minecraft.client.renderer.blockentity.BlockEntityRenderDispatcher)
[17:17:00] [main/WARN] (mixin) @Mixin target net.minecraft.client.renderer.blockentity.BlockEntityRenderDispatcher was not found mixins.oculus.json:entity_render_context.MixinBlockEntityRenderDispatcher
[17:17:00] [main/WARN] (mixin) Error loading class: net/minecraft/client/renderer/entity/layers/CapeLayer (java.lang.ClassNotFoundException: net.minecraft.client.renderer.entity.layers.CapeLayer)
[17:17:00] [main/WARN] (mixin) @Mixin target net.minecraft.client.renderer.entity.layers.CapeLayer was not found mixins.oculus.json:entity_render_context.MixinCapeLayer
[17:17:00] [main/WARN] (mixin) Error loading class: net/minecraft/client/renderer/entity/layers/ElytraLayer (java.lang.ClassNotFoundException: net.minecraft.client.renderer.entity.layers.ElytraLayer)
[17:17:00] [main/WARN] (mixin) @Mixin target net.minecraft.client.renderer.entity.layers.ElytraLayer was not found mixins.oculus.json:entity_render_context.MixinElytraLayer
[17:17:00] [main/WARN] (mixin) Error loading class: mekanism/client/render/entity/RenderFlame (java.lang.ClassNotFoundException: mekanism.client.render.entity.RenderFlame)
[17:17:00] [main/WARN] (mixin) Error loading class: mekanism/client/render/armor/MekaSuitArmor (java.lang.ClassNotFoundException: mekanism.client.render.armor.MekaSuitArmor)
[17:17:00] [main/WARN] (mixin) Error loading class: net/minecraft/client/renderer/entity/EntityRenderDispatcher (java.lang.ClassNotFoundException: net.minecraft.client.renderer.entity.EntityRenderDispatcher)
[17:17:00] [main/WARN] (mixin) @Mixin target net.minecraft.client.renderer.entity.EntityRenderDispatcher was not found mixins.oculus.json:entity_render_context.MixinEntityRenderDispatcher
[17:17:00] [main/WARN] (mixin) Error loading class: net/minecraft/client/renderer/entity/layers/HorseArmorLayer (java.lang.ClassNotFoundException: net.minecraft.client.renderer.entity.layers.HorseArmorLayer)
[17:17:00] [main/WARN] (mixin) @Mixin target net.minecraft.client.renderer.entity.layers.HorseArmorLayer was not found mixins.oculus.json:entity_render_context.MixinHorseArmorLayer
[17:17:00] [main/WARN] (mixin) Error loading class: net/minecraft/client/renderer/entity/layers/HumanoidArmorLayer (java.lang.ClassNotFoundException: net.minecraft.client.renderer.entity.layers.HumanoidArmorLayer)
[17:17:00] [main/WARN] (mixin) @Mixin target net.minecraft.client.renderer.entity.layers.HumanoidArmorLayer was not found mixins.oculus.json:entity_render_context.MixinHumanoidArmorLayer
[17:17:00] [main/WARN] (mixin) Error loading class: net/minecraft/client/renderer/entity/ItemRenderer (java.lang.ClassNotFoundException: net.minecraft.client.renderer.entity.ItemRenderer)
[17:17:00] [main/WARN] (mixin) @Mixin target net.minecraft.client.renderer.entity.ItemRenderer was not found mixins.oculus.json:entity_render_context.MixinItemRenderer
[17:17:00] [main/WARN] (mixin) Error loading class: net/minecraft/client/renderer/LevelRenderer (java.lang.ClassNotFoundException: net.minecraft.client.renderer.LevelRenderer)
[17:17:00] [main/WARN] (mixin) @Mixin target net.minecraft.client.renderer.LevelRenderer was not found mixins.oculus.json:fabulous.MixinDisableFabulousGraphics
[17:17:00] [main/WARN] (mixin) Error loading class: net/minecraft/client/gui/screens/VideoSettingsScreen (java.lang.ClassNotFoundException: net.minecraft.client.gui.screens.VideoSettingsScreen)
[17:17:00] [main/WARN] (mixin) @Mixin target net.minecraft.client.gui.screens.VideoSettingsScreen was not found mixins.oculus.json:gui.MixinVideoSettingsScreen
[17:17:00] [main/WARN] (mixin) Error loading class: net/minecraft/client/renderer/RenderStateShard (java.lang.ClassNotFoundException: net.minecraft.client.renderer.RenderStateShard)
[17:17:00] [main/WARN] (mixin) @Mixin target net.minecraft.client.renderer.RenderStateShard was not found mixins.oculus.json:rendertype.RenderStateShardAccessor
[17:17:00] [main/WARN] (mixin) Error loading class: net/minecraft/client/renderer/RenderType (java.lang.ClassNotFoundException: net.minecraft.client.renderer.RenderType)
[17:17:00] [main/WARN] (mixin) @Mixin target net.minecraft.client.renderer.RenderType was not found mixins.oculus.json:rendertype.RenderTypeAccessor
[17:17:00] [main/WARN] (mixin) Error loading class: net/minecraft/client/renderer/blockentity/BeaconRenderer (java.lang.ClassNotFoundException: net.minecraft.client.renderer.blockentity.BeaconRenderer)
[17:17:00] [main/WARN] (mixin) @Mixin target net.minecraft.client.renderer.blockentity.BeaconRenderer was not found mixins.oculus.json:shadows.MixinBeaconRenderer
[17:17:00] [main/WARN] (mixin) Error loading class: net/minecraft/client/renderer/LevelRenderer (java.lang.ClassNotFoundException: net.minecraft.client.renderer.LevelRenderer)
[17:17:00] [main/WARN] (mixin) @Mixin target net.minecraft.client.renderer.LevelRenderer was not found mixins.oculus.json:shadows.MixinLevelRenderer
[17:17:00] [main/WARN] (mixin) Error loading class: net/minecraft/client/renderer/LevelRenderer (java.lang.ClassNotFoundException: net.minecraft.client.renderer.LevelRenderer)
[17:17:00] [main/WARN] (mixin) @Mixin target net.minecraft.client.renderer.LevelRenderer was not found mixins.oculus.json:shadows.MixinPreventRebuildNearInShadowPass
[17:17:00] [main/WARN] (mixin) Error loading class: net/minecraft/client/multiplayer/ClientLevel$ClientLevelData (java.lang.ClassNotFoundException: net.minecraft.client.multiplayer.ClientLevel$ClientLevelData)
[17:17:00] [main/WARN] (mixin) @Mixin target net.minecraft.client.multiplayer.ClientLevel$ClientLevelData was not found mixins.oculus.json:sky.MixinClientLevelData_DisableVoidPlane
[17:17:00] [main/WARN] (mixin) Error loading class: net/minecraft/client/renderer/DimensionSpecialEffects (java.lang.ClassNotFoundException: net.minecraft.client.renderer.DimensionSpecialEffects)
[17:17:00] [main/WARN] (mixin) @Mixin target net.minecraft.client.renderer.DimensionSpecialEffects was not found mixins.oculus.json:sky.MixinDimensionSpecialEffects
[17:17:00] [main/WARN] (mixin) Error loading class: net/minecraft/client/renderer/LevelRenderer (java.lang.ClassNotFoundException: net.minecraft.client.renderer.LevelRenderer)
[17:17:00] [main/WARN] (mixin) @Mixin target net.minecraft.client.renderer.LevelRenderer was not found mixins.oculus.json:sky.MixinLevelRenderer_SunMoonToggle
[17:17:00] [main/WARN] (mixin) Error loading class: net/minecraft/client/Options (java.lang.ClassNotFoundException: net.minecraft.client.Options)
[17:17:00] [main/WARN] (mixin) @Mixin target net.minecraft.client.Options was not found mixins.oculus.json:sky.MixinOptions_CloudsOverride
[17:17:00] [main/WARN] (mixin) Error loading class: net/minecraft/client/renderer/PostChain (java.lang.ClassNotFoundException: net.minecraft.client.renderer.PostChain)
[17:17:00] [main/WARN] (mixin) @Mixin target net.minecraft.client.renderer.PostChain was not found mixins.oculus.json:state_tracking.MixinPostChain
[17:17:00] [main/WARN] (mixin) Error loading class: com/mojang/blaze3d/pipeline/RenderTarget (java.lang.ClassNotFoundException: com.mojang.blaze3d.pipeline.RenderTarget)
[17:17:00] [main/WARN] (mixin) @Mixin target com.mojang.blaze3d.pipeline.RenderTarget was not found mixins.oculus.json:state_tracking.MixinRenderTarget
[17:17:00] [main/WARN] (mixin) Error loading class: com/mojang/blaze3d/platform/GlStateManager$BooleanState (java.lang.ClassNotFoundException: com.mojang.blaze3d.platform.GlStateManager$BooleanState)
[17:17:00] [main/WARN] (mixin) @Mixin target com.mojang.blaze3d.platform.GlStateManager$BooleanState was not found mixins.oculus.json:statelisteners.BooleanStateAccessor
[17:17:00] [main/WARN] (mixin) Error loading class: net/minecraft/client/resources/metadata/animation/AnimationMetadataSection (java.lang.ClassNotFoundException: net.minecraft.client.resources.metadata.animation.AnimationMetadataSection)
[17:17:00] [main/WARN] (mixin) @Mixin target net.minecraft.client.resources.metadata.animation.AnimationMetadataSection was not found mixins.oculus.json:texture.AnimationMetadataSectionAccessor
[17:17:00] [main/WARN] (mixin) Error loading class: net/minecraft/client/renderer/texture/AbstractTexture (java.lang.ClassNotFoundException: net.minecraft.client.renderer.texture.AbstractTexture)
[17:17:00] [main/WARN] (mixin) @Mixin target net.minecraft.client.renderer.texture.AbstractTexture was not found mixins.oculus.json:texture.MixinAbstractTexture
[17:17:00] [main/WARN] (mixin) Error loading class: net/minecraft/resources/ResourceLocation (java.lang.ClassNotFoundException: net.minecraft.resources.ResourceLocation)
[17:17:00] [main/WARN] (mixin) @Mixin target net.minecraft.resources.ResourceLocation was not found mixins.oculus.json:texture.MixinResourceLocation
[17:17:00] [main/WARN] (mixin) Error loading class: net/minecraft/client/renderer/texture/SpriteContents (java.lang.ClassNotFoundException: net.minecraft.client.renderer.texture.SpriteContents)
[17:17:00] [main/WARN] (mixin) @Mixin target net.minecraft.client.renderer.texture.SpriteContents was not found mixins.oculus.json:texture.MixinSpriteContents
[17:17:00] [main/WARN] (mixin) Error loading class: net/minecraft/client/renderer/texture/TextureManager (java.lang.ClassNotFoundException: net.minecraft.client.renderer.texture.TextureManager)
[17:17:00] [main/WARN] (mixin) @Mixin target net.minecraft.client.renderer.texture.TextureManager was not found mixins.oculus.json:texture.MixinTextureManager
[17:17:00] [main/WARN] (mixin) Error loading class: net/minecraft/client/renderer/texture/SimpleTexture (java.lang.ClassNotFoundException: net.minecraft.client.renderer.texture.SimpleTexture)
[17:17:00] [main/WARN] (mixin) @Mixin target net.minecraft.client.renderer.texture.SimpleTexture was not found mixins.oculus.json:texture.SimpleTextureAccessor
[17:17:00] [main/WARN] (mixin) Error loading class: net/minecraft/client/renderer/texture/SpriteContents (java.lang.ClassNotFoundException: net.minecraft.client.renderer.texture.SpriteContents)
[17:17:00] [main/WARN] (mixin) @Mixin target net.minecraft.client.renderer.texture.SpriteContents was not found mixins.oculus.json:texture.SpriteContentsAccessor
[17:17:00] [main/WARN] (mixin) Error loading class: net/minecraft/client/renderer/texture/SpriteContents$AnimatedTexture (java.lang.ClassNotFoundException: net.minecraft.client.renderer.texture.SpriteContents$AnimatedTexture)
[17:17:00] [main/WARN] (mixin) @Mixin target net.minecraft.client.renderer.texture.SpriteContents$AnimatedTexture was not found mixins.oculus.json:texture.SpriteContentsAnimatedTextureAccessor
[17:17:00] [main/WARN] (mixin) Error loading class: net/minecraft/client/renderer/texture/SpriteContents$FrameInfo (java.lang.ClassNotFoundException: net.minecraft.client.renderer.texture.SpriteContents$FrameInfo)
[17:17:00] [main/WARN] (mixin) @Mixin target net.minecraft.client.renderer.texture.SpriteContents$FrameInfo was not found mixins.oculus.json:texture.SpriteContentsFrameInfoAccessor
[17:17:00] [main/WARN] (mixin) Error loading class: net/minecraft/client/renderer/texture/SpriteContents$Ticker (java.lang.ClassNotFoundException: net.minecraft.client.renderer.texture.SpriteContents$Ticker)
[17:17:00] [main/WARN] (mixin) @Mixin target net.minecraft.client.renderer.texture.SpriteContents$Ticker was not found mixins.oculus.json:texture.SpriteContentsTickerAccessor
[17:17:00] [main/WARN] (mixin) Error loading class: net/minecraft/client/renderer/texture/TextureAtlas (java.lang.ClassNotFoundException: net.minecraft.client.renderer.texture.TextureAtlas)
[17:17:00] [main/WARN] (mixin) @Mixin target net.minecraft.client.renderer.texture.TextureAtlas was not found mixins.oculus.json:texture.TextureAtlasAccessor
[17:17:00] [main/WARN] (mixin) Error loading class: net/minecraft/client/renderer/texture/atlas/sources/DirectoryLister (java.lang.ClassNotFoundException: net.minecraft.client.renderer.texture.atlas.sources.DirectoryLister)
[17:17:00] [main/WARN] (mixin) @Mixin target net.minecraft.client.renderer.texture.atlas.sources.DirectoryLister was not found mixins.oculus.json:texture.pbr.MixinDirectoryLister
[17:17:00] [main/WARN] (mixin) Error loading class: net/minecraft/client/renderer/texture/SpriteContents (java.lang.ClassNotFoundException: net.minecraft.client.renderer.texture.SpriteContents)
[17:17:00] [main/WARN] (mixin) @Mixin target net.minecraft.client.renderer.texture.SpriteContents was not found mixins.oculus.json:texture.pbr.MixinSpriteContents
[17:17:00] [main/WARN] (mixin) Error loading class: net/minecraft/client/renderer/texture/TextureAtlas (java.lang.ClassNotFoundException: net.minecraft.client.renderer.texture.TextureAtlas)
[17:17:00] [main/WARN] (mixin) @Mixin target net.minecraft.client.renderer.texture.TextureAtlas was not found mixins.oculus.json:texture.pbr.MixinTextureAtlas
[17:17:00] [main/WARN] (mixin) Error loading class: net/minecraft/client/renderer/LevelRenderer (java.lang.ClassNotFoundException: net.minecraft.client.renderer.LevelRenderer)
[17:17:00] [main/WARN] (mixin) @Mixin target net.minecraft.client.renderer.LevelRenderer was not found mixins.oculus.fantastic.json:MixinLevelRenderer
[17:17:00] [main/WARN] (mixin) Error loading class: net/minecraft/client/particle/ParticleEngine (java.lang.ClassNotFoundException: net.minecraft.client.particle.ParticleEngine)
[17:17:00] [main/WARN] (mixin) @Mixin target net.minecraft.client.particle.ParticleEngine was not found mixins.oculus.fantastic.json:MixinParticleEngine
[17:17:00] [main/WARN] (mixin) Error loading class: net/minecraft/client/particle/BlockMarker (java.lang.ClassNotFoundException: net.minecraft.client.particle.BlockMarker)
[17:17:00] [main/WARN] (mixin) @Mixin target net.minecraft.client.particle.BlockMarker was not found mixins.oculus.fantastic.json:MixinStationaryItemParticle
[17:17:00] [main/WARN] (mixin) Error loading class: net/minecraft/client/particle/TerrainParticle (java.lang.ClassNotFoundException: net.minecraft.client.particle.TerrainParticle)
[17:17:00] [main/WARN] (mixin) @Mixin target net.minecraft.client.particle.TerrainParticle was not found mixins.oculus.fantastic.json:MixinTerrainParticle
[17:17:00] [main/WARN] (mixin) Error loading class: com/mojang/blaze3d/vertex/BufferBuilder (java.lang.ClassNotFoundException: com.mojang.blaze3d.vertex.BufferBuilder)
[17:17:00] [main/WARN] (mixin) @Mixin target com.mojang.blaze3d.vertex.BufferBuilder was not found mixins.oculus.vertexformat.json:MixinBufferBuilder
[17:17:00] [main/WARN] (mixin) Error loading class: com/mojang/blaze3d/vertex/VertexFormat (java.lang.ClassNotFoundException: com.mojang.blaze3d.vertex.VertexFormat)
[17:17:00] [main/WARN] (mixin) @Mixin target com.mojang.blaze3d.vertex.VertexFormat was not found mixins.oculus.vertexformat.json:MixinVertexFormat
[17:17:00] [main/WARN] (mixin) Error loading class: com/mojang/blaze3d/vertex/VertexFormatElement (java.lang.ClassNotFoundException: com.mojang.blaze3d.vertex.VertexFormatElement)
[17:17:00] [main/WARN] (mixin) @Mixin target com.mojang.blaze3d.vertex.VertexFormatElement was not found mixins.oculus.vertexformat.json:MixinVertexFormatElement
[17:17:00] [main/WARN] (mixin) Error loading class: com/mojang/blaze3d/vertex/BufferBuilder (java.lang.ClassNotFoundException: com.mojang.blaze3d.vertex.BufferBuilder)
[17:17:00] [main/WARN] (mixin) @Mixin target com.mojang.blaze3d.vertex.BufferBuilder was not found mixins.oculus.vertexformat.json:block_rendering.MixinBufferBuilder_SeparateAo
[17:17:00] [main/WARN] (mixin) Error loading class: net/minecraft/client/multiplayer/ClientLevel (java.lang.ClassNotFoundException: net.minecraft.client.multiplayer.ClientLevel)
[17:17:00] [main/WARN] (mixin) @Mixin target net.minecraft.client.multiplayer.ClientLevel was not found mixins.oculus.vertexformat.json:block_rendering.MixinClientLevel
[17:17:00] [main/WARN] (mixin) Error loading class: net/minecraft/client/renderer/MultiBufferSource$BufferSource (java.lang.ClassNotFoundException: net.minecraft.client.renderer.MultiBufferSource$BufferSource)
[17:17:00] [main/WARN] (mixin) @Mixin target net.minecraft.client.renderer.MultiBufferSource$BufferSource was not found mixins.oculus.vertexformat.json:immediate.MixinBufferSource
[17:17:00] [main/WARN] (mixin) Error loading class: net/minecraft/client/renderer/LevelRenderer (java.lang.ClassNotFoundException: net.minecraft.client.renderer.LevelRenderer)
[17:17:00] [main/WARN] (mixin) @Mixin target net.minecraft.client.renderer.LevelRenderer was not found mixins.oculus.vertexformat.json:immediate.MixinLevelRenderer
[17:17:00] [main/WARN] (mixin) Error loading class: net/minecraft/client/Options (java.lang.ClassNotFoundException: net.minecraft.client.Options)
[17:17:00] [main/WARN] (mixin) @Mixin target net.minecraft.client.Options was not found mixins.oculus.fixes.maxfpscrash.json:MixinMaxFpsCrashFix
[17:17:00] [main/WARN] (mixin) Error loading class: net/minecraft/client/renderer/MultiBufferSource$BufferSource (java.lang.ClassNotFoundException: net.minecraft.client.renderer.MultiBufferSource$BufferSource)
[17:17:00] [main/WARN] (mixin) @Mixin target net.minecraft.client.renderer.MultiBufferSource$BufferSource was not found oculus-batched-entity-rendering.mixins.json:BufferSourceAccessor
[17:17:00] [main/WARN] (mixin) Error loading class: net/minecraft/client/renderer/RenderType$CompositeState (java.lang.ClassNotFoundException: net.minecraft.client.renderer.RenderType$CompositeState)
[17:17:00] [main/WARN] (mixin) @Mixin target net.minecraft.client.renderer.RenderType$CompositeState was not found oculus-batched-entity-rendering.mixins.json:CompositeStateAccessor
[17:17:00] [main/WARN] (mixin) Error loading class: com/mojang/blaze3d/vertex/BufferBuilder (java.lang.ClassNotFoundException: com.mojang.blaze3d.vertex.BufferBuilder)
[17:17:00] [main/WARN] (mixin) @Mixin target com.mojang.blaze3d.vertex.BufferBuilder was not found oculus-batched-entity-rendering.mixins.json:MixinBufferBuilder
[17:17:00] [main/WARN] (mixin) Error loading class: com/mojang/blaze3d/vertex/BufferBuilder (java.lang.ClassNotFoundException: com.mojang.blaze3d.vertex.BufferBuilder)
[17:17:00] [main/WARN] (mixin) @Mixin target com.mojang.blaze3d.vertex.BufferBuilder was not found oculus-batched-entity-rendering.mixins.json:MixinBufferBuilder_SegmentRendering
[17:17:00] [main/WARN] (mixin) Error loading class: net/minecraft/client/renderer/MultiBufferSource$BufferSource (java.lang.ClassNotFoundException: net.minecraft.client.renderer.MultiBufferSource$BufferSource)
[17:17:00] [main/WARN] (mixin) @Mixin target net.minecraft.client.renderer.MultiBufferSource$BufferSource was not found oculus-batched-entity-rendering.mixins.json:MixinBufferSource
[17:17:00] [main/WARN] (mixin) Error loading class: net/minecraft/client/renderer/RenderType$CompositeRenderType (java.lang.ClassNotFoundException: net.minecraft.client.renderer.RenderType$CompositeRenderType)
[17:17:00] [main/WARN] (mixin) @Mixin target net.minecraft.client.renderer.RenderType$CompositeRenderType was not found oculus-batched-entity-rendering.mixins.json:MixinCompositeRenderType
[17:17:00] [main/WARN] (mixin) Error loading class: net/minecraft/client/gui/components/DebugScreenOverlay (java.lang.ClassNotFoundException: net.minecraft.client.gui.components.DebugScreenOverlay)
[17:17:00] [main/WARN] (mixin) @Mixin target net.minecraft.client.gui.components.DebugScreenOverlay was not found oculus-batched-entity-rendering.mixins.json:MixinDebugScreenOverlay
[17:17:00] [main/WARN] (mixin) Error loading class: net/minecraft/client/renderer/entity/FishingHookRenderer (java.lang.ClassNotFoundException: net.minecraft.client.renderer.entity.FishingHookRenderer)
[17:17:00] [main/WARN] (mixin) @Mixin target net.minecraft.client.renderer.entity.FishingHookRenderer was not found oculus-batched-entity-rendering.mixins.json:MixinFishingHookRenderer
[17:17:00] [main/WARN] (mixin) Error loading class: net/minecraft/client/renderer/LevelRenderer (java.lang.ClassNotFoundException: net.minecraft.client.renderer.LevelRenderer)
[17:17:00] [main/WARN] (mixin) @Mixin target net.minecraft.client.renderer.LevelRenderer was not found oculus-batched-entity-rendering.mixins.json:MixinLevelRenderer
[17:17:00] [main/WARN] (mixin) Error loading class: net/minecraft/client/renderer/LevelRenderer (java.lang.ClassNotFoundException: net.minecraft.client.renderer.LevelRenderer)
[17:17:00] [main/WARN] (mixin) @Mixin target net.minecraft.client.renderer.LevelRenderer was not found oculus-batched-entity-rendering.mixins.json:MixinLevelRenderer_EntityListSorting
[17:17:00] [main/WARN] (mixin) Error loading class: net/minecraft/client/renderer/RenderBuffers (java.lang.ClassNotFoundException: net.minecraft.client.renderer.RenderBuffers)
[17:17:00] [main/WARN] (mixin) @Mixin target net.minecraft.client.renderer.RenderBuffers was not found oculus-batched-entity-rendering.mixins.json:MixinRenderBuffers
[17:17:00] [main/WARN] (mixin) Error loading class: net/minecraft/client/renderer/RenderType (java.lang.ClassNotFoundException: net.minecraft.client.renderer.RenderType)
[17:17:00] [main/WARN] (mixin) @Mixin target net.minecraft.client.renderer.RenderType was not found oculus-batched-entity-rendering.mixins.json:MixinRenderType
[17:17:00] [main/WARN] (mixin) Error loading class: net/minecraft/client/renderer/Sheets (java.lang.ClassNotFoundException: net.minecraft.client.renderer.Sheets)
[17:17:00] [main/WARN] (mixin) @Mixin target net.minecraft.client.renderer.Sheets was not found oculus-batched-entity-rendering.mixins.json:MixinSheets
[17:17:00] [main/WARN] (mixin) Error loading class: net/minecraft/client/renderer/OutlineBufferSource (java.lang.ClassNotFoundException: net.minecraft.client.renderer.OutlineBufferSource)
[17:17:00] [main/WARN] (mixin) @Mixin target net.minecraft.client.renderer.OutlineBufferSource was not found oculus-batched-entity-rendering.mixins.json:OutlineBufferSourceAccessor
[17:17:00] [main/WARN] (mixin) Error loading class: net/minecraft/client/renderer/RenderStateShard (java.lang.ClassNotFoundException: net.minecraft.client.renderer.RenderStateShard)
[17:17:00] [main/WARN] (mixin) @Mixin target net.minecraft.client.renderer.RenderStateShard was not found oculus-batched-entity-rendering.mixins.json:RenderStateShardAccessor
[17:17:00] [main/WARN] (mixin) Error loading class: net/minecraft/client/renderer/RenderType (java.lang.ClassNotFoundException: net.minecraft.client.renderer.RenderType)
[17:17:00] [main/WARN] (mixin) @Mixin target net.minecraft.client.renderer.RenderType was not found oculus-batched-entity-rendering.mixins.json:RenderTypeAccessor
[17:17:00] [main/WARN] (mixin) Error loading class: net/minecraft/client/renderer/ChunkBufferBuilderPack (java.lang.ClassNotFoundException: net.minecraft.client.renderer.ChunkBufferBuilderPack)
[17:17:00] [main/WARN] (mixin) @Mixin target net.minecraft.client.renderer.ChunkBufferBuilderPack was not found oculus-batched-entity-rendering.mixins.json:ChunkBufferBuilderPackAccessor
[17:17:00] [main/WARN] (mixin) Error loading class: net/minecraft/client/model/geom/ModelPart$Cube (java.lang.ClassNotFoundException: net.minecraft.client.model.geom.ModelPart$Cube)
[17:17:00] [main/WARN] (mixin) @Mixin target net.minecraft.client.model.geom.ModelPart$Cube was not found mixins.oculus.compat.sodium.json:copyEntity.CuboidMixin
[17:17:00] [main/WARN] (mixin) Error loading class: net/minecraft/client/model/geom/ModelPart (java.lang.ClassNotFoundException: net.minecraft.client.model.geom.ModelPart)
[17:17:00] [main/WARN] (mixin) @Mixin target net.minecraft.client.model.geom.ModelPart was not found mixins.oculus.compat.sodium.json:copyEntity.ModelPartMixin
[17:17:00] [main/WARN] (mixin) Error loading class: net/minecraft/client/renderer/entity/EntityRenderer (java.lang.ClassNotFoundException: net.minecraft.client.renderer.entity.EntityRenderer)
[17:17:00] [main/WARN] (mixin) @Mixin target net.minecraft.client.renderer.entity.EntityRenderer was not found mixins.oculus.compat.sodium.json:copyEntity.cull.EntityRendererMixin
[17:17:00] [main/WARN] (mixin) Error loading class: net/minecraft/client/renderer/entity/EntityRenderDispatcher (java.lang.ClassNotFoundException: net.minecraft.client.renderer.entity.EntityRenderDispatcher)
[17:17:00] [main/WARN] (mixin) @Mixin target net.minecraft.client.renderer.entity.EntityRenderDispatcher was not found mixins.oculus.compat.sodium.json:copyEntity.shadows.EntityRenderDispatcherMixin
[17:17:00] [main/WARN] (mixin) Error loading class: net/minecraft/client/gui/font/glyphs/BakedGlyph (java.lang.ClassNotFoundException: net.minecraft.client.gui.font.glyphs.BakedGlyph)
[17:17:00] [main/WARN] (mixin) @Mixin target net.minecraft.client.gui.font.glyphs.BakedGlyph was not found mixins.oculus.compat.sodium.json:font.MixinGlyphRenderer
[17:17:00] [main/WARN] (mixin) Error loading class: net/minecraft/client/renderer/texture/SpriteContents (java.lang.ClassNotFoundException: net.minecraft.client.renderer.texture.SpriteContents)
[17:17:00] [main/WARN] (mixin) @Mixin target net.minecraft.client.renderer.texture.SpriteContents was not found mixins.oculus.compat.sodium.json:pbr_animation.MixinSpriteContents
[17:17:00] [main/WARN] (mixin) Error loading class: net/minecraft/client/renderer/LevelRenderer (java.lang.ClassNotFoundException: net.minecraft.client.renderer.LevelRenderer)
[17:17:00] [main/WARN] (mixin) @Mixin target net.minecraft.client.renderer.LevelRenderer was not found mixins.oculus.compat.sodium.json:sky.MixinLevelRenderer
[17:17:00] [main/WARN] (mixin) Error loading class: net/minecraft/client/renderer/entity/EntityRenderDispatcher (java.lang.ClassNotFoundException: net.minecraft.client.renderer.entity.EntityRenderDispatcher)
[17:17:00] [main/WARN] (mixin) @Mixin target net.minecraft.client.renderer.entity.EntityRenderDispatcher was not found mixins.oculus.compat.sodium.json:vertex_format.entity.MixinEntityRenderDispatcher
[17:17:00] [main/WARN] (mixin) Error loading class: net/minecraft/world/entity/Entity (java.lang.ClassNotFoundException: net.minecraft.world.entity.Entity)
[17:17:00] [main/WARN] (mixin) @Mixin target net.minecraft.world.entity.Entity was not found create_hypertube.mixins.json:EntityTravelingMixin
[17:17:00] [main/WARN] (mixin) Error loading class: net/minecraft/world/entity/player/Player (java.lang.ClassNotFoundException: net.minecraft.world.entity.player.Player)
[17:17:00] [main/WARN] (mixin) @Mixin target net.minecraft.world.entity.player.Player was not found create_hypertube.mixins.json:PlayerMixin
[17:17:00] [main/WARN] (mixin) Error loading class: net/minecraft/world/entity/player/Player (java.lang.ClassNotFoundException: net.minecraft.world.entity.player.Player)
[17:17:00] [main/WARN] (mixin) @Mixin target net.minecraft.world.entity.player.Player was not found create_hypertube.mixins.json:PlayerMovementMixin
[17:17:00] [main/WARN] (mixin) Error loading class: net/minecraft/server/network/ServerGamePacketListenerImpl (java.lang.ClassNotFoundException: net.minecraft.server.network.ServerGamePacketListenerImpl)
[17:17:00] [main/WARN] (mixin) @Mixin target net.minecraft.server.network.ServerGamePacketListenerImpl was not found create_hypertube.mixins.json:ServerGamePacketListenerImplMixin
[17:17:00] [main/WARN] (mixin) Error loading class: net/minecraft/client/Camera (java.lang.ClassNotFoundException: net.minecraft.client.Camera)
[17:17:00] [main/WARN] (mixin) @Mixin target net.minecraft.client.Camera was not found create_hypertube.mixins.json:CameraAccessorMixin
[17:17:00] [main/WARN] (mixin) Error loading class: net/minecraft/client/Camera (java.lang.ClassNotFoundException: net.minecraft.client.Camera)
[17:17:00] [main/WARN] (mixin) @Mixin target net.minecraft.client.Camera was not found create_hypertube.mixins.json:CameraMixin
[17:17:00] [main/WARN] (mixin) Error loading class: net/minecraft/client/player/LocalPlayer (java.lang.ClassNotFoundException: net.minecraft.client.player.LocalPlayer)
[17:17:00] [main/WARN] (mixin) @Mixin target net.minecraft.client.player.LocalPlayer was not found create_hypertube.mixins.json:LocalPlayerMixin
[17:17:00] [main/WARN] (mixin) Error loading class: net/minecraft/client/model/PlayerModel (java.lang.ClassNotFoundException: net.minecraft.client.model.PlayerModel)
[17:17:00] [main/WARN] (mixin) @Mixin target net.minecraft.client.model.PlayerModel was not found create_hypertube.mixins.json:PlayerModelAccessor
[17:17:00] [main/WARN] (mixin) Error loading class: net/minecraft/client/model/HumanoidModel (java.lang.ClassNotFoundException: net.minecraft.client.model.HumanoidModel)
[17:17:00] [main/WARN] (mixin) @Mixin target net.minecraft.client.model.HumanoidModel was not found create_hypertube.mixins.json:PlayerModelMixin
[17:17:00] [main/WARN] (mixin) Error loading class: io/socol/betterthirdperson/api/CustomCamera (java.lang.ClassNotFoundException: io.socol.betterthirdperson.api.CustomCamera)
[17:17:00] [main/WARN] (mixin) @Mixin target io.socol.betterthirdperson.api.CustomCamera was not found conflict_fix.mixins.json:MixinBetterThirdPerson
[17:17:00] [main/WARN] (mixin) Error loading class: io/socol/betterthirdperson/api/CustomCameraManager (java.lang.ClassNotFoundException: io.socol.betterthirdperson.api.CustomCameraManager)
[17:17:00] [main/WARN] (mixin) @Mixin target io.socol.betterthirdperson.api.CustomCameraManager was not found conflict_fix.mixins.json:MixinCustomCameraManager
[17:17:00] [main/WARN] (mixin) Error loading class: net/minecraft/world/level/chunk/storage/ChunkSerializer (java.lang.ClassNotFoundException: net.minecraft.world.level.chunk.storage.ChunkSerializer)
[17:17:00] [main/WARN] (mixin) @Mixin target net.minecraft.world.level.chunk.storage.ChunkSerializer was not found architectury.mixins.json:MixinChunkSerializer
[17:17:00] [main/WARN] (mixin) Error loading class: net/minecraft/world/entity/item/FallingBlockEntity (java.lang.ClassNotFoundException: net.minecraft.world.entity.item.FallingBlockEntity)
[17:17:00] [main/WARN] (mixin) @Mixin target net.minecraft.world.entity.item.FallingBlockEntity was not found architectury.mixins.json:MixinFallingBlockEntity
[17:17:00] [main/WARN] (mixin) Error loading class: net/minecraft/world/level/storage/loot/LootDataManager (java.lang.ClassNotFoundException: net.minecraft.world.level.storage.loot.LootDataManager)
[17:17:00] [main/WARN] (mixin) @Mixin target net.minecraft.world.level.storage.loot.LootDataManager was not found architectury.mixins.json:MixinLootDataManager
[17:17:00] [main/WARN] (mixin) Error loading class: net/minecraft/client/multiplayer/ClientLevel (java.lang.ClassNotFoundException: net.minecraft.client.multiplayer.ClientLevel)
[17:17:00] [main/WARN] (mixin) @Mixin target net.minecraft.client.multiplayer.ClientLevel was not found architectury.mixins.json:MixinClientLevel
[17:17:00] [main/WARN] (mixin) Error loading class: net/minecraft/client/Minecraft (java.lang.ClassNotFoundException: net.minecraft.client.Minecraft)
[17:17:00] [main/WARN] (mixin) @Mixin target net.minecraft.client.Minecraft was not found architectury.mixins.json:MixinMinecraft
[17:17:00] [main/WARN] (mixin) Error loading class: net/minecraft/world/level/block/Block (java.lang.ClassNotFoundException: net.minecraft.world.level.block.Block)
[17:17:00] [main/WARN] (mixin) @Mixin target net.minecraft.world.level.block.Block was not found architectury-common.mixins.json:inject.MixinBlock
[17:17:00] [main/ERROR] (CoreModBaseTransformer) Error occurred applying transform of coremod coremods/field_to_method.js function bucketitem
java.lang.IllegalStateException: No field with name fluid found
	at net.minecraftforge.coremod.api.ASMAPI.redirectFieldToMethod(ASMAPI.java:1066) ~[coremods-5.2.4.jar:?]
	at org.openjdk.nashorn.internal.scripts.Script$Recompilation$16$1965A$\^eval\_.initializeCoreMod#transformer-4(<eval>:52) ~[?:?]
	at org.openjdk.nashorn.internal.runtime.ScriptFunctionData.invoke(ScriptFunctionData.java:648) ~[nashorn-core-15.4.jar:?]
	at org.openjdk.nashorn.internal.runtime.ScriptFunction.invoke(ScriptFunction.java:513) ~[nashorn-core-15.4.jar:?]
	at org.openjdk.nashorn.internal.runtime.ScriptRuntime.apply(ScriptRuntime.java:520) ~[nashorn-core-15.4.jar:?]
	at org.openjdk.nashorn.api.scripting.ScriptObjectMirror.call(ScriptObjectMirror.java:111) ~[nashorn-core-15.4.jar:?]
	at net.minecraftforge.coremod.NashornFactory.lambda$getFunction$0(NashornFactory.java:37) ~[coremods-5.2.4.jar:5.2.4]
	at net.minecraftforge.coremod.transformer.CoreModClassTransformer.runCoremod(CoreModClassTransformer.java:22) ~[coremods-5.2.4.jar:?]
	at net.minecraftforge.coremod.transformer.CoreModClassTransformer.runCoremod(CoreModClassTransformer.java:14) ~[coremods-5.2.4.jar:?]
	at net.minecraftforge.coremod.transformer.CoreModBaseTransformer.transform(CoreModBaseTransformer.java:60) ~[coremods-5.2.4.jar:?]
	at cpw.mods.modlauncher.TransformerHolder.transform(TransformerHolder.java:41) ~[modlauncher-10.0.9.jar:?]
	at cpw.mods.modlauncher.ClassTransformer.performVote(ClassTransformer.java:179) ~[modlauncher-10.0.9.jar:?]
	at cpw.mods.modlauncher.ClassTransformer.transform(ClassTransformer.java:117) ~[modlauncher-10.0.9.jar:?]
	at cpw.mods.modlauncher.TransformingClassLoader.maybeTransformClassBytes(TransformingClassLoader.java:50) ~[modlauncher-10.0.9.jar:?]
	at cpw.mods.cl.ModuleClassLoader.getMaybeTransformedClassBytes(ModuleClassLoader.java:250) ~[securejarhandler-2.1.10.jar:?]
	at cpw.mods.modlauncher.TransformingClassLoader.buildTransformedClassNodeFor(TransformingClassLoader.java:58) ~[modlauncher-10.0.9.jar:?]
	at cpw.mods.modlauncher.LaunchPluginHandler.lambda$announceLaunch$10(LaunchPluginHandler.java:100) ~[modlauncher-10.0.9.jar:?]
	at org.spongepowered.asm.launch.MixinLaunchPluginLegacy.getClassNode(MixinLaunchPluginLegacy.java:222) ~[mixin-patched-0.8.5.12.jar:?]
	at org.spongepowered.asm.launch.MixinLaunchPluginLegacy.getClassNode(MixinLaunchPluginLegacy.java:207) ~[mixin-patched-0.8.5.12.jar:?]
	at org.spongepowered.asm.mixin.transformer.ClassInfo.forName(ClassInfo.java:2005) ~[mixin-patched-0.8.5.12.jar:?]
	at org.spongepowered.asm.mixin.transformer.MixinInfo.getTargetClass(MixinInfo.java:1017) ~[mixin-patched-0.8.5.12.jar:?]
	at org.spongepowered.asm.mixin.transformer.MixinInfo.readTargetClasses(MixinInfo.java:1007) ~[mixin-patched-0.8.5.12.jar:?]
	at org.spongepowered.asm.mixin.transformer.MixinInfo.parseTargets(MixinInfo.java:895) ~[mixin-patched-0.8.5.12.jar:?]
	at org.spongepowered.asm.mixin.transformer.MixinConfig.prepareMixins(MixinConfig.java:867) ~[mixin-patched-0.8.5.12.jar:?]
	at org.spongepowered.asm.mixin.transformer.MixinConfig.prepare(MixinConfig.java:775) ~[mixin-patched-0.8.5.12.jar:?]
	at org.spongepowered.asm.mixin.transformer.MixinProcessor.prepareConfigs(MixinProcessor.java:539) ~[mixin-patched-0.8.5.12.jar:?]
	at org.spongepowered.asm.mixin.transformer.MixinProcessor.select(MixinProcessor.java:462) ~[mixin-patched-0.8.5.12.jar:?]
	at org.spongepowered.asm.mixin.transformer.MixinProcessor.checkSelect(MixinProcessor.java:438) ~[mixin-patched-0.8.5.12.jar:?]
	at org.spongepowered.asm.mixin.transformer.MixinProcessor.applyMixins(MixinProcessor.java:290) ~[mixin-patched-0.8.5.12.jar:?]
	at org.spongepowered.asm.mixin.transformer.MixinTransformer.transformClass(MixinTransformer.java:250) ~[mixin-patched-0.8.5.12.jar:?]
	at org.spongepowered.asm.service.modlauncher.MixinTransformationHandler.processClass(MixinTransformationHandler.java:131) ~[mixin-patched-0.8.5.12.jar:?]
	at org.spongepowered.asm.launch.MixinLaunchPluginLegacy.processClass(MixinLaunchPluginLegacy.java:131) ~[mixin-patched-0.8.5.12.jar:?]
	at cpw.mods.modlauncher.serviceapi.ILaunchPluginService.processClassWithFlags(ILaunchPluginService.java:156) ~[modlauncher-10.0.9.jar:10.0.9+10.0.9+main.dcd20f30]
	at cpw.mods.modlauncher.LaunchPluginHandler.offerClassNodeToPlugins(LaunchPluginHandler.java:88) ~[modlauncher-10.0.9.jar:?]
	at cpw.mods.modlauncher.ClassTransformer.transform(ClassTransformer.java:120) ~[modlauncher-10.0.9.jar:?]
	at cpw.mods.modlauncher.TransformingClassLoader.maybeTransformClassBytes(TransformingClassLoader.java:50) ~[modlauncher-10.0.9.jar:?]
	at cpw.mods.cl.ModuleClassLoader.readerToClass(ModuleClassLoader.java:113) ~[securejarhandler-2.1.10.jar:?]
	at cpw.mods.cl.ModuleClassLoader.lambda$findClass$15(ModuleClassLoader.java:219) ~[securejarhandler-2.1.10.jar:?]
	at cpw.mods.cl.ModuleClassLoader.loadFromModule(ModuleClassLoader.java:229) ~[securejarhandler-2.1.10.jar:?]
	at cpw.mods.cl.ModuleClassLoader.findClass(ModuleClassLoader.java:219) ~[securejarhandler-2.1.10.jar:?]
	at java.lang.ClassLoader.loadClass(ClassLoader.java:637) ~[?:?]
	at java.lang.Class.forName(Class.java:547) ~[?:?]
	at net.minecraftforge.fml.earlydisplay.DisplayWindow.lambda$updateModuleReads$13(DisplayWindow.java:615) ~[fmlearlydisplay-1.20.1-47.4.3.jar%2390!/:1.0]
	at java.util.Optional.map(Optional.java:260) ~[?:?]
	at net.minecraftforge.fml.earlydisplay.DisplayWindow.updateModuleReads(DisplayWindow.java:615) ~[fmlearlydisplay-1.20.1-47.4.3.jar%2390!/:1.0]
	at net.minecraftforge.fml.loading.ImmediateWindowHandler.acceptGameLayer(ImmediateWindowHandler.java:71) ~[fmlloader-1.20.1-47.4.3.jar%2391!/:1.0]
	at net.minecraftforge.fml.loading.FMLLoader.beforeStart(FMLLoader.java:216) ~[fmlloader-1.20.1-47.4.3.jar%2391!/:1.0]
	at net.minecraftforge.fml.loading.targets.CommonLaunchHandler.launchService(CommonLaunchHandler.java:92) ~[fmlloader-1.20.1-47.4.3.jar%2391!/:?]
	at cpw.mods.modlauncher.LaunchServiceHandlerDecorator.launch(LaunchServiceHandlerDecorator.java:30) ~[modlauncher-10.0.9.jar%2395!/:?]
	at cpw.mods.modlauncher.LaunchServiceHandler.launch(LaunchServiceHandler.java:53) ~[modlauncher-10.0.9.jar%2395!/:?]
	at cpw.mods.modlauncher.LaunchServiceHandler.launch(LaunchServiceHandler.java:71) ~[modlauncher-10.0.9.jar%2395!/:?]
	at cpw.mods.modlauncher.Launcher.run(Launcher.java:108) ~[modlauncher-10.0.9.jar%2395!/:?]
	at cpw.mods.modlauncher.Launcher.main(Launcher.java:78) ~[modlauncher-10.0.9.jar%2395!/:?]
	at cpw.mods.modlauncher.BootstrapLaunchConsumer.accept(BootstrapLaunchConsumer.java:26) ~[modlauncher-10.0.9.jar%2395!/:?]
	at cpw.mods.modlauncher.BootstrapLaunchConsumer.accept(BootstrapLaunchConsumer.java:23) ~[modlauncher-10.0.9.jar%2395!/:?]
	at cpw.mods.bootstraplauncher.BootstrapLauncher.main(BootstrapLauncher.java:141) ~[?:?]
	at net.fabricmc.devlaunchinjector.Main.main(Main.java:86) ~[dev-launch-injector-0.2.1+build.8.jar%23179!/:?]
[17:17:00] [main/WARN] (mixin) Error loading class: net/minecraft/world/level/material/Fluid (java.lang.ClassNotFoundException: net.minecraft.world.level.material.Fluid)
[17:17:00] [main/WARN] (mixin) @Mixin target net.minecraft.world.level.material.Fluid was not found architectury-common.mixins.json:inject.MixinFluid
[17:17:00] [main/WARN] (mixin) Error loading class: net/minecraft/world/food/FoodProperties$Builder (java.lang.ClassNotFoundException: net.minecraft.world.food.FoodProperties$Builder)
[17:17:00] [main/WARN] (mixin) @Mixin target net.minecraft.world.food.FoodProperties$Builder was not found architectury-common.mixins.json:inject.MixinFoodPropertiesBuilder
[17:17:00] [main/WARN] (mixin) Error loading class: net/minecraft/world/level/gameevent/GameEvent (java.lang.ClassNotFoundException: net.minecraft.world.level.gameevent.GameEvent)
[17:17:00] [main/WARN] (mixin) @Mixin target net.minecraft.world.level.gameevent.GameEvent was not found architectury-common.mixins.json:inject.MixinGameEvent
[17:17:00] [main/WARN] (mixin) Error loading class: net/minecraft/world/item/Item (java.lang.ClassNotFoundException: net.minecraft.world.item.Item)
[17:17:00] [main/WARN] (mixin) @Mixin target net.minecraft.world.item.Item was not found architectury-common.mixins.json:inject.MixinItem
[17:17:00] [main/WARN] (mixin) Error loading class: net/minecraft/world/item/Item$Properties (java.lang.ClassNotFoundException: net.minecraft.world.item.Item$Properties)
[17:17:00] [main/WARN] (mixin) @Mixin target net.minecraft.world.item.Item$Properties was not found architectury-common.mixins.json:inject.MixinItemProperties
[17:17:00] [main/ERROR] (CoreModBaseTransformer) Error occurred applying transform of coremod coremods/field_to_method.js function flowing_fluid_block
java.lang.IllegalStateException: No field with name fluid found
	at net.minecraftforge.coremod.api.ASMAPI.redirectFieldToMethod(ASMAPI.java:1066) ~[coremods-5.2.4.jar:?]
	at org.openjdk.nashorn.internal.scripts.Script$Recompilation$18$1602A$\^eval\_.initializeCoreMod#transformer-3(<eval>:42) ~[?:?]
	at org.openjdk.nashorn.internal.runtime.ScriptFunctionData.invoke(ScriptFunctionData.java:648) ~[nashorn-core-15.4.jar:?]
	at org.openjdk.nashorn.internal.runtime.ScriptFunction.invoke(ScriptFunction.java:513) ~[nashorn-core-15.4.jar:?]
	at org.openjdk.nashorn.internal.runtime.ScriptRuntime.apply(ScriptRuntime.java:520) ~[nashorn-core-15.4.jar:?]
	at org.openjdk.nashorn.api.scripting.ScriptObjectMirror.call(ScriptObjectMirror.java:111) ~[nashorn-core-15.4.jar:?]
	at net.minecraftforge.coremod.NashornFactory.lambda$getFunction$0(NashornFactory.java:37) ~[coremods-5.2.4.jar:5.2.4]
	at net.minecraftforge.coremod.transformer.CoreModClassTransformer.runCoremod(CoreModClassTransformer.java:22) ~[coremods-5.2.4.jar:?]
	at net.minecraftforge.coremod.transformer.CoreModClassTransformer.runCoremod(CoreModClassTransformer.java:14) ~[coremods-5.2.4.jar:?]
	at net.minecraftforge.coremod.transformer.CoreModBaseTransformer.transform(CoreModBaseTransformer.java:60) ~[coremods-5.2.4.jar:?]
	at cpw.mods.modlauncher.TransformerHolder.transform(TransformerHolder.java:41) ~[modlauncher-10.0.9.jar:?]
	at cpw.mods.modlauncher.ClassTransformer.performVote(ClassTransformer.java:179) ~[modlauncher-10.0.9.jar:?]
	at cpw.mods.modlauncher.ClassTransformer.transform(ClassTransformer.java:117) ~[modlauncher-10.0.9.jar:?]
	at cpw.mods.modlauncher.TransformingClassLoader.maybeTransformClassBytes(TransformingClassLoader.java:50) ~[modlauncher-10.0.9.jar:?]
	at cpw.mods.cl.ModuleClassLoader.getMaybeTransformedClassBytes(ModuleClassLoader.java:250) ~[securejarhandler-2.1.10.jar:?]
	at cpw.mods.modlauncher.TransformingClassLoader.buildTransformedClassNodeFor(TransformingClassLoader.java:58) ~[modlauncher-10.0.9.jar:?]
	at cpw.mods.modlauncher.LaunchPluginHandler.lambda$announceLaunch$10(LaunchPluginHandler.java:100) ~[modlauncher-10.0.9.jar:?]
	at org.spongepowered.asm.launch.MixinLaunchPluginLegacy.getClassNode(MixinLaunchPluginLegacy.java:222) ~[mixin-patched-0.8.5.12.jar:?]
	at org.spongepowered.asm.launch.MixinLaunchPluginLegacy.getClassNode(MixinLaunchPluginLegacy.java:207) ~[mixin-patched-0.8.5.12.jar:?]
	at org.spongepowered.asm.mixin.transformer.ClassInfo.forName(ClassInfo.java:2005) ~[mixin-patched-0.8.5.12.jar:?]
	at org.spongepowered.asm.mixin.transformer.MixinInfo.getTargetClass(MixinInfo.java:1017) ~[mixin-patched-0.8.5.12.jar:?]
	at org.spongepowered.asm.mixin.transformer.MixinInfo.readTargetClasses(MixinInfo.java:1007) ~[mixin-patched-0.8.5.12.jar:?]
	at org.spongepowered.asm.mixin.transformer.MixinInfo.parseTargets(MixinInfo.java:895) ~[mixin-patched-0.8.5.12.jar:?]
	at org.spongepowered.asm.mixin.transformer.MixinConfig.prepareMixins(MixinConfig.java:867) ~[mixin-patched-0.8.5.12.jar:?]
	at org.spongepowered.asm.mixin.transformer.MixinConfig.prepare(MixinConfig.java:775) ~[mixin-patched-0.8.5.12.jar:?]
	at org.spongepowered.asm.mixin.transformer.MixinProcessor.prepareConfigs(MixinProcessor.java:539) ~[mixin-patched-0.8.5.12.jar:?]
	at org.spongepowered.asm.mixin.transformer.MixinProcessor.select(MixinProcessor.java:462) ~[mixin-patched-0.8.5.12.jar:?]
	at org.spongepowered.asm.mixin.transformer.MixinProcessor.checkSelect(MixinProcessor.java:438) ~[mixin-patched-0.8.5.12.jar:?]
	at org.spongepowered.asm.mixin.transformer.MixinProcessor.applyMixins(MixinProcessor.java:290) ~[mixin-patched-0.8.5.12.jar:?]
	at org.spongepowered.asm.mixin.transformer.MixinTransformer.transformClass(MixinTransformer.java:250) ~[mixin-patched-0.8.5.12.jar:?]
	at org.spongepowered.asm.service.modlauncher.MixinTransformationHandler.processClass(MixinTransformationHandler.java:131) ~[mixin-patched-0.8.5.12.jar:?]
	at org.spongepowered.asm.launch.MixinLaunchPluginLegacy.processClass(MixinLaunchPluginLegacy.java:131) ~[mixin-patched-0.8.5.12.jar:?]
	at cpw.mods.modlauncher.serviceapi.ILaunchPluginService.processClassWithFlags(ILaunchPluginService.java:156) ~[modlauncher-10.0.9.jar:10.0.9+10.0.9+main.dcd20f30]
	at cpw.mods.modlauncher.LaunchPluginHandler.offerClassNodeToPlugins(LaunchPluginHandler.java:88) ~[modlauncher-10.0.9.jar:?]
	at cpw.mods.modlauncher.ClassTransformer.transform(ClassTransformer.java:120) ~[modlauncher-10.0.9.jar:?]
	at cpw.mods.modlauncher.TransformingClassLoader.maybeTransformClassBytes(TransformingClassLoader.java:50) ~[modlauncher-10.0.9.jar:?]
	at cpw.mods.cl.ModuleClassLoader.readerToClass(ModuleClassLoader.java:113) ~[securejarhandler-2.1.10.jar:?]
	at cpw.mods.cl.ModuleClassLoader.lambda$findClass$15(ModuleClassLoader.java:219) ~[securejarhandler-2.1.10.jar:?]
	at cpw.mods.cl.ModuleClassLoader.loadFromModule(ModuleClassLoader.java:229) ~[securejarhandler-2.1.10.jar:?]
	at cpw.mods.cl.ModuleClassLoader.findClass(ModuleClassLoader.java:219) ~[securejarhandler-2.1.10.jar:?]
	at java.lang.ClassLoader.loadClass(ClassLoader.java:637) ~[?:?]
	at java.lang.Class.forName(Class.java:547) ~[?:?]
	at net.minecraftforge.fml.earlydisplay.DisplayWindow.lambda$updateModuleReads$13(DisplayWindow.java:615) ~[fmlearlydisplay-1.20.1-47.4.3.jar%2390!/:1.0]
	at java.util.Optional.map(Optional.java:260) ~[?:?]
	at net.minecraftforge.fml.earlydisplay.DisplayWindow.updateModuleReads(DisplayWindow.java:615) ~[fmlearlydisplay-1.20.1-47.4.3.jar%2390!/:1.0]
	at net.minecraftforge.fml.loading.ImmediateWindowHandler.acceptGameLayer(ImmediateWindowHandler.java:71) ~[fmlloader-1.20.1-47.4.3.jar%2391!/:1.0]
	at net.minecraftforge.fml.loading.FMLLoader.beforeStart(FMLLoader.java:216) ~[fmlloader-1.20.1-47.4.3.jar%2391!/:1.0]
	at net.minecraftforge.fml.loading.targets.CommonLaunchHandler.launchService(CommonLaunchHandler.java:92) ~[fmlloader-1.20.1-47.4.3.jar%2391!/:?]
	at cpw.mods.modlauncher.LaunchServiceHandlerDecorator.launch(LaunchServiceHandlerDecorator.java:30) ~[modlauncher-10.0.9.jar%2395!/:?]
	at cpw.mods.modlauncher.LaunchServiceHandler.launch(LaunchServiceHandler.java:53) ~[modlauncher-10.0.9.jar%2395!/:?]
	at cpw.mods.modlauncher.LaunchServiceHandler.launch(LaunchServiceHandler.java:71) ~[modlauncher-10.0.9.jar%2395!/:?]
	at cpw.mods.modlauncher.Launcher.run(Launcher.java:108) ~[modlauncher-10.0.9.jar%2395!/:?]
	at cpw.mods.modlauncher.Launcher.main(Launcher.java:78) ~[modlauncher-10.0.9.jar%2395!/:?]
	at cpw.mods.modlauncher.BootstrapLaunchConsumer.accept(BootstrapLaunchConsumer.java:26) ~[modlauncher-10.0.9.jar%2395!/:?]
	at cpw.mods.modlauncher.BootstrapLaunchConsumer.accept(BootstrapLaunchConsumer.java:23) ~[modlauncher-10.0.9.jar%2395!/:?]
	at cpw.mods.bootstraplauncher.BootstrapLauncher.main(BootstrapLauncher.java:141) ~[?:?]
	at net.fabricmc.devlaunchinjector.Main.main(Main.java:86) ~[dev-launch-injector-0.2.1+build.8.jar%23179!/:?]
[17:17:00] [main/WARN] (mixin) Error loading class: net/minecraft/world/entity/LightningBolt (java.lang.ClassNotFoundException: net.minecraft.world.entity.LightningBolt)
[17:17:00] [main/WARN] (mixin) @Mixin target net.minecraft.world.entity.LightningBolt was not found architectury-common.mixins.json:MixinLightningBolt
[17:17:00] [main/WARN] (mixin) Error loading class: net/minecraft/world/entity/Entity (java.lang.ClassNotFoundException: net.minecraft.world.entity.Entity)
[17:17:00] [main/WARN] (mixin) @Mixin target net.minecraft.world.entity.Entity was not found transition.mixins.json:ExtensionMixin
[17:17:00] [main/WARN] (mixin) Error loading class: net/minecraft/client/Minecraft (java.lang.ClassNotFoundException: net.minecraft.client.Minecraft)
[17:17:00] [main/WARN] (mixin) @Mixin target net.minecraft.client.Minecraft was not found transition.mixins.json:MinecraftMixin
[17:17:00] [main/WARN] (mixin) Error loading class: net/minecraft/world/entity/Entity (java.lang.ClassNotFoundException: net.minecraft.world.entity.Entity)
[17:17:00] [main/WARN] (mixin) @Mixin target net.minecraft.world.entity.Entity was not found transition.mixins.json:EntityAccessor
[17:17:00] [main/WARN] (mixin) Error loading class: net/minecraft/client/gui/GuiGraphics (java.lang.ClassNotFoundException: net.minecraft.client.gui.GuiGraphics)
[17:17:00] [main/WARN] (mixin) @Mixin target net.minecraft.client.gui.GuiGraphics was not found trender.mixins.json:client.DrawContextAccessor
[17:17:00] [main/WARN] (mixin) Error loading class: net/minecraft/client/gui/screens/Screen (java.lang.ClassNotFoundException: net.minecraft.client.gui.screens.Screen)
[17:17:00] [main/WARN] (mixin) @Mixin target net.minecraft.client.gui.screens.Screen was not found trender.mixins.json:client.ScreenAccessor
[17:17:00] [main/WARN] (mixin) Error loading class: net/minecraft/client/multiplayer/ClientPacketListener (java.lang.ClassNotFoundException: net.minecraft.client.multiplayer.ClientPacketListener)
[17:17:00] [main/WARN] (mixin) @Mixin target net.minecraft.client.multiplayer.ClientPacketListener was not found journeymap.mixins.json:client.ClientPacketListenerMixin
[17:17:00] [main/WARN] (mixin) Error loading class: net/minecraft/client/player/LocalPlayer (java.lang.ClassNotFoundException: net.minecraft.client.player.LocalPlayer)
[17:17:00] [main/WARN] (mixin) @Mixin target net.minecraft.client.player.LocalPlayer was not found journeymap.mixins.json:client.LocalPlayerMixin
[17:17:00] [main/WARN] (mixin) Error loading class: net/minecraft/network/chat/contents/TranslatableContents (java.lang.ClassNotFoundException: net.minecraft.network.chat.contents.TranslatableContents)
[17:17:00] [main/WARN] (mixin) @Mixin target net.minecraft.network.chat.contents.TranslatableContents was not found journeymap.mixins.json:client.TranslatableContentsMixin
[17:17:00] [main/WARN] (mixin) Error loading class: net/minecraft/world/entity/AgeableMob (java.lang.ClassNotFoundException: net.minecraft.world.entity.AgeableMob)
[17:17:00] [main/WARN] (mixin) @Mixin target net.minecraft.world.entity.AgeableMob was not found fusion.mixins.json:AgeableMobMixin
[17:17:00] [main/WARN] (mixin) Error loading class: net/minecraft/client/renderer/block/model/BlockModel (java.lang.ClassNotFoundException: net.minecraft.client.renderer.block.model.BlockModel)
[17:17:00] [main/WARN] (mixin) @Mixin target net.minecraft.client.renderer.block.model.BlockModel was not found fusion.mixins.json:BlockModelMixin
[17:17:00] [main/WARN] (mixin) Error loading class: net/minecraft/client/renderer/block/BlockRenderDispatcher (java.lang.ClassNotFoundException: net.minecraft.client.renderer.block.BlockRenderDispatcher)
[17:17:00] [main/WARN] (mixin) @Mixin target net.minecraft.client.renderer.block.BlockRenderDispatcher was not found fusion.mixins.json:BlockRenderDispatcherMixin
[17:17:00] [main/WARN] (mixin) Error loading class: net/minecraft/client/renderer/MultiBufferSource$BufferSource (java.lang.ClassNotFoundException: net.minecraft.client.renderer.MultiBufferSource$BufferSource)
[17:17:00] [main/WARN] (mixin) @Mixin target net.minecraft.client.renderer.MultiBufferSource$BufferSource was not found fusion.mixins.json:BufferSourceMixin
[17:17:00] [main/WARN] (mixin) Error loading class: net/minecraft/world/entity/Entity (java.lang.ClassNotFoundException: net.minecraft.world.entity.Entity)
[17:17:00] [main/WARN] (mixin) @Mixin target net.minecraft.world.entity.Entity was not found fusion.mixins.json:EntityMixin
[17:17:00] [main/WARN] (mixin) Error loading class: net/minecraft/client/model/geom/EntityModelSet (java.lang.ClassNotFoundException: net.minecraft.client.model.geom.EntityModelSet)
[17:17:00] [main/WARN] (mixin) @Mixin target net.minecraft.client.model.geom.EntityModelSet was not found fusion.mixins.json:EntityModelSetMixin
[17:17:00] [main/WARN] (mixin) Error loading class: net/minecraft/client/renderer/entity/EntityRenderDispatcher (java.lang.ClassNotFoundException: net.minecraft.client.renderer.entity.EntityRenderDispatcher)
[17:17:00] [main/WARN] (mixin) @Mixin target net.minecraft.client.renderer.entity.EntityRenderDispatcher was not found fusion.mixins.json:EntityRenderDispatcherMixin
[17:17:00] [main/WARN] (mixin) Error loading class: net/minecraft/client/renderer/entity/EntityRenderer (java.lang.ClassNotFoundException: net.minecraft.client.renderer.entity.EntityRenderer)
[17:17:00] [main/WARN] (mixin) @Mixin target net.minecraft.client.renderer.entity.EntityRenderer was not found fusion.mixins.json:EntityRendererMixin
[17:17:00] [main/WARN] (mixin) Error loading class: net/minecraft/client/renderer/entity/EntityRenderers (java.lang.ClassNotFoundException: net.minecraft.client.renderer.entity.EntityRenderers)
[17:17:00] [main/WARN] (mixin) @Mixin target net.minecraft.client.renderer.entity.EntityRenderers was not found fusion.mixins.json:EntityRenderersMixin
[17:17:00] [main/WARN] (mixin) Error loading class: net/minecraft/server/packs/FilePackResources (java.lang.ClassNotFoundException: net.minecraft.server.packs.FilePackResources)
[17:17:00] [main/WARN] (mixin) @Mixin target net.minecraft.server.packs.FilePackResources was not found fusion.mixins.json:FilePackResourcesMixin
[17:17:00] [main/WARN] (mixin) Error loading class: net/minecraft/client/renderer/ItemModelShaper (java.lang.ClassNotFoundException: net.minecraft.client.renderer.ItemModelShaper)
[17:17:00] [main/WARN] (mixin) @Mixin target net.minecraft.client.renderer.ItemModelShaper was not found fusion.mixins.json:ItemModelShaperMixin
[17:17:00] [main/WARN] (mixin) Error loading class: net/minecraft/client/renderer/block/ModelBlockRenderer (java.lang.ClassNotFoundException: net.minecraft.client.renderer.block.ModelBlockRenderer)
[17:17:00] [main/WARN] (mixin) @Mixin target net.minecraft.client.renderer.block.ModelBlockRenderer was not found fusion.mixins.json:ModelBlockRendererMixin
[17:17:00] [main/WARN] (mixin) Error loading class: net/minecraft/client/resources/model/ModelManager (java.lang.ClassNotFoundException: net.minecraft.client.resources.model.ModelManager)
[17:17:00] [main/WARN] (mixin) @Mixin target net.minecraft.client.resources.model.ModelManager was not found fusion.mixins.json:ModelManagerMixin
[17:17:00] [main/WARN] (mixin) Error loading class: net/minecraft/client/resources/model/MultiPartBakedModel (java.lang.ClassNotFoundException: net.minecraft.client.resources.model.MultiPartBakedModel)
[17:17:00] [main/WARN] (mixin) @Mixin target net.minecraft.client.resources.model.MultiPartBakedModel was not found fusion.mixins.json:MultiPartBakedModelMixin
[17:17:00] [main/WARN] (mixin) Error loading class: net/minecraft/client/renderer/OutlineBufferSource (java.lang.ClassNotFoundException: net.minecraft.client.renderer.OutlineBufferSource)
[17:17:00] [main/WARN] (mixin) @Mixin target net.minecraft.client.renderer.OutlineBufferSource was not found fusion.mixins.json:OutlineBufferSourceMixin
[17:17:00] [main/WARN] (mixin) Error loading class: net/minecraft/client/gui/screens/packs/TransferableSelectionList$PackEntry (java.lang.ClassNotFoundException: net.minecraft.client.gui.screens.packs.TransferableSelectionList$PackEntry)
[17:17:00] [main/WARN] (mixin) @Mixin target net.minecraft.client.gui.screens.packs.TransferableSelectionList$PackEntry was not found fusion.mixins.json:PackEntryMixin
[17:17:00] [main/WARN] (mixin) Error loading class: net/minecraft/server/packs/repository/Pack (java.lang.ClassNotFoundException: net.minecraft.server.packs.repository.Pack)
[17:17:00] [main/WARN] (mixin) @Mixin target net.minecraft.server.packs.repository.Pack was not found fusion.mixins.json:PackMixin
[17:17:00] [main/WARN] (mixin) Error loading class: net/minecraft/server/packs/PathPackResources (java.lang.ClassNotFoundException: net.minecraft.server.packs.PathPackResources)
[17:17:00] [main/WARN] (mixin) @Mixin target net.minecraft.server.packs.PathPackResources was not found fusion.mixins.json:PathPackResourcesMixin
[17:17:00] [main/WARN] (mixin) Error loading class: net/minecraft/client/renderer/texture/SpriteContents (java.lang.ClassNotFoundException: net.minecraft.client.renderer.texture.SpriteContents)
[17:17:00] [main/WARN] (mixin) @Mixin target net.minecraft.client.renderer.texture.SpriteContents was not found fusion.mixins.json:SpriteContentsMixin
[17:17:00] [main/WARN] (mixin) Error loading class: net/minecraft/client/renderer/texture/SpriteLoader (java.lang.ClassNotFoundException: net.minecraft.client.renderer.texture.SpriteLoader)
[17:17:00] [main/WARN] (mixin) @Mixin target net.minecraft.client.renderer.texture.SpriteLoader was not found fusion.mixins.json:SpriteLoaderMixin
[17:17:00] [main/WARN] (mixin) Error loading class: net/minecraft/client/particle/TerrainParticle (java.lang.ClassNotFoundException: net.minecraft.client.particle.TerrainParticle)
[17:17:00] [main/WARN] (mixin) @Mixin target net.minecraft.client.particle.TerrainParticle was not found fusion.mixins.json:TerrainParticleMixin
[17:17:00] [main/WARN] (mixin) Error loading class: net/minecraft/client/renderer/texture/TextureAtlasSprite (java.lang.ClassNotFoundException: net.minecraft.client.renderer.texture.TextureAtlasSprite)
[17:17:00] [main/WARN] (mixin) @Mixin target net.minecraft.client.renderer.texture.TextureAtlasSprite was not found fusion.mixins.json:TextureAtlasSpriteMixin
[17:17:00] [main/WARN] (mixin) Error loading class: net/minecraft/client/resources/model/WeightedBakedModel (java.lang.ClassNotFoundException: net.minecraft.client.resources.model.WeightedBakedModel)
[17:17:00] [main/WARN] (mixin) @Mixin target net.minecraft.client.resources.model.WeightedBakedModel was not found fusion.mixins.json:WeightedBakedModelMixin
[17:17:00] [main/WARN] (mixin) Error loading class: net/minecraft/world/level/block/AbstractCauldronBlock (java.lang.ClassNotFoundException: net.minecraft.world.level.block.AbstractCauldronBlock)
[17:17:00] [main/WARN] (mixin) @Mixin target net.minecraft.world.level.block.AbstractCauldronBlock was not found crafttweaker.mixins.json:common.access.block.AccessAbstractCauldronBlock
[17:17:00] [main/WARN] (mixin) Error loading class: net/minecraft/world/level/block/state/BlockBehaviour (java.lang.ClassNotFoundException: net.minecraft.world.level.block.state.BlockBehaviour)
[17:17:00] [main/WARN] (mixin) @Mixin target net.minecraft.world.level.block.state.BlockBehaviour was not found crafttweaker.mixins.json:common.access.block.AccessBlockBehaviour
[17:17:00] [main/WARN] (mixin) Error loading class: net/minecraft/world/level/block/state/BlockBehaviour$BlockStateBase (java.lang.ClassNotFoundException: net.minecraft.world.level.block.state.BlockBehaviour$BlockStateBase)
[17:17:00] [main/WARN] (mixin) @Mixin target net.minecraft.world.level.block.state.BlockBehaviour$BlockStateBase was not found crafttweaker.mixins.json:common.access.block.AccessBlockStateBase
[17:17:00] [main/WARN] (mixin) Error loading class: net/minecraft/world/entity/item/FallingBlockEntity (java.lang.ClassNotFoundException: net.minecraft.world.entity.item.FallingBlockEntity)
[17:17:00] [main/WARN] (mixin) @Mixin target net.minecraft.world.entity.item.FallingBlockEntity was not found crafttweaker.mixins.json:common.access.entity.AccessFallingBlockEntity
[17:17:00] [main/WARN] (mixin) Error loading class: net/minecraft/world/entity/LightningBolt (java.lang.ClassNotFoundException: net.minecraft.world.entity.LightningBolt)
[17:17:00] [main/WARN] (mixin) @Mixin target net.minecraft.world.entity.LightningBolt was not found crafttweaker.mixins.json:common.access.entity.AccessLightningBolt
[17:17:00] [main/WARN] (mixin) Error loading class: net/minecraft/world/food/FoodProperties (java.lang.ClassNotFoundException: net.minecraft.world.food.FoodProperties)
[17:17:00] [main/WARN] (mixin) @Mixin target net.minecraft.world.food.FoodProperties was not found crafttweaker.mixins.json:common.access.food.AccessFoodProperties
[17:17:00] [main/WARN] (mixin) Error loading class: net/minecraft/world/item/crafting/Ingredient (java.lang.ClassNotFoundException: net.minecraft.world.item.crafting.Ingredient)
[17:17:00] [main/WARN] (mixin) @Mixin target net.minecraft.world.item.crafting.Ingredient was not found crafttweaker.mixins.json:common.access.item.AccessIngredient
[17:17:00] [main/WARN] (mixin) Error loading class: net/minecraft/world/item/crafting/Ingredient$TagValue (java.lang.ClassNotFoundException: net.minecraft.world.item.crafting.Ingredient$TagValue)
[17:17:00] [main/WARN] (mixin) @Mixin target net.minecraft.world.item.crafting.Ingredient$TagValue was not found crafttweaker.mixins.json:common.access.item.AccessIngredientTagValue
[17:17:00] [main/WARN] (mixin) Error loading class: net/minecraft/world/item/Item (java.lang.ClassNotFoundException: net.minecraft.world.item.Item)
[17:17:00] [main/WARN] (mixin) @Mixin target net.minecraft.world.item.Item was not found crafttweaker.mixins.json:common.access.item.AccessItem
[17:17:00] [main/WARN] (mixin) Error loading class: net/minecraft/world/damagesource/DamageSources (java.lang.ClassNotFoundException: net.minecraft.world.damagesource.DamageSources)
[17:17:00] [main/WARN] (mixin) @Mixin target net.minecraft.world.damagesource.DamageSources was not found crafttweaker.mixins.json:common.access.level.damage.AccessDamageSources
[17:17:00] [main/WARN] (mixin) Error loading class: net/minecraft/world/level/storage/loot/LootContext (java.lang.ClassNotFoundException: net.minecraft.world.level.storage.loot.LootContext)
[17:17:00] [main/WARN] (mixin) @Mixin target net.minecraft.world.level.storage.loot.LootContext was not found crafttweaker.mixins.json:common.access.loot.AccessLootContext
[17:17:00] [main/WARN] (mixin) Error loading class: net/minecraft/world/level/storage/loot/LootContext$Builder (java.lang.ClassNotFoundException: net.minecraft.world.level.storage.loot.LootContext$Builder)
[17:17:00] [main/WARN] (mixin) @Mixin target net.minecraft.world.level.storage.loot.LootContext$Builder was not found crafttweaker.mixins.json:common.access.loot.AccessLootContextBuilder
[17:17:00] [main/WARN] (mixin) Error loading class: net/minecraft/world/level/storage/loot/LootTable (java.lang.ClassNotFoundException: net.minecraft.world.level.storage.loot.LootTable)
[17:17:00] [main/WARN] (mixin) @Mixin target net.minecraft.world.level.storage.loot.LootTable was not found crafttweaker.mixins.json:common.access.loot.AccessLootTable
[17:17:00] [main/WARN] (mixin) Error loading class: net/minecraft/advancements/critereon/LighthingBoltPredicate (java.lang.ClassNotFoundException: net.minecraft.advancements.critereon.LighthingBoltPredicate)
[17:17:00] [main/WARN] (mixin) @Mixin target net.minecraft.advancements.critereon.LighthingBoltPredicate was not found crafttweaker.mixins.json:common.access.predicate.AccessLightningBoltPredicate
[17:17:00] [main/WARN] (mixin) Error loading class: net/minecraft/advancements/critereon/StatePropertiesPredicate$Builder (java.lang.ClassNotFoundException: net.minecraft.advancements.critereon.StatePropertiesPredicate$Builder)
[17:17:00] [main/WARN] (mixin) @Mixin target net.minecraft.advancements.critereon.StatePropertiesPredicate$Builder was not found crafttweaker.mixins.json:common.access.predicate.AccessStatePropertiesPredicateBuilder
[17:17:00] [main/WARN] (mixin) Error loading class: net/minecraft/world/item/crafting/RecipeManager (java.lang.ClassNotFoundException: net.minecraft.world.item.crafting.RecipeManager)
[17:17:00] [main/WARN] (mixin) @Mixin target net.minecraft.world.item.crafting.RecipeManager was not found crafttweaker.mixins.json:common.access.recipe.AccessRecipeManager
[17:17:00] [main/WARN] (mixin) Error loading class: net/minecraft/world/item/crafting/SmithingTransformRecipe (java.lang.ClassNotFoundException: net.minecraft.world.item.crafting.SmithingTransformRecipe)
[17:17:00] [main/WARN] (mixin) @Mixin target net.minecraft.world.item.crafting.SmithingTransformRecipe was not found crafttweaker.mixins.json:common.access.recipe.AccessSmithingTransformRecipe
[17:17:00] [main/WARN] (mixin) Error loading class: net/minecraft/world/item/crafting/SmithingTrimRecipe (java.lang.ClassNotFoundException: net.minecraft.world.item.crafting.SmithingTrimRecipe)
[17:17:00] [main/WARN] (mixin) @Mixin target net.minecraft.world.item.crafting.SmithingTrimRecipe was not found crafttweaker.mixins.json:common.access.recipe.AccessSmithingTrimRecipe
[17:17:00] [main/WARN] (mixin) Error loading class: net/minecraft/core/MappedRegistry (java.lang.ClassNotFoundException: net.minecraft.core.MappedRegistry)
[17:17:00] [main/WARN] (mixin) @Mixin target net.minecraft.core.MappedRegistry was not found crafttweaker.mixins.json:common.access.registry.AccessMappedRegistry
[17:17:00] [main/WARN] (mixin) Error loading class: net/minecraft/core/RegistrySynchronization (java.lang.ClassNotFoundException: net.minecraft.core.RegistrySynchronization)
[17:17:00] [main/WARN] (mixin) @Mixin target net.minecraft.core.RegistrySynchronization was not found crafttweaker.mixins.json:common.access.registry.AccessRegistrySynchronization
[17:17:00] [main/WARN] (mixin) Error loading class: net/minecraft/server/ReloadableServerResources (java.lang.ClassNotFoundException: net.minecraft.server.ReloadableServerResources)
[17:17:00] [main/WARN] (mixin) @Mixin target net.minecraft.server.ReloadableServerResources was not found crafttweaker.mixins.json:common.access.server.AccessReloadableServerResources
[17:17:00] [main/WARN] (mixin) Error loading class: net/minecraft/tags/TagManager (java.lang.ClassNotFoundException: net.minecraft.tags.TagManager)
[17:17:00] [main/WARN] (mixin) @Mixin target net.minecraft.tags.TagManager was not found crafttweaker.mixins.json:common.access.tag.AccessTagManager
[17:17:00] [main/WARN] (mixin) Error loading class: net/minecraft/world/entity/npc/VillagerTrades$DyedArmorForEmeralds (java.lang.ClassNotFoundException: net.minecraft.world.entity.npc.VillagerTrades$DyedArmorForEmeralds)
[17:17:00] [main/WARN] (mixin) @Mixin target net.minecraft.world.entity.npc.VillagerTrades$DyedArmorForEmeralds was not found crafttweaker.mixins.json:common.access.villager.AccessDyedArmorForEmeralds
[17:17:00] [main/WARN] (mixin) Error loading class: net/minecraft/world/entity/npc/VillagerTrades$EmeraldForItems (java.lang.ClassNotFoundException: net.minecraft.world.entity.npc.VillagerTrades$EmeraldForItems)
[17:17:00] [main/WARN] (mixin) @Mixin target net.minecraft.world.entity.npc.VillagerTrades$EmeraldForItems was not found crafttweaker.mixins.json:common.access.villager.AccessEmeraldForItems
[17:17:00] [main/WARN] (mixin) Error loading class: net/minecraft/world/entity/npc/VillagerTrades$EnchantedItemForEmeralds (java.lang.ClassNotFoundException: net.minecraft.world.entity.npc.VillagerTrades$EnchantedItemForEmeralds)
[17:17:00] [main/WARN] (mixin) @Mixin target net.minecraft.world.entity.npc.VillagerTrades$EnchantedItemForEmeralds was not found crafttweaker.mixins.json:common.access.villager.AccessEnchantedItemForEmeralds
[17:17:00] [main/WARN] (mixin) Error loading class: net/minecraft/world/entity/npc/VillagerTrades$ItemsAndEmeraldsToItems (java.lang.ClassNotFoundException: net.minecraft.world.entity.npc.VillagerTrades$ItemsAndEmeraldsToItems)
[17:17:00] [main/WARN] (mixin) @Mixin target net.minecraft.world.entity.npc.VillagerTrades$ItemsAndEmeraldsToItems was not found crafttweaker.mixins.json:common.access.villager.AccessItemsAndEmeraldsToItems
[17:17:00] [main/WARN] (mixin) Error loading class: net/minecraft/world/entity/npc/VillagerTrades$ItemsForEmeralds (java.lang.ClassNotFoundException: net.minecraft.world.entity.npc.VillagerTrades$ItemsForEmeralds)
[17:17:00] [main/WARN] (mixin) @Mixin target net.minecraft.world.entity.npc.VillagerTrades$ItemsForEmeralds was not found crafttweaker.mixins.json:common.access.villager.AccessItemsForEmeralds
[17:17:00] [main/WARN] (mixin) Error loading class: net/minecraft/world/entity/npc/VillagerTrades$TippedArrowForItemsAndEmeralds (java.lang.ClassNotFoundException: net.minecraft.world.entity.npc.VillagerTrades$TippedArrowForItemsAndEmeralds)
[17:17:00] [main/WARN] (mixin) @Mixin target net.minecraft.world.entity.npc.VillagerTrades$TippedArrowForItemsAndEmeralds was not found crafttweaker.mixins.json:common.access.villager.AccessTippedArrowForItemsAndEmeralds
[17:17:00] [main/WARN] (mixin) Error loading class: net/minecraft/world/item/crafting/Ingredient (java.lang.ClassNotFoundException: net.minecraft.world.item.crafting.Ingredient)
[17:17:00] [main/WARN] (mixin) @Mixin target net.minecraft.world.item.crafting.Ingredient was not found crafttweaker.mixins.json:common.transform.item.MixinIngredient
[17:17:00] [main/WARN] (mixin) Error loading class: net/minecraft/world/item/crafting/Ingredient$TagValue (java.lang.ClassNotFoundException: net.minecraft.world.item.crafting.Ingredient$TagValue)
[17:17:00] [main/WARN] (mixin) @Mixin target net.minecraft.world.item.crafting.Ingredient$TagValue was not found crafttweaker.mixins.json:common.transform.item.MixinIngredientTagValue
[17:17:00] [main/WARN] (mixin) Error loading class: net/minecraft/tags/TagManager (java.lang.ClassNotFoundException: net.minecraft.tags.TagManager)
[17:17:00] [main/WARN] (mixin) @Mixin target net.minecraft.tags.TagManager was not found crafttweaker.mixins.json:common.transform.tags.MixinTagManager
[17:17:00] [main/WARN] (mixin) Error loading class: net/minecraft/server/level/ServerLevel (java.lang.ClassNotFoundException: net.minecraft.server.level.ServerLevel)
[17:17:00] [main/WARN] (mixin) @Mixin target net.minecraft.server.level.ServerLevel was not found crafttweaker.mixins.json:common.transform.world.level.MixinServerLevel
[17:17:00] [main/WARN] (mixin) Error loading class: net/minecraft/client/multiplayer/ClientPacketListener (java.lang.ClassNotFoundException: net.minecraft.client.multiplayer.ClientPacketListener)
[17:17:00] [main/WARN] (mixin) @Mixin target net.minecraft.client.multiplayer.ClientPacketListener was not found crafttweaker.mixins.json:client.transform.multiplayer.MixinClientPacketListener
[17:17:00] [main/WARN] (mixin) Error loading class: net/minecraft/world/item/alchemy/PotionBrewing (java.lang.ClassNotFoundException: net.minecraft.world.item.alchemy.PotionBrewing)
[17:17:00] [main/WARN] (mixin) @Mixin target net.minecraft.world.item.alchemy.PotionBrewing was not found crafttweaker.forge.mixins.json:common.access.brewing.AccessPotionBrewing
[17:17:00] [main/WARN] (mixin) Error loading class: net/minecraft/world/food/FoodProperties (java.lang.ClassNotFoundException: net.minecraft.world.food.FoodProperties)
[17:17:00] [main/WARN] (mixin) @Mixin target net.minecraft.world.food.FoodProperties was not found crafttweaker.forge.mixins.json:common.access.food.AccessFoodPropertiesForge
[17:17:00] [main/WARN] (mixin) Error loading class: net/minecraft/client/gui/screens/LoadingOverlay (java.lang.ClassNotFoundException: net.minecraft.client.gui.screens.LoadingOverlay)
[17:17:00] [main/WARN] (mixin) @Mixin target net.minecraft.client.gui.screens.LoadingOverlay was not found drippyloadingscreen.mixins.json:client.IMixinLoadingOverlay
[17:17:00] [main/WARN] (mixin) Error loading class: net/minecraft/client/Minecraft (java.lang.ClassNotFoundException: net.minecraft.client.Minecraft)
[17:17:00] [main/WARN] (mixin) @Mixin target net.minecraft.client.Minecraft was not found drippyloadingscreen.mixins.json:client.IMixinMinecraft
[17:17:00] [main/WARN] (mixin) Error loading class: net/minecraft/client/gui/screens/LoadingOverlay (java.lang.ClassNotFoundException: net.minecraft.client.gui.screens.LoadingOverlay)
[17:17:00] [main/WARN] (mixin) @Mixin target net.minecraft.client.gui.screens.LoadingOverlay was not found drippyloadingscreen.mixins.json:client.MixinLoadingOverlay
[17:17:00] [main/WARN] (mixin) Error loading class: net/minecraft/client/gui/screens/inventory/AbstractContainerScreen (java.lang.ClassNotFoundException: net.minecraft.client.gui.screens.inventory.AbstractContainerScreen)
[17:17:00] [main/WARN] (mixin) @Mixin target net.minecraft.client.gui.screens.inventory.AbstractContainerScreen was not found mousetweaks.mixins.json:AbstractContainerScreenAccessor
[17:17:00] [main/WARN] (mixin) Error loading class: net/minecraft/server/packs/FilePackResources (java.lang.ClassNotFoundException: net.minecraft.server.packs.FilePackResources)
[17:17:00] [main/WARN] (mixin) @Mixin target net.minecraft.server.packs.FilePackResources was not found creativecore.mixins.json:FilePackResourcesAccessor
[17:17:00] [main/WARN] (mixin) Error loading class: net/minecraft/server/packs/PathPackResources (java.lang.ClassNotFoundException: net.minecraft.server.packs.PathPackResources)
[17:17:00] [main/WARN] (mixin) @Mixin target net.minecraft.server.packs.PathPackResources was not found creativecore.mixins.json:PathPackResourcesAccessor
[17:17:00] [main/WARN] (mixin) Error loading class: net/minecraft/world/phys/shapes/Shapes (java.lang.ClassNotFoundException: net.minecraft.world.phys.shapes.Shapes)
[17:17:00] [main/WARN] (mixin) @Mixin target net.minecraft.world.phys.shapes.Shapes was not found creativecore.mixins.json:ShapesMixin
[17:17:00] [main/WARN] (mixin) Error loading class: net/minecraft/server/packs/VanillaPackResources (java.lang.ClassNotFoundException: net.minecraft.server.packs.VanillaPackResources)
[17:17:00] [main/WARN] (mixin) @Mixin target net.minecraft.server.packs.VanillaPackResources was not found creativecore.mixins.json:VanillaPackResourcesAccessor
[17:17:00] [main/WARN] (mixin) Error loading class: net/minecraft/world/phys/shapes/VoxelShape (java.lang.ClassNotFoundException: net.minecraft.world.phys.shapes.VoxelShape)
[17:17:00] [main/WARN] (mixin) @Mixin target net.minecraft.world.phys.shapes.VoxelShape was not found creativecore.mixins.json:VoxelShapeAccessor
[17:17:00] [main/WARN] (mixin) Error loading class: com/mojang/blaze3d/vertex/BufferBuilder (java.lang.ClassNotFoundException: com.mojang.blaze3d.vertex.BufferBuilder)
[17:17:00] [main/WARN] (mixin) @Mixin target com.mojang.blaze3d.vertex.BufferBuilder was not found creativecore.mixins.json:BufferBuilderAccessor
[17:17:00] [main/WARN] (mixin) Error loading class: net/minecraft/client/MouseHandler (java.lang.ClassNotFoundException: net.minecraft.client.MouseHandler)
[17:17:00] [main/WARN] (mixin) @Mixin target net.minecraft.client.MouseHandler was not found creativecore.mixins.json:MouseHandlerAccessor
[17:17:00] [main/WARN] (mixin) Error loading class: net/minecraft/client/StringSplitter (java.lang.ClassNotFoundException: net.minecraft.client.StringSplitter)
[17:17:00] [main/WARN] (mixin) @Mixin target net.minecraft.client.StringSplitter was not found creativecore.mixins.json:StringSplitterAccessor
[17:17:00] [main/WARN] (mixin) Error loading class: net/minecraft/client/renderer/entity/layers/ItemInHandLayer (java.lang.ClassNotFoundException: net.minecraft.client.renderer.entity.layers.ItemInHandLayer)
[17:17:00] [main/WARN] (mixin) @Mixin target net.minecraft.client.renderer.entity.layers.ItemInHandLayer was not found notenoughanimations.mixins.json:ItemInHandLayerMixin
[17:17:00] [main/WARN] (mixin) Error loading class: net/minecraft/client/renderer/ItemInHandRenderer (java.lang.ClassNotFoundException: net.minecraft.client.renderer.ItemInHandRenderer)
[17:17:00] [main/WARN] (mixin) @Mixin target net.minecraft.client.renderer.ItemInHandRenderer was not found notenoughanimations.mixins.json:ItemInHandRendererMixin
[17:17:00] [main/WARN] (mixin) Error loading class: net/minecraft/client/renderer/LevelRenderer (java.lang.ClassNotFoundException: net.minecraft.client.renderer.LevelRenderer)
[17:17:00] [main/WARN] (mixin) @Mixin target net.minecraft.client.renderer.LevelRenderer was not found notenoughanimations.mixins.json:LevelRendererMixin
[17:17:00] [main/WARN] (mixin) Error loading class: net/minecraft/world/entity/LivingEntity (java.lang.ClassNotFoundException: net.minecraft.world.entity.LivingEntity)
[17:17:00] [main/WARN] (mixin) @Mixin target net.minecraft.world.entity.LivingEntity was not found notenoughanimations.mixins.json:LivingEntityMixin
[17:17:00] [main/WARN] (mixin) Error loading class: net/minecraft/client/renderer/entity/LivingEntityRenderer (java.lang.ClassNotFoundException: net.minecraft.client.renderer.entity.LivingEntityRenderer)
[17:17:00] [main/WARN] (mixin) @Mixin target net.minecraft.client.renderer.entity.LivingEntityRenderer was not found notenoughanimations.mixins.json:LivingEntityRendererMixin
[17:17:00] [main/WARN] (mixin) Error loading class: net/minecraft/client/Minecraft (java.lang.ClassNotFoundException: net.minecraft.client.Minecraft)
[17:17:00] [main/WARN] (mixin) @Mixin target net.minecraft.client.Minecraft was not found notenoughanimations.mixins.json:LivingRenderStateMixin
[17:17:00] [main/WARN] (mixin) Error loading class: net/minecraft/world/entity/player/Player (java.lang.ClassNotFoundException: net.minecraft.world.entity.player.Player)
[17:17:00] [main/WARN] (mixin) @Mixin target net.minecraft.world.entity.player.Player was not found notenoughanimations.mixins.json:PlayerEntityMixin
[17:17:00] [main/WARN] (mixin) Error loading class: net/minecraft/client/model/PlayerModel (java.lang.ClassNotFoundException: net.minecraft.client.model.PlayerModel)
[17:17:00] [main/WARN] (mixin) @Mixin target net.minecraft.client.model.PlayerModel was not found notenoughanimations.mixins.json:PlayerEntityModelMixin
[17:17:00] [main/WARN] (mixin) Error loading class: net/minecraft/client/model/PlayerModel (java.lang.ClassNotFoundException: net.minecraft.client.model.PlayerModel)
[17:17:00] [main/WARN] (mixin) @Mixin target net.minecraft.client.model.PlayerModel was not found notenoughanimations.mixins.json:PlayerModelAccessor
[17:17:00] [main/WARN] (mixin) Error loading class: net/minecraft/client/renderer/entity/player/PlayerRenderer (java.lang.ClassNotFoundException: net.minecraft.client.renderer.entity.player.PlayerRenderer)
[17:17:00] [main/WARN] (mixin) @Mixin target net.minecraft.client.renderer.entity.player.PlayerRenderer was not found notenoughanimations.mixins.json:PlayerRendererMixin
[17:17:00] [main/ERROR] (CoreModBaseTransformer) Error occurred applying transform of coremod coremods/field_to_method.js function itemstack
java.lang.IllegalStateException: No field with name item found
	at net.minecraftforge.coremod.api.ASMAPI.redirectFieldToMethod(ASMAPI.java:1066) ~[coremods-5.2.4.jar:?]
	at org.openjdk.nashorn.internal.scripts.Script$Recompilation$19$3210A$\^eval\_.initializeCoreMod#transformer-7(<eval>:83) ~[?:?]
	at org.openjdk.nashorn.internal.runtime.ScriptFunctionData.invoke(ScriptFunctionData.java:648) ~[nashorn-core-15.4.jar:?]
	at org.openjdk.nashorn.internal.runtime.ScriptFunction.invoke(ScriptFunction.java:513) ~[nashorn-core-15.4.jar:?]
	at org.openjdk.nashorn.internal.runtime.ScriptRuntime.apply(ScriptRuntime.java:520) ~[nashorn-core-15.4.jar:?]
	at org.openjdk.nashorn.api.scripting.ScriptObjectMirror.call(ScriptObjectMirror.java:111) ~[nashorn-core-15.4.jar:?]
	at net.minecraftforge.coremod.NashornFactory.lambda$getFunction$0(NashornFactory.java:37) ~[coremods-5.2.4.jar:5.2.4]
	at net.minecraftforge.coremod.transformer.CoreModClassTransformer.runCoremod(CoreModClassTransformer.java:22) ~[coremods-5.2.4.jar:?]
	at net.minecraftforge.coremod.transformer.CoreModClassTransformer.runCoremod(CoreModClassTransformer.java:14) ~[coremods-5.2.4.jar:?]
	at net.minecraftforge.coremod.transformer.CoreModBaseTransformer.transform(CoreModBaseTransformer.java:60) ~[coremods-5.2.4.jar:?]
	at cpw.mods.modlauncher.TransformerHolder.transform(TransformerHolder.java:41) ~[modlauncher-10.0.9.jar:?]
	at cpw.mods.modlauncher.ClassTransformer.performVote(ClassTransformer.java:179) ~[modlauncher-10.0.9.jar:?]
	at cpw.mods.modlauncher.ClassTransformer.transform(ClassTransformer.java:117) ~[modlauncher-10.0.9.jar:?]
	at cpw.mods.modlauncher.TransformingClassLoader.maybeTransformClassBytes(TransformingClassLoader.java:50) ~[modlauncher-10.0.9.jar:?]
	at cpw.mods.cl.ModuleClassLoader.getMaybeTransformedClassBytes(ModuleClassLoader.java:250) ~[securejarhandler-2.1.10.jar:?]
	at cpw.mods.modlauncher.TransformingClassLoader.buildTransformedClassNodeFor(TransformingClassLoader.java:58) ~[modlauncher-10.0.9.jar:?]
	at cpw.mods.modlauncher.LaunchPluginHandler.lambda$announceLaunch$10(LaunchPluginHandler.java:100) ~[modlauncher-10.0.9.jar:?]
	at org.spongepowered.asm.launch.MixinLaunchPluginLegacy.getClassNode(MixinLaunchPluginLegacy.java:222) ~[mixin-patched-0.8.5.12.jar:?]
	at org.spongepowered.asm.launch.MixinLaunchPluginLegacy.getClassNode(MixinLaunchPluginLegacy.java:207) ~[mixin-patched-0.8.5.12.jar:?]
	at org.spongepowered.asm.mixin.transformer.ClassInfo.forName(ClassInfo.java:2005) ~[mixin-patched-0.8.5.12.jar:?]
	at org.spongepowered.asm.mixin.transformer.MixinInfo.getTargetClass(MixinInfo.java:1017) ~[mixin-patched-0.8.5.12.jar:?]
	at org.spongepowered.asm.mixin.transformer.MixinInfo.readTargetClasses(MixinInfo.java:1007) ~[mixin-patched-0.8.5.12.jar:?]
	at org.spongepowered.asm.mixin.transformer.MixinInfo.parseTargets(MixinInfo.java:895) ~[mixin-patched-0.8.5.12.jar:?]
	at org.spongepowered.asm.mixin.transformer.MixinConfig.prepareMixins(MixinConfig.java:867) ~[mixin-patched-0.8.5.12.jar:?]
	at org.spongepowered.asm.mixin.transformer.MixinConfig.prepare(MixinConfig.java:779) ~[mixin-patched-0.8.5.12.jar:?]
	at org.spongepowered.asm.mixin.transformer.MixinProcessor.prepareConfigs(MixinProcessor.java:539) ~[mixin-patched-0.8.5.12.jar:?]
	at org.spongepowered.asm.mixin.transformer.MixinProcessor.select(MixinProcessor.java:462) ~[mixin-patched-0.8.5.12.jar:?]
	at org.spongepowered.asm.mixin.transformer.MixinProcessor.checkSelect(MixinProcessor.java:438) ~[mixin-patched-0.8.5.12.jar:?]
	at org.spongepowered.asm.mixin.transformer.MixinProcessor.applyMixins(MixinProcessor.java:290) ~[mixin-patched-0.8.5.12.jar:?]
	at org.spongepowered.asm.mixin.transformer.MixinTransformer.transformClass(MixinTransformer.java:250) ~[mixin-patched-0.8.5.12.jar:?]
	at org.spongepowered.asm.service.modlauncher.MixinTransformationHandler.processClass(MixinTransformationHandler.java:131) ~[mixin-patched-0.8.5.12.jar:?]
	at org.spongepowered.asm.launch.MixinLaunchPluginLegacy.processClass(MixinLaunchPluginLegacy.java:131) ~[mixin-patched-0.8.5.12.jar:?]
	at cpw.mods.modlauncher.serviceapi.ILaunchPluginService.processClassWithFlags(ILaunchPluginService.java:156) ~[modlauncher-10.0.9.jar:10.0.9+10.0.9+main.dcd20f30]
	at cpw.mods.modlauncher.LaunchPluginHandler.offerClassNodeToPlugins(LaunchPluginHandler.java:88) ~[modlauncher-10.0.9.jar:?]
	at cpw.mods.modlauncher.ClassTransformer.transform(ClassTransformer.java:120) ~[modlauncher-10.0.9.jar:?]
	at cpw.mods.modlauncher.TransformingClassLoader.maybeTransformClassBytes(TransformingClassLoader.java:50) ~[modlauncher-10.0.9.jar:?]
	at cpw.mods.cl.ModuleClassLoader.readerToClass(ModuleClassLoader.java:113) ~[securejarhandler-2.1.10.jar:?]
	at cpw.mods.cl.ModuleClassLoader.lambda$findClass$15(ModuleClassLoader.java:219) ~[securejarhandler-2.1.10.jar:?]
	at cpw.mods.cl.ModuleClassLoader.loadFromModule(ModuleClassLoader.java:229) ~[securejarhandler-2.1.10.jar:?]
	at cpw.mods.cl.ModuleClassLoader.findClass(ModuleClassLoader.java:219) ~[securejarhandler-2.1.10.jar:?]
	at java.lang.ClassLoader.loadClass(ClassLoader.java:637) ~[?:?]
	at java.lang.Class.forName(Class.java:547) ~[?:?]
	at net.minecraftforge.fml.earlydisplay.DisplayWindow.lambda$updateModuleReads$13(DisplayWindow.java:615) ~[fmlearlydisplay-1.20.1-47.4.3.jar%2390!/:1.0]
	at java.util.Optional.map(Optional.java:260) ~[?:?]
	at net.minecraftforge.fml.earlydisplay.DisplayWindow.updateModuleReads(DisplayWindow.java:615) ~[fmlearlydisplay-1.20.1-47.4.3.jar%2390!/:1.0]
	at net.minecraftforge.fml.loading.ImmediateWindowHandler.acceptGameLayer(ImmediateWindowHandler.java:71) ~[fmlloader-1.20.1-47.4.3.jar%2391!/:1.0]
	at net.minecraftforge.fml.loading.FMLLoader.beforeStart(FMLLoader.java:216) ~[fmlloader-1.20.1-47.4.3.jar%2391!/:1.0]
	at net.minecraftforge.fml.loading.targets.CommonLaunchHandler.launchService(CommonLaunchHandler.java:92) ~[fmlloader-1.20.1-47.4.3.jar%2391!/:?]
	at cpw.mods.modlauncher.LaunchServiceHandlerDecorator.launch(LaunchServiceHandlerDecorator.java:30) ~[modlauncher-10.0.9.jar%2395!/:?]
	at cpw.mods.modlauncher.LaunchServiceHandler.launch(LaunchServiceHandler.java:53) ~[modlauncher-10.0.9.jar%2395!/:?]
	at cpw.mods.modlauncher.LaunchServiceHandler.launch(LaunchServiceHandler.java:71) ~[modlauncher-10.0.9.jar%2395!/:?]
	at cpw.mods.modlauncher.Launcher.run(Launcher.java:108) ~[modlauncher-10.0.9.jar%2395!/:?]
	at cpw.mods.modlauncher.Launcher.main(Launcher.java:78) ~[modlauncher-10.0.9.jar%2395!/:?]
	at cpw.mods.modlauncher.BootstrapLaunchConsumer.accept(BootstrapLaunchConsumer.java:26) ~[modlauncher-10.0.9.jar%2395!/:?]
	at cpw.mods.modlauncher.BootstrapLaunchConsumer.accept(BootstrapLaunchConsumer.java:23) ~[modlauncher-10.0.9.jar%2395!/:?]
	at cpw.mods.bootstraplauncher.BootstrapLauncher.main(BootstrapLauncher.java:141) ~[?:?]
	at net.fabricmc.devlaunchinjector.Main.main(Main.java:86) ~[dev-launch-injector-0.2.1+build.8.jar%23179!/:?]
[17:17:00] [main/WARN] (mixin) Error loading class: net/minecraft/client/multiplayer/ClientLevel (java.lang.ClassNotFoundException: net.minecraft.client.multiplayer.ClientLevel)
[17:17:00] [main/WARN] (mixin) @Mixin target net.minecraft.client.multiplayer.ClientLevel was not found notenoughanimations.mixins.json:ClientLevelMixin
[17:17:00] [main/WARN] (mixin) Error loading class: net/minecraft/nbt/CompoundTag (java.lang.ClassNotFoundException: net.minecraft.nbt.CompoundTag)
[17:17:00] [main/WARN] (mixin) @Mixin target net.minecraft.nbt.CompoundTag was not found citresewn.mixins.json:core.NbtCompoundAccessor
[17:17:00] [main/WARN] (mixin) Error loading class: net/minecraft/client/resources/model/AtlasSet$StitchResult (java.lang.ClassNotFoundException: net.minecraft.client.resources.model.AtlasSet$StitchResult)
[17:17:00] [main/WARN] (mixin) @Mixin target net.minecraft.client.resources.model.AtlasSet$StitchResult was not found citresewn.mixins.json:AtlasPreparationMixin
[17:17:00] [main/WARN] (mixin) Error loading class: net/minecraft/client/renderer/entity/layers/HumanoidArmorLayer (java.lang.ClassNotFoundException: net.minecraft.client.renderer.entity.layers.HumanoidArmorLayer)
[17:17:00] [main/WARN] (mixin) @Mixin target net.minecraft.client.renderer.entity.layers.HumanoidArmorLayer was not found citresewn.mixins.json:citarmor.ArmorFeatureRendererMixin
[17:17:00] [main/WARN] (mixin) Error loading class: net/minecraft/client/renderer/entity/layers/ElytraLayer (java.lang.ClassNotFoundException: net.minecraft.client.renderer.entity.layers.ElytraLayer)
[17:17:00] [main/WARN] (mixin) @Mixin target net.minecraft.client.renderer.entity.layers.ElytraLayer was not found citresewn.mixins.json:citelytra.ElytraFeatureRendererMixin
[17:17:00] [main/WARN] (mixin) Error loading class: net/minecraft/client/renderer/entity/layers/HumanoidArmorLayer (java.lang.ClassNotFoundException: net.minecraft.client.renderer.entity.layers.HumanoidArmorLayer)
[17:17:00] [main/WARN] (mixin) @Mixin target net.minecraft.client.renderer.entity.layers.HumanoidArmorLayer was not found citresewn.mixins.json:citenchantment.ArmorFeatureRendererMixin
[17:17:00] [main/WARN] (mixin) Error loading class: net/minecraft/client/renderer/RenderBuffers (java.lang.ClassNotFoundException: net.minecraft.client.renderer.RenderBuffers)
[17:17:00] [main/WARN] (mixin) @Mixin target net.minecraft.client.renderer.RenderBuffers was not found citresewn.mixins.json:citenchantment.BufferBuilderStorageAccessor
[17:17:00] [main/WARN] (mixin) Error loading class: net/minecraft/client/renderer/entity/layers/ElytraLayer (java.lang.ClassNotFoundException: net.minecraft.client.renderer.entity.layers.ElytraLayer)
[17:17:00] [main/WARN] (mixin) @Mixin target net.minecraft.client.renderer.entity.layers.ElytraLayer was not found citresewn.mixins.json:citenchantment.ElytraFeatureRendererMixin
[17:17:00] [main/WARN] (mixin) Error loading class: net/minecraft/client/renderer/entity/ItemRenderer (java.lang.ClassNotFoundException: net.minecraft.client.renderer.entity.ItemRenderer)
[17:17:00] [main/WARN] (mixin) @Mixin target net.minecraft.client.renderer.entity.ItemRenderer was not found citresewn.mixins.json:citenchantment.ItemRendererMixin
[17:17:00] [main/WARN] (mixin) Error loading class: net/minecraft/client/renderer/entity/ItemRenderer (java.lang.ClassNotFoundException: net.minecraft.client.renderer.entity.ItemRenderer)
[17:17:00] [main/WARN] (mixin) @Mixin target net.minecraft.client.renderer.entity.ItemRenderer was not found citresewn.mixins.json:cititem.ItemRendererMixin
[17:17:00] [main/WARN] (mixin) Error loading class: net/minecraft/client/renderer/block/model/BlockModel (java.lang.ClassNotFoundException: net.minecraft.client.renderer.block.model.BlockModel)
[17:17:00] [main/WARN] (mixin) @Mixin target net.minecraft.client.renderer.block.model.BlockModel was not found citresewn.mixins.json:cititem.JsonUnbakedModelAccessor
[17:17:00] [main/WARN] (mixin) Error loading class: net/minecraft/client/resources/model/ModelBakery (java.lang.ClassNotFoundException: net.minecraft.client.resources.model.ModelBakery)
[17:17:00] [main/WARN] (mixin) @Mixin target net.minecraft.client.resources.model.ModelBakery was not found citresewn.mixins.json:cititem.ModelLoaderMixin
[17:17:00] [main/WARN] (mixin) Error loading class: net/minecraft/client/renderer/texture/TextureAtlas (java.lang.ClassNotFoundException: net.minecraft.client.renderer.texture.TextureAtlas)
[17:17:00] [main/WARN] (mixin) @Mixin target net.minecraft.client.renderer.texture.TextureAtlas was not found citresewn.mixins.json:core.SpriteAtlasTextureMixin
[17:17:00] [main/WARN] (mixin) Error loading class: net/minecraft/client/player/AbstractClientPlayer (java.lang.ClassNotFoundException: net.minecraft.client.player.AbstractClientPlayer)
[17:17:00] [main/WARN] (mixin) @Mixin target net.minecraft.client.player.AbstractClientPlayer was not found flywheel.backend.mixins.json:AbstractClientPlayerAccessor
[17:17:00] [main/WARN] (mixin) Error loading class: net/minecraft/client/renderer/LevelRenderer (java.lang.ClassNotFoundException: net.minecraft.client.renderer.LevelRenderer)
[17:17:00] [main/WARN] (mixin) @Mixin target net.minecraft.client.renderer.LevelRenderer was not found flywheel.backend.mixins.json:LevelRendererAccessor
[17:17:00] [main/WARN] (mixin) Error loading class: net/minecraft/client/Options (java.lang.ClassNotFoundException: net.minecraft.client.Options)
[17:17:00] [main/WARN] (mixin) @Mixin target net.minecraft.client.Options was not found flywheel.backend.mixins.json:OptionsMixin
[17:17:00] [main/WARN] (mixin) Error loading class: net/minecraft/world/level/lighting/LayerLightSectionStorage (java.lang.ClassNotFoundException: net.minecraft.world.level.lighting.LayerLightSectionStorage)
[17:17:00] [main/WARN] (mixin) @Mixin target net.minecraft.world.level.lighting.LayerLightSectionStorage was not found flywheel.backend.mixins.json:light.LayerLightSectionStorageAccessor
[17:17:00] [main/WARN] (mixin) Error loading class: net/minecraft/world/level/lighting/LightEngine (java.lang.ClassNotFoundException: net.minecraft.world.level.lighting.LightEngine)
[17:17:00] [main/WARN] (mixin) @Mixin target net.minecraft.world.level.lighting.LightEngine was not found flywheel.backend.mixins.json:light.LightEngineAccessor
[17:17:00] [main/WARN] (mixin) Error loading class: net/minecraft/world/level/lighting/SkyLightSectionStorage (java.lang.ClassNotFoundException: net.minecraft.world.level.lighting.SkyLightSectionStorage)
[17:17:00] [main/WARN] (mixin) @Mixin target net.minecraft.world.level.lighting.SkyLightSectionStorage was not found flywheel.backend.mixins.json:light.SkyLightSectionStorageMixin
[17:17:00] [main/WARN] (mixin) Error loading class: net/minecraft/world/level/block/entity/BlockEntityType (java.lang.ClassNotFoundException: net.minecraft.world.level.block.entity.BlockEntityType)
[17:17:00] [main/WARN] (mixin) @Mixin target net.minecraft.world.level.block.entity.BlockEntityType was not found flywheel.impl.mixins.json:BlockEntityTypeMixin
[17:17:00] [main/WARN] (mixin) Error loading class: net/minecraft/client/multiplayer/ClientChunkCache (java.lang.ClassNotFoundException: net.minecraft.client.multiplayer.ClientChunkCache)
[17:17:00] [main/WARN] (mixin) @Mixin target net.minecraft.client.multiplayer.ClientChunkCache was not found flywheel.impl.mixins.json:ClientChunkCacheMixin
[17:17:00] [main/WARN] (mixin) Error loading class: net/minecraft/world/level/Level (java.lang.ClassNotFoundException: net.minecraft.world.level.Level)
[17:17:00] [main/WARN] (mixin) @Mixin target net.minecraft.world.level.Level was not found flywheel.impl.mixins.json:LevelMixin
[17:17:00] [main/WARN] (mixin) Error loading class: net/minecraft/client/renderer/LevelRenderer (java.lang.ClassNotFoundException: net.minecraft.client.renderer.LevelRenderer)
[17:17:00] [main/WARN] (mixin) @Mixin target net.minecraft.client.renderer.LevelRenderer was not found flywheel.impl.mixins.json:LevelRendererMixin
[17:17:00] [main/WARN] (mixin) Error loading class: net/minecraft/client/Minecraft (java.lang.ClassNotFoundException: net.minecraft.client.Minecraft)
[17:17:00] [main/WARN] (mixin) @Mixin target net.minecraft.client.Minecraft was not found flywheel.impl.mixins.json:MinecraftMixin
[17:17:00] [main/WARN] (mixin) Error loading class: net/minecraft/client/model/geom/ModelPart (java.lang.ClassNotFoundException: net.minecraft.client.model.geom.ModelPart)
[17:17:00] [main/WARN] (mixin) @Mixin target net.minecraft.client.model.geom.ModelPart was not found flywheel.impl.mixins.json:ModelPartAccessor
[17:17:00] [main/WARN] (mixin) Error loading class: com/mojang/blaze3d/vertex/PoseStack (java.lang.ClassNotFoundException: com.mojang.blaze3d.vertex.PoseStack)
[17:17:00] [main/WARN] (mixin) @Mixin target com.mojang.blaze3d.vertex.PoseStack was not found flywheel.impl.mixins.json:PoseStackAccessor
[17:17:00] [main/WARN] (mixin) Error loading class: com/mojang/blaze3d/vertex/PoseStack (java.lang.ClassNotFoundException: com.mojang.blaze3d.vertex.PoseStack)
[17:17:00] [main/WARN] (mixin) @Mixin target com.mojang.blaze3d.vertex.PoseStack was not found flywheel.impl.mixins.json:PoseStackMixin
[17:17:00] [main/WARN] (mixin) Error loading class: net/minecraft/client/renderer/LevelRenderer (java.lang.ClassNotFoundException: net.minecraft.client.renderer.LevelRenderer)
[17:17:00] [main/WARN] (mixin) @Mixin target net.minecraft.client.renderer.LevelRenderer was not found flywheel.impl.mixins.json:fix.FixFabulousDepthMixin
[17:17:00] [main/WARN] (mixin) Error loading class: com/mojang/blaze3d/vertex/PoseStack (java.lang.ClassNotFoundException: com.mojang.blaze3d.vertex.PoseStack)
[17:17:00] [main/WARN] (mixin) @Mixin target com.mojang.blaze3d.vertex.PoseStack was not found flywheel.impl.mixins.json:fix.FixNormalScalingMixin
[17:17:00] [main/WARN] (mixin) Error loading class: net/minecraft/world/level/block/entity/BlockEntity (java.lang.ClassNotFoundException: net.minecraft.world.level.block.entity.BlockEntity)
[17:17:00] [main/WARN] (mixin) @Mixin target net.minecraft.world.level.block.entity.BlockEntity was not found flywheel.impl.mixins.json:visualmanage.BlockEntityMixin
[17:17:00] [main/WARN] (mixin) Error loading class: net/minecraft/world/level/chunk/LevelChunk (java.lang.ClassNotFoundException: net.minecraft.world.level.chunk.LevelChunk)
[17:17:00] [main/WARN] (mixin) @Mixin target net.minecraft.world.level.chunk.LevelChunk was not found flywheel.impl.mixins.json:visualmanage.LevelChunkMixin
[17:17:00] [main/WARN] (mixin) Error loading class: net/minecraft/client/renderer/LevelRenderer (java.lang.ClassNotFoundException: net.minecraft.client.renderer.LevelRenderer)
[17:17:00] [main/WARN] (mixin) @Mixin target net.minecraft.client.renderer.LevelRenderer was not found flywheel.impl.mixins.json:visualmanage.LevelRendererMixin
[17:17:00] [main/WARN] (mixin) Error loading class: net/minecraft/client/particle/ParticleEngine (java.lang.ClassNotFoundException: net.minecraft.client.particle.ParticleEngine)
[17:17:00] [main/WARN] (mixin) @Mixin target net.minecraft.client.particle.ParticleEngine was not found ponder.mixins.json:client.accessor.ParticleEngineAccessor
[17:17:00] [main/WARN] (mixin) Error loading class: net/minecraft/world/entity/Entity (java.lang.ClassNotFoundException: net.minecraft.world.entity.Entity)
[17:17:00] [main/WARN] (mixin) @Mixin target net.minecraft.world.entity.Entity was not found ponder-common.mixins.json:accessor.EntityAccessor
[17:17:00] [main/WARN] (mixin) Error loading class: net/minecraft/client/Minecraft (java.lang.ClassNotFoundException: net.minecraft.client.Minecraft)
[17:17:00] [main/WARN] (mixin) @Mixin target net.minecraft.client.Minecraft was not found ponder-common.mixins.json:client.WindowResizeMixin
[17:17:00] [main/WARN] (mixin) Error loading class: com/mojang/blaze3d/vertex/BufferBuilder (java.lang.ClassNotFoundException: com.mojang.blaze3d.vertex.BufferBuilder)
[17:17:00] [main/WARN] (mixin) @Mixin target com.mojang.blaze3d.vertex.BufferBuilder was not found ponder-common.mixins.json:client.accessor.BufferBuilderAccessor
[17:17:00] [main/WARN] (mixin) Error loading class: net/minecraft/client/renderer/GameRenderer (java.lang.ClassNotFoundException: net.minecraft.client.renderer.GameRenderer)
[17:17:00] [main/WARN] (mixin) @Mixin target net.minecraft.client.renderer.GameRenderer was not found ponder-common.mixins.json:client.accessor.GameRendererAccessor
[17:17:00] [main/WARN] (mixin) Error loading class: net/minecraft/client/renderer/RenderType (java.lang.ClassNotFoundException: net.minecraft.client.renderer.RenderType)
[17:17:00] [main/WARN] (mixin) @Mixin target net.minecraft.client.renderer.RenderType was not found ponder-common.mixins.json:client.accessor.RenderTypeAccessor
[17:17:00] [main/WARN] (mixin) Error loading class: net/minecraft/world/level/block/entity/BlockEntityType (java.lang.ClassNotFoundException: net.minecraft.world.level.block.entity.BlockEntityType)
[17:17:00] [main/WARN] (mixin) @Mixin target net.minecraft.world.level.block.entity.BlockEntityType was not found createqol.mixins.json:BlockEntityTypeMixin
[17:17:00] [main/WARN] (mixin) Error loading class: net/minecraft/world/level/block/Block (java.lang.ClassNotFoundException: net.minecraft.world.level.block.Block)
[17:17:00] [main/WARN] (mixin) @Mixin target net.minecraft.world.level.block.Block was not found createqol.mixins.json:BlockMixin
[17:17:00] [main/WARN] (mixin) Error loading class: net/minecraft/network/syncher/EntityDataSerializers (java.lang.ClassNotFoundException: net.minecraft.network.syncher.EntityDataSerializers)
[17:17:00] [main/WARN] (mixin) @Mixin target net.minecraft.network.syncher.EntityDataSerializers was not found createqol.mixins.json:EntityDataSerializersMixin
[17:17:00] [main/WARN] (mixin) Error loading class: net/minecraft/world/entity/Entity (java.lang.ClassNotFoundException: net.minecraft.world.entity.Entity)
[17:17:00] [main/WARN] (mixin) @Mixin target net.minecraft.world.entity.Entity was not found createqol.mixins.json:EntityMixin
[17:17:00] [main/WARN] (mixin) Error loading class: net/minecraft/world/entity/LivingEntity (java.lang.ClassNotFoundException: net.minecraft.world.entity.LivingEntity)
[17:17:00] [main/WARN] (mixin) @Mixin target net.minecraft.world.entity.LivingEntity was not found createqol.mixins.json:LavaSwimmingMixin
[17:17:00] [main/WARN] (mixin) Error loading class: net/minecraft/world/item/crafting/ShapedRecipe (java.lang.ClassNotFoundException: net.minecraft.world.item.crafting.ShapedRecipe)
[17:17:00] [main/WARN] (mixin) @Mixin target net.minecraft.world.item.crafting.ShapedRecipe was not found createqol.mixins.json:ShapedRecipeMixin
[17:17:00] [main/WARN] (mixin) Error loading class: net/minecraft/client/renderer/entity/layers/ElytraLayer (java.lang.ClassNotFoundException: net.minecraft.client.renderer.entity.layers.ElytraLayer)
[17:17:00] [main/WARN] (mixin) @Mixin target net.minecraft.client.renderer.entity.layers.ElytraLayer was not found createqol.mixins.json:ElytraLayerMixin
[17:17:00] [main/WARN] (mixin) Error loading class: net/minecraft/client/renderer/entity/layers/HumanoidArmorLayer (java.lang.ClassNotFoundException: net.minecraft.client.renderer.entity.layers.HumanoidArmorLayer)
[17:17:00] [main/WARN] (mixin) @Mixin target net.minecraft.client.renderer.entity.layers.HumanoidArmorLayer was not found createqol.mixins.json:HumanoidArmorLayerMixin
[17:17:00] [main/WARN] (mixin) Error loading class: net/minecraft/client/player/AbstractClientPlayer (java.lang.ClassNotFoundException: net.minecraft.client.player.AbstractClientPlayer)
[17:17:00] [main/WARN] (mixin) @Mixin target net.minecraft.client.player.AbstractClientPlayer was not found mixins.create_sa.json:AbstractClientPlayerMixin
[17:17:00] [main/WARN] (mixin) Error loading class: net/minecraft/world/entity/Entity (java.lang.ClassNotFoundException: net.minecraft.world.entity.Entity)
[17:17:00] [main/WARN] (mixin) @Mixin target net.minecraft.world.entity.Entity was not found mixins.create_sa.json:NetheriteFireImuneMixin
[17:17:00] [main/WARN] (mixin) Error loading class: net/minecraft/world/level/block/state/BlockBehaviour$BlockStateBase (java.lang.ClassNotFoundException: net.minecraft.world.level.block.state.BlockBehaviour$BlockStateBase)
[17:17:00] [main/WARN] (mixin) @Mixin target net.minecraft.world.level.block.state.BlockBehaviour$BlockStateBase was not found freecam.mixins.json:BlockStateBaseMixin
[17:17:00] [main/WARN] (mixin) Error loading class: net/minecraft/client/resources/sounds/BubbleColumnAmbientSoundHandler (java.lang.ClassNotFoundException: net.minecraft.client.resources.sounds.BubbleColumnAmbientSoundHandler)
[17:17:00] [main/WARN] (mixin) @Mixin target net.minecraft.client.resources.sounds.BubbleColumnAmbientSoundHandler was not found freecam.mixins.json:BubbleColumnAmbientSoundHandlerMixin
[17:17:00] [main/WARN] (mixin) Error loading class: net/minecraft/client/Camera (java.lang.ClassNotFoundException: net.minecraft.client.Camera)
[17:17:00] [main/WARN] (mixin) @Mixin target net.minecraft.client.Camera was not found freecam.mixins.json:CameraMixin
[17:17:00] [main/WARN] (mixin) Error loading class: net/minecraft/client/multiplayer/ClientPacketListener (java.lang.ClassNotFoundException: net.minecraft.client.multiplayer.ClientPacketListener)
[17:17:00] [main/WARN] (mixin) @Mixin target net.minecraft.client.multiplayer.ClientPacketListener was not found freecam.mixins.json:ClientPacketListenerMixin
[17:17:00] [main/WARN] (mixin) Error loading class: net/minecraft/network/Connection (java.lang.ClassNotFoundException: net.minecraft.network.Connection)
[17:17:00] [main/WARN] (mixin) @Mixin target net.minecraft.network.Connection was not found freecam.mixins.json:ConnectionMixin
[17:17:00] [main/WARN] (mixin) Error loading class: net/minecraft/world/entity/Entity (java.lang.ClassNotFoundException: net.minecraft.world.entity.Entity)
[17:17:00] [main/WARN] (mixin) @Mixin target net.minecraft.world.entity.Entity was not found freecam.mixins.json:EntityMixin
[17:17:00] [main/WARN] (mixin) Error loading class: net/minecraft/client/renderer/entity/EntityRenderDispatcher (java.lang.ClassNotFoundException: net.minecraft.client.renderer.entity.EntityRenderDispatcher)
[17:17:00] [main/WARN] (mixin) @Mixin target net.minecraft.client.renderer.entity.EntityRenderDispatcher was not found freecam.mixins.json:EntityRenderDispatcherAccessor
[17:17:00] [main/WARN] (mixin) Error loading class: net/minecraft/client/renderer/entity/EntityRenderDispatcher (java.lang.ClassNotFoundException: net.minecraft.client.renderer.entity.EntityRenderDispatcher)
[17:17:00] [main/WARN] (mixin) @Mixin target net.minecraft.client.renderer.entity.EntityRenderDispatcher was not found freecam.mixins.json:EntityRenderDispatcherMixin
[17:17:00] [main/WARN] (mixin) Error loading class: net/minecraft/client/renderer/entity/EntityRenderer (java.lang.ClassNotFoundException: net.minecraft.client.renderer.entity.EntityRenderer)
[17:17:00] [main/WARN] (mixin) @Mixin target net.minecraft.client.renderer.entity.EntityRenderer was not found freecam.mixins.json:EntityRendererMixin
[17:17:00] [main/WARN] (mixin) Error loading class: net/minecraft/client/renderer/GameRenderer (java.lang.ClassNotFoundException: net.minecraft.client.renderer.GameRenderer)
[17:17:00] [main/WARN] (mixin) @Mixin target net.minecraft.client.renderer.GameRenderer was not found freecam.mixins.json:GameRendererMixin
[17:17:00] [main/WARN] (mixin) Error loading class: net/minecraft/client/renderer/ItemInHandRenderer (java.lang.ClassNotFoundException: net.minecraft.client.renderer.ItemInHandRenderer)
[17:17:00] [main/WARN] (mixin) @Mixin target net.minecraft.client.renderer.ItemInHandRenderer was not found freecam.mixins.json:ItemInHandRendererMixin
[17:17:00] [main/WARN] (mixin) Error loading class: net/minecraft/client/renderer/LevelRenderer (java.lang.ClassNotFoundException: net.minecraft.client.renderer.LevelRenderer)
[17:17:00] [main/WARN] (mixin) @Mixin target net.minecraft.client.renderer.LevelRenderer was not found freecam.mixins.json:LevelRendererMixin
[17:17:00] [main/WARN] (mixin) Error loading class: net/minecraft/client/renderer/LightTexture (java.lang.ClassNotFoundException: net.minecraft.client.renderer.LightTexture)
[17:17:00] [main/WARN] (mixin) @Mixin target net.minecraft.client.renderer.LightTexture was not found freecam.mixins.json:LightTextureMixin
[17:17:00] [main/WARN] (mixin) Error loading class: net/minecraft/world/entity/LivingEntity (java.lang.ClassNotFoundException: net.minecraft.world.entity.LivingEntity)
[17:17:00] [main/WARN] (mixin) @Mixin target net.minecraft.world.entity.LivingEntity was not found freecam.mixins.json:LivingEntityMixin
[17:17:00] [main/WARN] (mixin) Error loading class: net/minecraft/client/player/LocalPlayer (java.lang.ClassNotFoundException: net.minecraft.client.player.LocalPlayer)
[17:17:00] [main/WARN] (mixin) @Mixin target net.minecraft.client.player.LocalPlayer was not found freecam.mixins.json:LocalPlayerMixin
[17:17:00] [main/WARN] (mixin) Error loading class: net/minecraft/client/Minecraft (java.lang.ClassNotFoundException: net.minecraft.client.Minecraft)
[17:17:00] [main/WARN] (mixin) @Mixin target net.minecraft.client.Minecraft was not found freecam.mixins.json:MinecraftMixin
[17:17:00] [main/WARN] (mixin) Error loading class: net/minecraft/client/multiplayer/MultiPlayerGameMode (java.lang.ClassNotFoundException: net.minecraft.client.multiplayer.MultiPlayerGameMode)
[17:17:00] [main/WARN] (mixin) @Mixin target net.minecraft.client.multiplayer.MultiPlayerGameMode was not found freecam.mixins.json:MultiPlayerGameModeMixin
[17:17:00] [main/WARN] (mixin) Error loading class: net/minecraft/client/Options (java.lang.ClassNotFoundException: net.minecraft.client.Options)
[17:17:00] [main/WARN] (mixin) @Mixin target net.minecraft.client.Options was not found freecam.mixins.json:OptionsMixin
[17:17:00] [main/WARN] (mixin) Error loading class: net/minecraft/world/entity/LivingEntity (java.lang.ClassNotFoundException: net.minecraft.world.entity.LivingEntity)
[17:17:00] [main/WARN] (mixin) @Mixin target net.minecraft.world.entity.LivingEntity was not found fancymenu.mixins.json:server.MixinLivingEntity
[17:17:00] [main/WARN] (mixin) Error loading class: net/minecraft/server/level/ServerLevel (java.lang.ClassNotFoundException: net.minecraft.server.level.ServerLevel)
[17:17:00] [main/WARN] (mixin) @Mixin target net.minecraft.server.level.ServerLevel was not found fancymenu.mixins.json:server.MixinServerLevel
[17:17:00] [main/WARN] (mixin) Error loading class: net/minecraft/server/level/ServerPlayer (java.lang.ClassNotFoundException: net.minecraft.server.level.ServerPlayer)
[17:17:00] [main/WARN] (mixin) @Mixin target net.minecraft.server.level.ServerPlayer was not found fancymenu.mixins.json:server.MixinServerPlayer
[17:17:01] [main/WARN] (mixin) Error loading class: net/minecraft/client/gui/components/AbstractSelectionList (java.lang.ClassNotFoundException: net.minecraft.client.gui.components.AbstractSelectionList)
[17:17:01] [main/WARN] (mixin) @Mixin target net.minecraft.client.gui.components.AbstractSelectionList was not found fancymenu.mixins.json:client.IMixinAbstractSelectionList
[17:17:01] [main/WARN] (mixin) Error loading class: net/minecraft/client/gui/components/AbstractSliderButton (java.lang.ClassNotFoundException: net.minecraft.client.gui.components.AbstractSliderButton)
[17:17:01] [main/WARN] (mixin) @Mixin target net.minecraft.client.gui.components.AbstractSliderButton was not found fancymenu.mixins.json:client.IMixinAbstractSliderButton
[17:17:01] [main/WARN] (mixin) Error loading class: net/minecraft/client/gui/components/AbstractWidget (java.lang.ClassNotFoundException: net.minecraft.client.gui.components.AbstractWidget)
[17:17:01] [main/WARN] (mixin) @Mixin target net.minecraft.client.gui.components.AbstractWidget was not found fancymenu.mixins.json:client.IMixinAbstractWidget
[17:17:01] [main/WARN] (mixin) Error loading class: net/minecraft/client/gui/components/BossHealthOverlay (java.lang.ClassNotFoundException: net.minecraft.client.gui.components.BossHealthOverlay)
[17:17:01] [main/WARN] (mixin) @Mixin target net.minecraft.client.gui.components.BossHealthOverlay was not found fancymenu.mixins.json:client.IMixinBossHealthOverlay
[17:17:01] [main/WARN] (mixin) Error loading class: net/minecraft/client/gui/components/Button (java.lang.ClassNotFoundException: net.minecraft.client.gui.components.Button)
[17:17:01] [main/WARN] (mixin) @Mixin target net.minecraft.client.gui.components.Button was not found fancymenu.mixins.json:client.IMixinButton
[17:17:01] [main/WARN] (mixin) Error loading class: net/minecraft/client/gui/screens/ChatScreen (java.lang.ClassNotFoundException: net.minecraft.client.gui.screens.ChatScreen)
[17:17:01] [main/WARN] (mixin) @Mixin target net.minecraft.client.gui.screens.ChatScreen was not found fancymenu.mixins.json:client.IMixinChatScreen
[17:17:01] [main/WARN] (mixin) Error loading class: net/minecraft/client/resources/language/ClientLanguage (java.lang.ClassNotFoundException: net.minecraft.client.resources.language.ClientLanguage)
[17:17:01] [main/WARN] (mixin) @Mixin target net.minecraft.client.resources.language.ClientLanguage was not found fancymenu.mixins.json:client.IMixinClientLanguage
[17:17:01] [main/WARN] (mixin) Error loading class: net/minecraft/client/gui/components/CommandSuggestions (java.lang.ClassNotFoundException: net.minecraft.client.gui.components.CommandSuggestions)
[17:17:01] [main/WARN] (mixin) @Mixin target net.minecraft.client.gui.components.CommandSuggestions was not found fancymenu.mixins.json:client.IMixinCommandSuggestions
[17:17:01] [main/WARN] (mixin) Error loading class: net/minecraft/client/gui/screens/ConnectScreen (java.lang.ClassNotFoundException: net.minecraft.client.gui.screens.ConnectScreen)
[17:17:01] [main/WARN] (mixin) @Mixin target net.minecraft.client.gui.screens.ConnectScreen was not found fancymenu.mixins.json:client.IMixinConnectScreen
[17:17:01] [main/WARN] (mixin) Error loading class: net/minecraft/client/gui/components/EditBox (java.lang.ClassNotFoundException: net.minecraft.client.gui.components.EditBox)
[17:17:01] [main/WARN] (mixin) @Mixin target net.minecraft.client.gui.components.EditBox was not found fancymenu.mixins.json:client.IMixinEditBox
[17:17:01] [main/WARN] (mixin) Error loading class: net/minecraft/client/gui/GuiGraphics (java.lang.ClassNotFoundException: net.minecraft.client.gui.GuiGraphics)
[17:17:01] [main/WARN] (mixin) @Mixin target net.minecraft.client.gui.GuiGraphics was not found fancymenu.mixins.json:client.IMixinGuiGraphics
[17:17:01] [main/WARN] (mixin) Error loading class: net/minecraft/client/gui/screens/LevelLoadingScreen (java.lang.ClassNotFoundException: net.minecraft.client.gui.screens.LevelLoadingScreen)
[17:17:01] [main/WARN] (mixin) @Mixin target net.minecraft.client.gui.screens.LevelLoadingScreen was not found fancymenu.mixins.json:client.IMixinLevelLoadingScreen
[17:17:01] [main/WARN] (mixin) Error loading class: net/minecraft/client/Minecraft (java.lang.ClassNotFoundException: net.minecraft.client.Minecraft)
[17:17:01] [main/WARN] (mixin) @Mixin target net.minecraft.client.Minecraft was not found fancymenu.mixins.json:client.IMixinMinecraft
[17:17:01] [main/WARN] (mixin) Error loading class: net/minecraft/client/sounds/MusicManager (java.lang.ClassNotFoundException: net.minecraft.client.sounds.MusicManager)
[17:17:01] [main/WARN] (mixin) @Mixin target net.minecraft.client.sounds.MusicManager was not found fancymenu.mixins.json:client.IMixinMusicManager
[17:17:01] [main/WARN] (mixin) Error loading class: net/minecraft/client/Options (java.lang.ClassNotFoundException: net.minecraft.client.Options)
[17:17:01] [main/WARN] (mixin) @Mixin target net.minecraft.client.Options was not found fancymenu.mixins.json:client.IMixinOptions
[17:17:01] [main/WARN] (mixin) Error loading class: net/minecraft/client/gui/screens/PauseScreen (java.lang.ClassNotFoundException: net.minecraft.client.gui.screens.PauseScreen)
[17:17:01] [main/WARN] (mixin) @Mixin target net.minecraft.client.gui.screens.PauseScreen was not found fancymenu.mixins.json:client.IMixinPauseScreen
[17:17:01] [main/WARN] (mixin) Error loading class: net/minecraft/client/model/PlayerModel (java.lang.ClassNotFoundException: net.minecraft.client.model.PlayerModel)
[17:17:01] [main/WARN] (mixin) @Mixin target net.minecraft.client.model.PlayerModel was not found fancymenu.mixins.json:client.IMixinPlayerModel
[17:17:01] [main/WARN] (mixin) Error loading class: net/minecraft/client/gui/screens/ProgressScreen (java.lang.ClassNotFoundException: net.minecraft.client.gui.screens.ProgressScreen)
[17:17:01] [main/WARN] (mixin) @Mixin target net.minecraft.client.gui.screens.ProgressScreen was not found fancymenu.mixins.json:client.IMixinProgressScreen
[17:17:01] [main/WARN] (mixin) Error loading class: com/mojang/realmsclient/gui/screens/RealmsNotificationsScreen (java.lang.ClassNotFoundException: com.mojang.realmsclient.gui.screens.RealmsNotificationsScreen)
[17:17:01] [main/WARN] (mixin) @Mixin target com.mojang.realmsclient.gui.screens.RealmsNotificationsScreen was not found fancymenu.mixins.json:client.IMixinRealmsNotificationsScreen
[17:17:01] [main/WARN] (mixin) Error loading class: net/minecraft/client/gui/screens/ReceivingLevelScreen (java.lang.ClassNotFoundException: net.minecraft.client.gui.screens.ReceivingLevelScreen)
[17:17:01] [main/WARN] (mixin) @Mixin target net.minecraft.client.gui.screens.ReceivingLevelScreen was not found fancymenu.mixins.json:client.IMixinReceivingLevelScreen
[17:17:01] [main/WARN] (mixin) Error loading class: net/minecraft/client/gui/screens/Screen (java.lang.ClassNotFoundException: net.minecraft.client.gui.screens.Screen)
[17:17:01] [main/WARN] (mixin) @Mixin target net.minecraft.client.gui.screens.Screen was not found fancymenu.mixins.json:client.IMixinScreen
[17:17:01] [main/WARN] (mixin) Error loading class: net/minecraft/client/multiplayer/ServerList (java.lang.ClassNotFoundException: net.minecraft.client.multiplayer.ServerList)
[17:17:01] [main/WARN] (mixin) @Mixin target net.minecraft.client.multiplayer.ServerList was not found fancymenu.mixins.json:client.IMixinServerList
[17:17:01] [main/WARN] (mixin) Error loading class: net/minecraft/client/gui/components/SplashRenderer (java.lang.ClassNotFoundException: net.minecraft.client.gui.components.SplashRenderer)
[17:17:01] [main/WARN] (mixin) @Mixin target net.minecraft.client.gui.components.SplashRenderer was not found fancymenu.mixins.json:client.IMixinSplashRenderer
[17:17:01] [main/WARN] (mixin) Error loading class: net/minecraft/client/gui/components/CommandSuggestions$SuggestionsList (java.lang.ClassNotFoundException: net.minecraft.client.gui.components.CommandSuggestions$SuggestionsList)
[17:17:01] [main/WARN] (mixin) @Mixin target net.minecraft.client.gui.components.CommandSuggestions$SuggestionsList was not found fancymenu.mixins.json:client.IMixinSuggestionsList
[17:17:01] [main/WARN] (mixin) Error loading class: net/minecraft/client/gui/components/AbstractButton (java.lang.ClassNotFoundException: net.minecraft.client.gui.components.AbstractButton)
[17:17:01] [main/WARN] (mixin) @Mixin target net.minecraft.client.gui.components.AbstractButton was not found fancymenu.mixins.json:client.MixinAbstractButton
[17:17:01] [main/WARN] (mixin) Error loading class: net/minecraft/client/gui/components/events/AbstractContainerEventHandler (java.lang.ClassNotFoundException: net.minecraft.client.gui.components.events.AbstractContainerEventHandler)
[17:17:01] [main/WARN] (mixin) @Mixin target net.minecraft.client.gui.components.events.AbstractContainerEventHandler was not found fancymenu.mixins.json:client.MixinAbstractContainerEventHandler
[17:17:01] [main/WARN] (mixin) Error loading class: net/minecraft/client/gui/screens/inventory/AbstractContainerScreen (java.lang.ClassNotFoundException: net.minecraft.client.gui.screens.inventory.AbstractContainerScreen)
[17:17:01] [main/WARN] (mixin) @Mixin target net.minecraft.client.gui.screens.inventory.AbstractContainerScreen was not found fancymenu.mixins.json:client.MixinAbstractContainerScreen
[17:17:01] [main/WARN] (mixin) Error loading class: net/minecraft/client/gui/components/AbstractSelectionList (java.lang.ClassNotFoundException: net.minecraft.client.gui.components.AbstractSelectionList)
[17:17:01] [main/WARN] (mixin) @Mixin target net.minecraft.client.gui.components.AbstractSelectionList was not found fancymenu.mixins.json:client.MixinAbstractSelectionList
[17:17:01] [main/WARN] (mixin) Error loading class: net/minecraft/client/gui/components/AbstractSliderButton (java.lang.ClassNotFoundException: net.minecraft.client.gui.components.AbstractSliderButton)
[17:17:01] [main/WARN] (mixin) @Mixin target net.minecraft.client.gui.components.AbstractSliderButton was not found fancymenu.mixins.json:client.MixinAbstractSliderButton
[17:17:01] [main/WARN] (mixin) Error loading class: net/minecraft/client/gui/components/AbstractWidget (java.lang.ClassNotFoundException: net.minecraft.client.gui.components.AbstractWidget)
[17:17:01] [main/WARN] (mixin) @Mixin target net.minecraft.client.gui.components.AbstractWidget was not found fancymenu.mixins.json:client.MixinAbstractWidget
[17:17:01] [main/WARN] (mixin) Error loading class: net/minecraft/client/multiplayer/chat/ChatListener (java.lang.ClassNotFoundException: net.minecraft.client.multiplayer.chat.ChatListener)
[17:17:01] [main/WARN] (mixin) @Mixin target net.minecraft.client.multiplayer.chat.ChatListener was not found fancymenu.mixins.json:client.MixinChatListener
[17:17:01] [main/WARN] (mixin) Error loading class: net/minecraft/client/multiplayer/ClientPacketListener (java.lang.ClassNotFoundException: net.minecraft.client.multiplayer.ClientPacketListener)
[17:17:01] [main/WARN] (mixin) @Mixin target net.minecraft.client.multiplayer.ClientPacketListener was not found fancymenu.mixins.json:client.MixinClientPacketListener
[17:17:01] [main/WARN] (mixin) Error loading class: net/minecraft/client/gui/screens/ConnectScreen (java.lang.ClassNotFoundException: net.minecraft.client.gui.screens.ConnectScreen)
[17:17:01] [main/WARN] (mixin) @Mixin target net.minecraft.client.gui.screens.ConnectScreen was not found fancymenu.mixins.json:client.MixinConnectScreen
[17:17:01] [main/WARN] (mixin) Error loading class: net/minecraft/client/gui/screens/worldselection/CreateWorldScreen (java.lang.ClassNotFoundException: net.minecraft.client.gui.screens.worldselection.CreateWorldScreen)
[17:17:01] [main/WARN] (mixin) @Mixin target net.minecraft.client.gui.screens.worldselection.CreateWorldScreen was not found fancymenu.mixins.json:client.MixinCreateWorldScreen
[17:17:01] [main/WARN] (mixin) Error loading class: net/minecraft/client/gui/screens/worldselection/CreateWorldScreen$GameTab (java.lang.ClassNotFoundException: net.minecraft.client.gui.screens.worldselection.CreateWorldScreen$GameTab)
[17:17:01] [main/WARN] (mixin) @Mixin target net.minecraft.client.gui.screens.worldselection.CreateWorldScreen$GameTab was not found fancymenu.mixins.json:client.MixinCreateWorldScreen_GameTab
[17:17:01] [main/WARN] (mixin) Error loading class: net/minecraft/client/gui/screens/worldselection/CreateWorldScreen$MoreTab (java.lang.ClassNotFoundException: net.minecraft.client.gui.screens.worldselection.CreateWorldScreen$MoreTab)
[17:17:01] [main/WARN] (mixin) @Mixin target net.minecraft.client.gui.screens.worldselection.CreateWorldScreen$MoreTab was not found fancymenu.mixins.json:client.MixinCreateWorldScreen_MoreTab
[17:17:01] [main/WARN] (mixin) Error loading class: net/minecraft/client/gui/screens/worldselection/CreateWorldScreen$WorldTab (java.lang.ClassNotFoundException: net.minecraft.client.gui.screens.worldselection.CreateWorldScreen$WorldTab)
[17:17:01] [main/WARN] (mixin) @Mixin target net.minecraft.client.gui.screens.worldselection.CreateWorldScreen$WorldTab was not found fancymenu.mixins.json:client.MixinCreateWorldScreen_WorldTab
[17:17:01] [main/WARN] (mixin) Error loading class: net/minecraft/client/gui/screens/inventory/CreativeModeInventoryScreen (java.lang.ClassNotFoundException: net.minecraft.client.gui.screens.inventory.CreativeModeInventoryScreen)
[17:17:01] [main/WARN] (mixin) @Mixin target net.minecraft.client.gui.screens.inventory.CreativeModeInventoryScreen was not found fancymenu.mixins.json:client.MixinCreativeModeInventoryScreen
[17:17:01] [main/WARN] (mixin) Error loading class: net/minecraft/client/gui/components/CycleButton (java.lang.ClassNotFoundException: net.minecraft.client.gui.components.CycleButton)
[17:17:01] [main/WARN] (mixin) @Mixin target net.minecraft.client.gui.components.CycleButton was not found fancymenu.mixins.json:client.MixinCycleButton
[17:17:01] [main/WARN] (mixin) Error loading class: net/minecraft/client/gui/screens/DeathScreen (java.lang.ClassNotFoundException: net.minecraft.client.gui.screens.DeathScreen)
[17:17:01] [main/WARN] (mixin) @Mixin target net.minecraft.client.gui.screens.DeathScreen was not found fancymenu.mixins.json:client.MixinDeathScreen
[17:17:01] [main/WARN] (mixin) Error loading class: net/minecraft/client/gui/screens/DisconnectedScreen (java.lang.ClassNotFoundException: net.minecraft.client.gui.screens.DisconnectedScreen)
[17:17:01] [main/WARN] (mixin) @Mixin target net.minecraft.client.gui.screens.DisconnectedScreen was not found fancymenu.mixins.json:client.MixinDisconnectedScreen
[17:17:01] [main/WARN] (mixin) Error loading class: net/minecraft/client/GameNarrator (java.lang.ClassNotFoundException: net.minecraft.client.GameNarrator)
[17:17:01] [main/WARN] (mixin) @Mixin target net.minecraft.client.GameNarrator was not found fancymenu.mixins.json:client.MixinGameNarrator
[17:17:01] [main/WARN] (mixin) Error loading class: net/minecraft/client/renderer/GameRenderer (java.lang.ClassNotFoundException: net.minecraft.client.renderer.GameRenderer)
[17:17:01] [main/WARN] (mixin) @Mixin target net.minecraft.client.renderer.GameRenderer was not found fancymenu.mixins.json:client.MixinGameRenderer
[17:17:01] [main/WARN] (mixin) Error loading class: net/minecraft/client/gui/GuiGraphics (java.lang.ClassNotFoundException: net.minecraft.client.gui.GuiGraphics)
[17:17:01] [main/WARN] (mixin) @Mixin target net.minecraft.client.gui.GuiGraphics was not found fancymenu.mixins.json:client.MixinGuiGraphics
[17:17:01] [main/WARN] (mixin) Error loading class: net/minecraft/client/gui/components/ImageButton (java.lang.ClassNotFoundException: net.minecraft.client.gui.components.ImageButton)
[17:17:01] [main/WARN] (mixin) @Mixin target net.minecraft.client.gui.components.ImageButton was not found fancymenu.mixins.json:client.MixinImageButton
[17:17:01] [main/WARN] (mixin) Error loading class: net/minecraft/client/KeyboardHandler (java.lang.ClassNotFoundException: net.minecraft.client.KeyboardHandler)
[17:17:01] [main/WARN] (mixin) @Mixin target net.minecraft.client.KeyboardHandler was not found fancymenu.mixins.json:client.MixinKeyboardHandler
[17:17:01] [main/WARN] (mixin) Error loading class: net/minecraft/client/gui/screens/LevelLoadingScreen (java.lang.ClassNotFoundException: net.minecraft.client.gui.screens.LevelLoadingScreen)
[17:17:01] [main/WARN] (mixin) @Mixin target net.minecraft.client.gui.screens.LevelLoadingScreen was not found fancymenu.mixins.json:client.MixinLevelLoadingScreen
[17:17:01] [main/WARN] (mixin) Error loading class: net/minecraft/client/gui/screens/ReceivingLevelScreen (java.lang.ClassNotFoundException: net.minecraft.client.gui.screens.ReceivingLevelScreen)
[17:17:01] [main/WARN] (mixin) @Mixin target net.minecraft.client.gui.screens.ReceivingLevelScreen was not found fancymenu.mixins.json:client.MixinLevelLoadStatusManager
[17:17:01] [main/WARN] (mixin) Error loading class: net/minecraft/client/renderer/LevelRenderer (java.lang.ClassNotFoundException: net.minecraft.client.renderer.LevelRenderer)
[17:17:01] [main/WARN] (mixin) @Mixin target net.minecraft.client.renderer.LevelRenderer was not found fancymenu.mixins.json:client.MixinLevelRenderer
[17:17:01] [main/WARN] (mixin) Error loading class: net/minecraft/world/level/storage/LevelStorageSource$LevelStorageAccess (java.lang.ClassNotFoundException: net.minecraft.world.level.storage.LevelStorageSource$LevelStorageAccess)
[17:17:01] [main/WARN] (mixin) @Mixin target net.minecraft.world.level.storage.LevelStorageSource$LevelStorageAccess was not found fancymenu.mixins.json:client.MixinLevelStorageAccess
[17:17:01] [main/WARN] (mixin) Error loading class: net/minecraft/world/entity/LivingEntity (java.lang.ClassNotFoundException: net.minecraft.world.entity.LivingEntity)
[17:17:01] [main/WARN] (mixin) @Mixin target net.minecraft.world.entity.LivingEntity was not found fancymenu.mixins.json:client.MixinLivingEntity
[17:17:01] [main/WARN] (mixin) Error loading class: net/minecraft/client/gui/screens/LoadingOverlay (java.lang.ClassNotFoundException: net.minecraft.client.gui.screens.LoadingOverlay)
[17:17:01] [main/WARN] (mixin) @Mixin target net.minecraft.client.gui.screens.LoadingOverlay was not found fancymenu.mixins.json:client.MixinLoadingOverlay
[17:17:01] [main/WARN] (mixin) Error loading class: net/minecraft/client/player/LocalPlayer (java.lang.ClassNotFoundException: net.minecraft.client.player.LocalPlayer)
[17:17:01] [main/WARN] (mixin) @Mixin target net.minecraft.client.player.LocalPlayer was not found fancymenu.mixins.json:client.MixinLocalPlayer
[17:17:01] [main/WARN] (mixin) Error loading class: net/minecraft/client/Minecraft (java.lang.ClassNotFoundException: net.minecraft.client.Minecraft)
[17:17:01] [main/WARN] (mixin) @Mixin target net.minecraft.client.Minecraft was not found fancymenu.mixins.json:client.MixinMinecraft
[17:17:01] [main/WARN] (mixin) Error loading class: net/minecraft/client/MouseHandler (java.lang.ClassNotFoundException: net.minecraft.client.MouseHandler)
[17:17:01] [main/WARN] (mixin) @Mixin target net.minecraft.client.MouseHandler was not found fancymenu.mixins.json:client.MixinMouseHandler
[17:17:01] [main/WARN] (mixin) Error loading class: net/minecraft/client/multiplayer/MultiPlayerGameMode (java.lang.ClassNotFoundException: net.minecraft.client.multiplayer.MultiPlayerGameMode)
[17:17:01] [main/WARN] (mixin) @Mixin target net.minecraft.client.multiplayer.MultiPlayerGameMode was not found fancymenu.mixins.json:client.MixinMultiPlayerGameMode
[17:17:01] [main/WARN] (mixin) Error loading class: net/minecraft/client/sounds/MusicManager (java.lang.ClassNotFoundException: net.minecraft.client.sounds.MusicManager)
[17:17:01] [main/WARN] (mixin) @Mixin target net.minecraft.client.sounds.MusicManager was not found fancymenu.mixins.json:client.MixinMusicManager
[17:17:01] [main/WARN] (mixin) Error loading class: net/minecraft/client/gui/screens/multiplayer/ServerSelectionList$OnlineServerEntry (java.lang.ClassNotFoundException: net.minecraft.client.gui.screens.multiplayer.ServerSelectionList$OnlineServerEntry)
[17:17:01] [main/WARN] (mixin) @Mixin target net.minecraft.client.gui.screens.multiplayer.ServerSelectionList$OnlineServerEntry was not found fancymenu.mixins.json:client.MixinOnlineServerEntry
[17:17:01] [main/WARN] (mixin) Error loading class: net/minecraft/client/gui/screens/PauseScreen (java.lang.ClassNotFoundException: net.minecraft.client.gui.screens.PauseScreen)
[17:17:01] [main/WARN] (mixin) @Mixin target net.minecraft.client.gui.screens.PauseScreen was not found fancymenu.mixins.json:client.MixinPauseScreen
[17:17:01] [main/WARN] (mixin) Error loading class: net/minecraft/world/entity/player/Player (java.lang.ClassNotFoundException: net.minecraft.world.entity.player.Player)
[17:17:01] [main/WARN] (mixin) @Mixin target net.minecraft.world.entity.player.Player was not found fancymenu.mixins.json:client.MixinPlayer
[17:17:01] [main/WARN] (mixin) Error loading class: net/minecraft/client/gui/screens/ProgressScreen (java.lang.ClassNotFoundException: net.minecraft.client.gui.screens.ProgressScreen)
[17:17:01] [main/WARN] (mixin) @Mixin target net.minecraft.client.gui.screens.ProgressScreen was not found fancymenu.mixins.json:client.MixinProgressScreen
[17:17:01] [main/WARN] (mixin) Error loading class: net/minecraft/client/quickplay/QuickPlay (java.lang.ClassNotFoundException: net.minecraft.client.quickplay.QuickPlay)
[17:17:01] [main/WARN] (mixin) @Mixin target net.minecraft.client.quickplay.QuickPlay was not found fancymenu.mixins.json:client.MixinQuickPlay
[17:17:01] [main/WARN] (mixin) Error loading class: com/mojang/realmsclient/gui/screens/RealmsNotificationsScreen (java.lang.ClassNotFoundException: com.mojang.realmsclient.gui.screens.RealmsNotificationsScreen)
[17:17:01] [main/WARN] (mixin) @Mixin target com.mojang.realmsclient.gui.screens.RealmsNotificationsScreen was not found fancymenu.mixins.json:client.MixinRealmsNotificationsScreen
[17:17:01] [main/WARN] (mixin) Error loading class: net/minecraft/client/gui/screens/ReceivingLevelScreen (java.lang.ClassNotFoundException: net.minecraft.client.gui.screens.ReceivingLevelScreen)
[17:17:01] [main/WARN] (mixin) @Mixin target net.minecraft.client.gui.screens.ReceivingLevelScreen was not found fancymenu.mixins.json:client.MixinReceivingLevelScreen
[17:17:01] [main/WARN] (mixin) Error loading class: net/minecraft/client/ResourceLoadStateTracker (java.lang.ClassNotFoundException: net.minecraft.client.ResourceLoadStateTracker)
[17:17:01] [main/WARN] (mixin) @Mixin target net.minecraft.client.ResourceLoadStateTracker was not found fancymenu.mixins.json:client.MixinResourceLoadStateTracker
[17:17:01] [main/WARN] (mixin) Error loading class: net/minecraft/client/gui/screens/Screen (java.lang.ClassNotFoundException: net.minecraft.client.gui.screens.Screen)
[17:17:01] [main/WARN] (mixin) @Mixin target net.minecraft.client.gui.screens.Screen was not found fancymenu.mixins.json:client.MixinScreen
[17:17:01] [main/WARN] (mixin) Error loading class: net/minecraft/client/sounds/SoundEngine (java.lang.ClassNotFoundException: net.minecraft.client.sounds.SoundEngine)
[17:17:01] [main/WARN] (mixin) @Mixin target net.minecraft.client.sounds.SoundEngine was not found fancymenu.mixins.json:client.MixinSoundEngine
[17:17:01] [main/WARN] (mixin) Error loading class: net/minecraft/client/sounds/SoundManager (java.lang.ClassNotFoundException: net.minecraft.client.sounds.SoundManager)
[17:17:01] [main/WARN] (mixin) @Mixin target net.minecraft.client.sounds.SoundManager was not found fancymenu.mixins.json:client.MixinSoundManager
[17:17:01] [main/WARN] (mixin) Error loading class: net/minecraft/util/StringDecomposer (java.lang.ClassNotFoundException: net.minecraft.util.StringDecomposer)
[17:17:01] [main/WARN] (mixin) @Mixin target net.minecraft.util.StringDecomposer was not found fancymenu.mixins.json:client.MixinStringDecomposer
[17:17:01] [main/WARN] (mixin) Error loading class: net/minecraft/client/gui/screens/worldselection/SwitchGrid$SwitchBuilder (java.lang.ClassNotFoundException: net.minecraft.client.gui.screens.worldselection.SwitchGrid$SwitchBuilder)
[17:17:01] [main/WARN] (mixin) @Mixin target net.minecraft.client.gui.screens.worldselection.SwitchGrid$SwitchBuilder was not found fancymenu.mixins.json:client.MixinSwitchGrid_SwitchBuilder
[17:17:01] [main/WARN] (mixin) Error loading class: net/minecraft/client/gui/components/tabs/TabNavigationBar (java.lang.ClassNotFoundException: net.minecraft.client.gui.components.tabs.TabNavigationBar)
[17:17:01] [main/WARN] (mixin) @Mixin target net.minecraft.client.gui.components.tabs.TabNavigationBar was not found fancymenu.mixins.json:client.MixinTabNavigationBar
[17:17:01] [main/WARN] (mixin) Error loading class: net/minecraft/client/gui/screens/TitleScreen (java.lang.ClassNotFoundException: net.minecraft.client.gui.screens.TitleScreen)
[17:17:01] [main/WARN] (mixin) @Mixin target net.minecraft.client.gui.screens.TitleScreen was not found fancymenu.mixins.json:client.MixinTitleScreen
[17:17:01] [main/WARN] (mixin) Error loading class: net/minecraft/client/gui/screens/worldselection/WorldSelectionList$WorldListEntry (java.lang.ClassNotFoundException: net.minecraft.client.gui.screens.worldselection.WorldSelectionList$WorldListEntry)
[17:17:01] [main/WARN] (mixin) @Mixin target net.minecraft.client.gui.screens.worldselection.WorldSelectionList$WorldListEntry was not found fancymenu.mixins.json:client.MixinWorldListEntry
[17:17:01] [main/WARN] (mixin) Error loading class: net/minecraft/client/renderer/GameRenderer (java.lang.ClassNotFoundException: net.minecraft.client.renderer.GameRenderer)
[17:17:01] [main/WARN] (mixin) @Mixin target net.minecraft.client.renderer.GameRenderer was not found fancymenu.forge.mixins.json:client.MixinForgeGameRenderer
[17:17:01] [main/WARN] (mixin) Error loading class: net/minecraft/client/KeyboardHandler (java.lang.ClassNotFoundException: net.minecraft.client.KeyboardHandler)
[17:17:01] [main/WARN] (mixin) @Mixin target net.minecraft.client.KeyboardHandler was not found fancymenu.forge.mixins.json:client.MixinForgeKeyboardHandler
[17:17:01] [main/WARN] (mixin) Error loading class: net/minecraft/client/MouseHandler (java.lang.ClassNotFoundException: net.minecraft.client.MouseHandler)
[17:17:01] [main/WARN] (mixin) @Mixin target net.minecraft.client.MouseHandler was not found fancymenu.forge.mixins.json:client.MixinForgeMouseHandler
[17:17:01] [main/WARN] (mixin) Error loading class: net/minecraft/client/gui/screens/TitleScreen (java.lang.ClassNotFoundException: net.minecraft.client.gui.screens.TitleScreen)
[17:17:01] [main/WARN] (mixin) @Mixin target net.minecraft.client.gui.screens.TitleScreen was not found fancymenu.forge.mixins.json:client.MixinForgeTitleScreen
[17:17:01] [main/WARN] (mixin) Error loading class: net/minecraft/world/level/block/entity/BlockEntityType (java.lang.ClassNotFoundException: net.minecraft.world.level.block.entity.BlockEntityType)
[17:17:01] [main/WARN] (mixin) @Mixin target net.minecraft.world.level.block.entity.BlockEntityType was not found create_vibrant_vaults.mixins.json:BlockEntityTypeMixin
[17:17:01] [main/WARN] (mixin) Error loading class: com/mojang/blaze3d/platform/Window (java.lang.ClassNotFoundException: com.mojang.blaze3d.platform.Window)
[17:17:01] [main/WARN] (mixin) @Mixin target com.mojang.blaze3d.platform.Window was not found sodium-extra.mixins.json:adaptive_sync.MixinWindow
[17:17:01] [main/WARN] (mixin) Error loading class: net/minecraft/client/renderer/texture/TextureAtlas (java.lang.ClassNotFoundException: net.minecraft.client.renderer.texture.TextureAtlas)
[17:17:01] [main/WARN] (mixin) @Mixin target net.minecraft.client.renderer.texture.TextureAtlas was not found sodium-extra.mixins.json:animation.MixinSpriteAtlasTexture
[17:17:01] [main/WARN] (mixin) Error loading class: net/minecraft/client/renderer/BiomeColors (java.lang.ClassNotFoundException: net.minecraft.client.renderer.BiomeColors)
[17:17:01] [main/WARN] (mixin) @Mixin target net.minecraft.client.renderer.BiomeColors was not found sodium-extra.mixins.json:biome_colors.MixinBiomeColors
[17:17:01] [main/WARN] (mixin) Error loading class: net/minecraft/client/renderer/DimensionSpecialEffects$OverworldEffects (java.lang.ClassNotFoundException: net.minecraft.client.renderer.DimensionSpecialEffects$OverworldEffects)
[17:17:01] [main/WARN] (mixin) @Mixin target net.minecraft.client.renderer.DimensionSpecialEffects$OverworldEffects was not found sodium-extra.mixins.json:cloud.MixinDimensionEffectsOverworld
[17:17:01] [main/WARN] (mixin) Error loading class: net/minecraft/client/renderer/FogRenderer (java.lang.ClassNotFoundException: net.minecraft.client.renderer.FogRenderer)
[17:17:01] [main/WARN] (mixin) @Mixin target net.minecraft.client.renderer.FogRenderer was not found sodium-extra.mixins.json:fog.MixinBackgroundRenderer
[17:17:01] [main/WARN] (mixin) Error loading class: net/minecraft/client/renderer/FogRenderer (java.lang.ClassNotFoundException: net.minecraft.client.renderer.FogRenderer)
[17:17:01] [main/WARN] (mixin) @Mixin target net.minecraft.client.renderer.FogRenderer was not found sodium-extra.mixins.json:fog_falloff.MixinBackgroundRenderer
[17:17:01] [main/WARN] (mixin) Error loading class: net/minecraft/client/Minecraft (java.lang.ClassNotFoundException: net.minecraft.client.Minecraft)
[17:17:01] [main/WARN] (mixin) @Mixin target net.minecraft.client.Minecraft was not found sodium-extra.mixins.json:gui.MinecraftClientAccessor
[17:17:01] [main/WARN] (mixin) Error loading class: net/minecraft/client/Camera (java.lang.ClassNotFoundException: net.minecraft.client.Camera)
[17:17:01] [main/WARN] (mixin) @Mixin target net.minecraft.client.Camera was not found sodium-extra.mixins.json:instant_sneak.MixinCamera
[17:17:01] [main/WARN] (mixin) Error loading class: net/minecraft/world/level/lighting/LevelLightEngine (java.lang.ClassNotFoundException: net.minecraft.world.level.lighting.LevelLightEngine)
[17:17:01] [main/WARN] (mixin) @Mixin target net.minecraft.world.level.lighting.LevelLightEngine was not found sodium-extra.mixins.json:light_updates.MixinLightingProvider
[17:17:01] [main/WARN] (mixin) Error loading class: net/minecraft/client/renderer/blockentity/BeaconRenderer (java.lang.ClassNotFoundException: net.minecraft.client.renderer.blockentity.BeaconRenderer)
[17:17:01] [main/WARN] (mixin) @Mixin target net.minecraft.client.renderer.blockentity.BeaconRenderer was not found sodium-extra.mixins.json:optimizations.beacon_beam_rendering.MixinBeaconBlockEntityRenderer
[17:17:01] [main/WARN] (mixin) Error loading class: net/minecraft/client/renderer/LevelRenderer (java.lang.ClassNotFoundException: net.minecraft.client.renderer.LevelRenderer)
[17:17:01] [main/WARN] (mixin) @Mixin target net.minecraft.client.renderer.LevelRenderer was not found sodium-extra.mixins.json:optimizations.beacon_beam_rendering.WorldRendererAccessor
[17:17:01] [main/WARN] (mixin) Error loading class: net/minecraft/client/particle/ParticleEngine (java.lang.ClassNotFoundException: net.minecraft.client.particle.ParticleEngine)
[17:17:01] [main/WARN] (mixin) @Mixin target net.minecraft.client.particle.ParticleEngine was not found sodium-extra.mixins.json:particle.MixinParticleManager
[17:17:01] [main/WARN] (mixin) Error loading class: net/minecraft/client/renderer/LevelRenderer (java.lang.ClassNotFoundException: net.minecraft.client.renderer.LevelRenderer)
[17:17:01] [main/WARN] (mixin) @Mixin target net.minecraft.client.renderer.LevelRenderer was not found sodium-extra.mixins.json:particle.MixinWorldRenderer
[17:17:01] [main/WARN] (mixin) Error loading class: net/minecraft/client/particle/FireworkParticles$Starter (java.lang.ClassNotFoundException: net.minecraft.client.particle.FireworkParticles$Starter)
[17:17:01] [main/WARN] (mixin) @Mixin target net.minecraft.client.particle.FireworkParticles$Starter was not found sodium-extra.mixins.json:particle.MixinFireworkParticle
[17:17:01] [main/WARN] (mixin) Error loading class: net/minecraft/client/renderer/GameRenderer (java.lang.ClassNotFoundException: net.minecraft.client.renderer.GameRenderer)
[17:17:01] [main/WARN] (mixin) @Mixin target net.minecraft.client.renderer.GameRenderer was not found sodium-extra.mixins.json:prevent_shaders.MixinGameRenderer
[17:17:01] [main/WARN] (mixin) Error loading class: net/minecraft/client/renderer/blockentity/BlockEntityRenderDispatcher (java.lang.ClassNotFoundException: net.minecraft.client.renderer.blockentity.BlockEntityRenderDispatcher)
[17:17:01] [main/WARN] (mixin) @Mixin target net.minecraft.client.renderer.blockentity.BlockEntityRenderDispatcher was not found sodium-extra.mixins.json:profiler.MixinBlockEntityRenderDispatcher
[17:17:01] [main/WARN] (mixin) Error loading class: net/minecraft/client/renderer/entity/EntityRenderDispatcher (java.lang.ClassNotFoundException: net.minecraft.client.renderer.entity.EntityRenderDispatcher)
[17:17:01] [main/WARN] (mixin) @Mixin target net.minecraft.client.renderer.entity.EntityRenderDispatcher was not found sodium-extra.mixins.json:profiler.MixinEntityRenderDispatcher
[17:17:01] [main/WARN] (mixin) Error loading class: com/mojang/blaze3d/platform/Window (java.lang.ClassNotFoundException: com.mojang.blaze3d.platform.Window)
[17:17:01] [main/WARN] (mixin) @Mixin target com.mojang.blaze3d.platform.Window was not found sodium-extra.mixins.json:reduce_resolution_on_mac.MixinWindow
[17:17:01] [main/WARN] (mixin) Error loading class: net/minecraft/client/renderer/blockentity/BeaconRenderer (java.lang.ClassNotFoundException: net.minecraft.client.renderer.blockentity.BeaconRenderer)
[17:17:01] [main/WARN] (mixin) @Mixin target net.minecraft.client.renderer.blockentity.BeaconRenderer was not found sodium-extra.mixins.json:render.block.entity.MixinBeaconBlockEntityRenderer
[17:17:01] [main/WARN] (mixin) Error loading class: net/minecraft/client/renderer/blockentity/EnchantTableRenderer (java.lang.ClassNotFoundException: net.minecraft.client.renderer.blockentity.EnchantTableRenderer)
[17:17:01] [main/WARN] (mixin) @Mixin target net.minecraft.client.renderer.blockentity.EnchantTableRenderer was not found sodium-extra.mixins.json:render.block.entity.MixinEnchantingTableBlockEntityRenderer
[17:17:01] [main/WARN] (mixin) Error loading class: net/minecraft/client/renderer/blockentity/PistonHeadRenderer (java.lang.ClassNotFoundException: net.minecraft.client.renderer.blockentity.PistonHeadRenderer)
[17:17:01] [main/WARN] (mixin) @Mixin target net.minecraft.client.renderer.blockentity.PistonHeadRenderer was not found sodium-extra.mixins.json:render.block.entity.MixinPistonBlockEntityRenderer
[17:17:01] [main/WARN] (mixin) Error loading class: net/minecraft/client/renderer/entity/ItemFrameRenderer (java.lang.ClassNotFoundException: net.minecraft.client.renderer.entity.ItemFrameRenderer)
[17:17:01] [main/WARN] (mixin) @Mixin target net.minecraft.client.renderer.entity.ItemFrameRenderer was not found sodium-extra.mixins.json:render.entity.MixinItemFrameEntityRenderer
[17:17:01] [main/WARN] (mixin) Error loading class: net/minecraft/client/renderer/entity/LivingEntityRenderer (java.lang.ClassNotFoundException: net.minecraft.client.renderer.entity.LivingEntityRenderer)
[17:17:01] [main/WARN] (mixin) @Mixin target net.minecraft.client.renderer.entity.LivingEntityRenderer was not found sodium-extra.mixins.json:render.entity.MixinLivingEntityRenderer
[17:17:01] [main/WARN] (mixin) Error loading class: net/minecraft/client/renderer/entity/PaintingRenderer (java.lang.ClassNotFoundException: net.minecraft.client.renderer.entity.PaintingRenderer)
[17:17:01] [main/WARN] (mixin) @Mixin target net.minecraft.client.renderer.entity.PaintingRenderer was not found sodium-extra.mixins.json:render.entity.MixinPaintingEntityRenderer
[17:17:01] [main/WARN] (mixin) Error loading class: net/minecraft/client/renderer/LevelRenderer (java.lang.ClassNotFoundException: net.minecraft.client.renderer.LevelRenderer)
[17:17:01] [main/WARN] (mixin) @Mixin target net.minecraft.client.renderer.LevelRenderer was not found sodium-extra.mixins.json:sky.MixinWorldRenderer
[17:17:01] [main/WARN] (mixin) Error loading class: net/minecraft/client/renderer/LevelRenderer (java.lang.ClassNotFoundException: net.minecraft.client.renderer.LevelRenderer)
[17:17:01] [main/WARN] (mixin) @Mixin target net.minecraft.client.renderer.LevelRenderer was not found sodium-extra.mixins.json:stars.MixinWorldRenderer
[17:17:01] [main/WARN] (mixin) Error loading class: net/minecraft/client/renderer/LevelRenderer (java.lang.ClassNotFoundException: net.minecraft.client.renderer.LevelRenderer)
[17:17:01] [main/WARN] (mixin) @Mixin target net.minecraft.client.renderer.LevelRenderer was not found sodium-extra.mixins.json:sun_moon.MixinWorldRenderer
[17:17:01] [main/WARN] (mixin) Error loading class: net/minecraft/client/gui/components/toasts/ToastComponent (java.lang.ClassNotFoundException: net.minecraft.client.gui.components.toasts.ToastComponent)
[17:17:01] [main/WARN] (mixin) @Mixin target net.minecraft.client.gui.components.toasts.ToastComponent was not found sodium-extra.mixins.json:toasts.MixinToastManager
[17:17:01] [main/WARN] (mixin) Error loading class: net/minecraft/client/gui/components/toasts/AdvancementToast (java.lang.ClassNotFoundException: net.minecraft.client.gui.components.toasts.AdvancementToast)
[17:17:01] [main/WARN] (mixin) @Mixin target net.minecraft.client.gui.components.toasts.AdvancementToast was not found sodium-extra.mixins.json:toasts.MixinAdvancementToast
[17:17:01] [main/WARN] (mixin) Error loading class: net/minecraft/client/gui/components/toasts/RecipeToast (java.lang.ClassNotFoundException: net.minecraft.client.gui.components.toasts.RecipeToast)
[17:17:01] [main/WARN] (mixin) @Mixin target net.minecraft.client.gui.components.toasts.RecipeToast was not found sodium-extra.mixins.json:toasts.MixinRecipeToast
[17:17:01] [main/WARN] (mixin) Error loading class: net/minecraft/client/gui/components/toasts/SystemToast (java.lang.ClassNotFoundException: net.minecraft.client.gui.components.toasts.SystemToast)
[17:17:01] [main/WARN] (mixin) @Mixin target net.minecraft.client.gui.components.toasts.SystemToast was not found sodium-extra.mixins.json:toasts.MixinSystemToast
[17:17:01] [main/WARN] (mixin) Error loading class: net/minecraft/client/gui/components/toasts/TutorialToast (java.lang.ClassNotFoundException: net.minecraft.client.gui.components.toasts.TutorialToast)
[17:17:01] [main/WARN] (mixin) @Mixin target net.minecraft.client.gui.components.toasts.TutorialToast was not found sodium-extra.mixins.json:toasts.MixinTutorialToast
[17:17:01] [main/WARN] (mixin) Error loading class: net/minecraft/world/level/block/entity/BlockEntityType (java.lang.ClassNotFoundException: net.minecraft.world.level.block.entity.BlockEntityType)
[17:17:01] [main/WARN] (mixin) @Mixin target net.minecraft.world.level.block.entity.BlockEntityType was not found ryoamiclights.common.mixins.json:BlockEntityTypeMixin
[17:17:01] [main/WARN] (mixin) Error loading class: net/minecraft/client/multiplayer/ClientLevel (java.lang.ClassNotFoundException: net.minecraft.client.multiplayer.ClientLevel)
[17:17:01] [main/WARN] (mixin) @Mixin target net.minecraft.client.multiplayer.ClientLevel was not found ryoamiclights.common.mixins.json:ClientWorldMixin
[17:17:01] [main/WARN] (mixin) Error loading class: net/minecraft/client/renderer/LevelRenderer (java.lang.ClassNotFoundException: net.minecraft.client.renderer.LevelRenderer)
[17:17:01] [main/WARN] (mixin) @Mixin target net.minecraft.client.renderer.LevelRenderer was not found ryoamiclights.common.mixins.json:CommonWorldRendererMixin
[17:17:01] [main/WARN] (mixin) Error loading class: net/minecraft/client/gui/components/DebugScreenOverlay (java.lang.ClassNotFoundException: net.minecraft.client.gui.components.DebugScreenOverlay)
[17:17:01] [main/WARN] (mixin) @Mixin target net.minecraft.client.gui.components.DebugScreenOverlay was not found ryoamiclights.common.mixins.json:DebugHudMixin
[17:17:01] [main/WARN] (mixin) Error loading class: net/minecraft/client/renderer/entity/EntityRenderer (java.lang.ClassNotFoundException: net.minecraft.client.renderer.entity.EntityRenderer)
[17:17:01] [main/WARN] (mixin) @Mixin target net.minecraft.client.renderer.entity.EntityRenderer was not found ryoamiclights.common.mixins.json:EntityRendererMixin
[17:17:01] [main/WARN] (mixin) Error loading class: net/minecraft/client/Minecraft (java.lang.ClassNotFoundException: net.minecraft.client.Minecraft)
[17:17:01] [main/WARN] (mixin) @Mixin target net.minecraft.client.Minecraft was not found ryoamiclights.common.mixins.json:MinecraftClientMixin
[17:17:01] [main/WARN] (mixin) Error loading class: net/minecraft/world/level/Level (java.lang.ClassNotFoundException: net.minecraft.world.level.Level)
[17:17:01] [main/WARN] (mixin) @Mixin target net.minecraft.world.level.Level was not found ryoamiclights.common.mixins.json:WorldMixin
[17:17:01] [main/WARN] (mixin) Error loading class: net/minecraft/world/entity/decoration/HangingEntity (java.lang.ClassNotFoundException: net.minecraft.world.entity.decoration.HangingEntity)
[17:17:01] [main/WARN] (mixin) @Mixin target net.minecraft.world.entity.decoration.HangingEntity was not found ryoamiclights.common.mixins.json:lightsource.AbstractDecorationEntityMixin
[17:17:01] [main/WARN] (mixin) Error loading class: net/minecraft/world/entity/vehicle/AbstractMinecart (java.lang.ClassNotFoundException: net.minecraft.world.entity.vehicle.AbstractMinecart)
[17:17:01] [main/WARN] (mixin) @Mixin target net.minecraft.world.entity.vehicle.AbstractMinecart was not found ryoamiclights.common.mixins.json:lightsource.AbstractMinecartEntityMixin
[17:17:01] [main/WARN] (mixin) Error loading class: net/minecraft/world/level/block/entity/BlockEntity (java.lang.ClassNotFoundException: net.minecraft.world.level.block.entity.BlockEntity)
[17:17:01] [main/WARN] (mixin) @Mixin target net.minecraft.world.level.block.entity.BlockEntity was not found ryoamiclights.common.mixins.json:lightsource.BlockEntityMixin
[17:17:01] [main/WARN] (mixin) Error loading class: net/minecraft/world/entity/Entity (java.lang.ClassNotFoundException: net.minecraft.world.entity.Entity)
[17:17:01] [main/WARN] (mixin) @Mixin target net.minecraft.world.entity.Entity was not found ryoamiclights.common.mixins.json:lightsource.EntityMixin
[17:17:01] [main/WARN] (mixin) Error loading class: net/minecraft/world/entity/projectile/AbstractHurtingProjectile (java.lang.ClassNotFoundException: net.minecraft.world.entity.projectile.AbstractHurtingProjectile)
[17:17:01] [main/WARN] (mixin) @Mixin target net.minecraft.world.entity.projectile.AbstractHurtingProjectile was not found ryoamiclights.common.mixins.json:lightsource.ExplosiveProjectileEntityMixin
[17:17:01] [main/WARN] (mixin) Error loading class: net/minecraft/world/entity/LivingEntity (java.lang.ClassNotFoundException: net.minecraft.world.entity.LivingEntity)
[17:17:01] [main/WARN] (mixin) @Mixin target net.minecraft.world.entity.LivingEntity was not found ryoamiclights.common.mixins.json:lightsource.LivingEntityMixin
[17:17:01] [main/WARN] (mixin) Error loading class: net/minecraft/world/entity/player/Player (java.lang.ClassNotFoundException: net.minecraft.world.entity.player.Player)
[17:17:01] [main/WARN] (mixin) @Mixin target net.minecraft.world.entity.player.Player was not found ryoamiclights.common.mixins.json:lightsource.PlayerEntityMixin
[17:17:01] [main/WARN] (mixin) Error loading class: net/minecraft/world/entity/item/PrimedTnt (java.lang.ClassNotFoundException: net.minecraft.world.entity.item.PrimedTnt)
[17:17:01] [main/WARN] (mixin) @Mixin target net.minecraft.world.entity.item.PrimedTnt was not found ryoamiclights.common.mixins.json:lightsource.TntEntityMixin
[17:17:01] [main/WARN] (mixin) Error loading class: net/minecraft/world/entity/Entity (java.lang.ClassNotFoundException: net.minecraft.world.entity.Entity)
[17:17:01] [main/WARN] (mixin) @Mixin target net.minecraft.world.entity.Entity was not found valkyrienskies-common.mixins.json:accessors.entity.EntityAccessor
[17:17:01] [main/WARN] (mixin) Error loading class: net/minecraft/network/protocol/game/ClientboundSectionBlocksUpdatePacket (java.lang.ClassNotFoundException: net.minecraft.network.protocol.game.ClientboundSectionBlocksUpdatePacket)
[17:17:01] [main/WARN] (mixin) @Mixin target net.minecraft.network.protocol.game.ClientboundSectionBlocksUpdatePacket was not found valkyrienskies-common.mixins.json:accessors.network.protocol.game.ClientboundSectionBlocksUpdatePacketAccessor
[17:17:01] [main/WARN] (mixin) Error loading class: net/minecraft/resources/ResourceKey (java.lang.ClassNotFoundException: net.minecraft.resources.ResourceKey)
[17:17:01] [main/WARN] (mixin) @Mixin target net.minecraft.resources.ResourceKey was not found valkyrienskies-common.mixins.json:accessors.resource.ResourceKeyAccessor
[17:17:01] [main/WARN] (mixin) Error loading class: net/minecraft/server/level/ChunkMap (java.lang.ClassNotFoundException: net.minecraft.server.level.ChunkMap)
[17:17:01] [main/WARN] (mixin) @Mixin target net.minecraft.server.level.ChunkMap was not found valkyrienskies-common.mixins.json:accessors.server.level.ChunkMapAccessor
[17:17:01] [main/WARN] (mixin) Error loading class: net/minecraft/server/level/DistanceManager (java.lang.ClassNotFoundException: net.minecraft.server.level.DistanceManager)
[17:17:01] [main/WARN] (mixin) @Mixin target net.minecraft.server.level.DistanceManager was not found valkyrienskies-common.mixins.json:accessors.server.level.DistanceManagerAccessor
[17:17:01] [main/WARN] (mixin) Error loading class: net/minecraft/server/level/ServerChunkCache (java.lang.ClassNotFoundException: net.minecraft.server.level.ServerChunkCache)
[17:17:01] [main/WARN] (mixin) @Mixin target net.minecraft.server.level.ServerChunkCache was not found valkyrienskies-common.mixins.json:accessors.server.level.ServerChunkCacheAccessor
[17:17:01] [main/WARN] (mixin) Error loading class: net/minecraft/world/level/block/SlabBlock (java.lang.ClassNotFoundException: net.minecraft.world.level.block.SlabBlock)
[17:17:01] [main/WARN] (mixin) @Mixin target net.minecraft.world.level.block.SlabBlock was not found valkyrienskies-common.mixins.json:accessors.world.level.block.SlabBlockAccessor
[17:17:01] [main/WARN] (mixin) Error loading class: net/minecraft/world/level/pathfinder/Path (java.lang.ClassNotFoundException: net.minecraft.world.level.pathfinder.Path)
[17:17:01] [main/WARN] (mixin) @Mixin target net.minecraft.world.level.pathfinder.Path was not found valkyrienskies-common.mixins.json:accessors.world.level.pathfinder.PathAccessor
[17:17:01] [main/WARN] (mixin) Error loading class: net/minecraft/commands/arguments/selector/EntitySelectorParser (java.lang.ClassNotFoundException: net.minecraft.commands.arguments.selector.EntitySelectorParser)
[17:17:01] [main/WARN] (mixin) @Mixin target net.minecraft.commands.arguments.selector.EntitySelectorParser was not found valkyrienskies-common.mixins.json:commands.argument.selector.MixinEntitySelectorParser
[17:17:01] [main/WARN] (mixin) Error loading class: net/minecraft/world/entity/Entity (java.lang.ClassNotFoundException: net.minecraft.world.entity.Entity)
[17:17:01] [main/WARN] (mixin) @Mixin target net.minecraft.world.entity.Entity was not found valkyrienskies-common.mixins.json:entity.MixinEntity
[17:17:01] [main/WARN] (mixin) Error loading class: net/minecraft/world/entity/ai/behavior/AcquirePoi$JitteredLinearRetry (java.lang.ClassNotFoundException: net.minecraft.world.entity.ai.behavior.AcquirePoi$JitteredLinearRetry)
[17:17:01] [main/WARN] (mixin) @Mixin target net.minecraft.world.entity.ai.behavior.AcquirePoi$JitteredLinearRetry was not found valkyrienskies-common.mixins.json:feature.ai.goal.JitteredLinearRetryAccessor
[17:17:01] [main/WARN] (mixin) Error loading class: net/minecraft/world/entity/ai/util/GoalUtils (java.lang.ClassNotFoundException: net.minecraft.world.entity.ai.util.GoalUtils)
[17:17:01] [main/WARN] (mixin) @Mixin target net.minecraft.world.entity.ai.util.GoalUtils was not found valkyrienskies-common.mixins.json:feature.ai.goal.MixinGoalUtil
[17:17:01] [main/WARN] (mixin) Error loading class: net/minecraft/world/entity/ai/goal/MoveToBlockGoal (java.lang.ClassNotFoundException: net.minecraft.world.entity.ai.goal.MoveToBlockGoal)
[17:17:01] [main/WARN] (mixin) @Mixin target net.minecraft.world.entity.ai.goal.MoveToBlockGoal was not found valkyrienskies-common.mixins.json:feature.ai.goal.MixinMoveToBlockGoal
[17:17:01] [main/WARN] (mixin) Error loading class: net/minecraft/world/entity/ai/behavior/MoveToTargetSink (java.lang.ClassNotFoundException: net.minecraft.world.entity.ai.behavior.MoveToTargetSink)
[17:17:01] [main/WARN] (mixin) @Mixin target net.minecraft.world.entity.ai.behavior.MoveToTargetSink was not found valkyrienskies-common.mixins.json:feature.ai.goal.MixinMoveToTargetSink
[17:17:01] [main/WARN] (mixin) Error loading class: net/minecraft/world/entity/ai/behavior/ValidateNearbyPoi (java.lang.ClassNotFoundException: net.minecraft.world.entity.ai.behavior.ValidateNearbyPoi)
[17:17:01] [main/WARN] (mixin) @Mixin target net.minecraft.world.entity.ai.behavior.ValidateNearbyPoi was not found valkyrienskies-common.mixins.json:feature.ai.goal.MixinValidateNearbyPoi
[17:17:01] [main/WARN] (mixin) Error loading class: net/minecraft/world/entity/animal/Bee (java.lang.ClassNotFoundException: net.minecraft.world.entity.animal.Bee)
[17:17:01] [main/WARN] (mixin) @Mixin target net.minecraft.world.entity.animal.Bee was not found valkyrienskies-common.mixins.json:feature.ai.goal.bees.MixinBee
[17:17:01] [main/WARN] (mixin) Error loading class: net/minecraft/world/entity/animal/Bee$BeeEnterHiveGoal (java.lang.ClassNotFoundException: net.minecraft.world.entity.animal.Bee$BeeEnterHiveGoal)
[17:17:01] [main/WARN] (mixin) @Mixin target net.minecraft.world.entity.animal.Bee$BeeEnterHiveGoal was not found valkyrienskies-common.mixins.json:feature.ai.goal.bees.MixinEnterHiveGoal
[17:17:01] [main/WARN] (mixin) Error loading class: net/minecraft/world/entity/animal/Bee$BeeGrowCropGoal (java.lang.ClassNotFoundException: net.minecraft.world.entity.animal.Bee$BeeGrowCropGoal)
[17:17:01] [main/WARN] (mixin) @Mixin target net.minecraft.world.entity.animal.Bee$BeeGrowCropGoal was not found valkyrienskies-common.mixins.json:feature.ai.goal.bees.MixinGrowCropGoal
[17:17:01] [main/WARN] (mixin) Error loading class: net/minecraft/world/entity/animal/Bee$BeeLocateHiveGoal (java.lang.ClassNotFoundException: net.minecraft.world.entity.animal.Bee$BeeLocateHiveGoal)
[17:17:01] [main/WARN] (mixin) @Mixin target net.minecraft.world.entity.animal.Bee$BeeLocateHiveGoal was not found valkyrienskies-common.mixins.json:feature.ai.goal.bees.MixinLocateHiveGoal
[17:17:01] [main/WARN] (mixin) Error loading class: net/minecraft/world/entity/animal/Bee$BeePollinateGoal (java.lang.ClassNotFoundException: net.minecraft.world.entity.animal.Bee$BeePollinateGoal)
[17:17:01] [main/WARN] (mixin) @Mixin target net.minecraft.world.entity.animal.Bee$BeePollinateGoal was not found valkyrienskies-common.mixins.json:feature.ai.goal.bees.MixinPollinateGoal
[17:17:01] [main/WARN] (mixin) Error loading class: net/minecraft/world/entity/ai/behavior/AssignProfessionFromJobSite (java.lang.ClassNotFoundException: net.minecraft.world.entity.ai.behavior.AssignProfessionFromJobSite)
[17:17:01] [main/WARN] (mixin) @Mixin target net.minecraft.world.entity.ai.behavior.AssignProfessionFromJobSite was not found valkyrienskies-common.mixins.json:feature.ai.goal.villagers.MixinAssignProfessionFromJobSite
[17:17:01] [main/WARN] (mixin) Error loading class: net/minecraft/world/entity/ai/behavior/GoToClosestVillage (java.lang.ClassNotFoundException: net.minecraft.world.entity.ai.behavior.GoToClosestVillage)
[17:17:01] [main/WARN] (mixin) @Mixin target net.minecraft.world.entity.ai.behavior.GoToClosestVillage was not found valkyrienskies-common.mixins.json:feature.ai.goal.villagers.MixinGoToClosestVillage
[17:17:01] [main/WARN] (mixin) Error loading class: net/minecraft/world/entity/ai/behavior/SetClosestHomeAsWalkTarget (java.lang.ClassNotFoundException: net.minecraft.world.entity.ai.behavior.SetClosestHomeAsWalkTarget)
[17:17:01] [main/WARN] (mixin) @Mixin target net.minecraft.world.entity.ai.behavior.SetClosestHomeAsWalkTarget was not found valkyrienskies-common.mixins.json:feature.ai.goal.villagers.MixinSetClosestHomeAsWalkTarget
[17:17:01] [main/WARN] (mixin) Error loading class: net/minecraft/world/entity/ai/behavior/WorkAtPoi (java.lang.ClassNotFoundException: net.minecraft.world.entity.ai.behavior.WorkAtPoi)
[17:17:01] [main/WARN] (mixin) @Mixin target net.minecraft.world.entity.ai.behavior.WorkAtPoi was not found valkyrienskies-common.mixins.json:feature.ai.goal.villagers.MixinWorkAtPoi
[17:17:01] [main/WARN] (mixin) Error loading class: net/minecraft/world/level/pathfinder/PathFinder (java.lang.ClassNotFoundException: net.minecraft.world.level.pathfinder.PathFinder)
[17:17:01] [main/WARN] (mixin) @Mixin target net.minecraft.world.level.pathfinder.PathFinder was not found valkyrienskies-common.mixins.json:feature.ai.node_evaluator.MixinPathFinder
[17:17:01] [main/WARN] (mixin) Error loading class: net/minecraft/world/entity/ai/navigation/PathNavigation (java.lang.ClassNotFoundException: net.minecraft.world.entity.ai.navigation.PathNavigation)
[17:17:01] [main/WARN] (mixin) @Mixin target net.minecraft.world.entity.ai.navigation.PathNavigation was not found valkyrienskies-common.mixins.json:feature.ai.node_evaluator.MixinPathNavigation
[17:17:01] [main/WARN] (mixin) Error loading class: net/minecraft/world/level/PathNavigationRegion (java.lang.ClassNotFoundException: net.minecraft.world.level.PathNavigationRegion)
[17:17:01] [main/WARN] (mixin) @Mixin target net.minecraft.world.level.PathNavigationRegion was not found valkyrienskies-common.mixins.json:feature.ai.node_evaluator.PathNavigationRegionAccessor
[17:17:01] [main/WARN] (mixin) Error loading class: net/minecraft/world/level/pathfinder/SwimNodeEvaluator (java.lang.ClassNotFoundException: net.minecraft.world.level.pathfinder.SwimNodeEvaluator)
[17:17:01] [main/WARN] (mixin) @Mixin target net.minecraft.world.level.pathfinder.SwimNodeEvaluator was not found valkyrienskies-common.mixins.json:feature.ai.node_evaluator.SwimNodeEvaluatorMixin
[17:17:01] [main/WARN] (mixin) Error loading class: net/minecraft/world/level/pathfinder/WalkNodeEvaluator (java.lang.ClassNotFoundException: net.minecraft.world.level.pathfinder.WalkNodeEvaluator)
[17:17:01] [main/WARN] (mixin) @Mixin target net.minecraft.world.level.pathfinder.WalkNodeEvaluator was not found valkyrienskies-common.mixins.json:feature.ai.node_evaluator.WalkNodeEvaluatorMixin
[17:17:01] [main/WARN] (mixin) Error loading class: net/minecraft/world/entity/ai/util/AirAndWaterRandomPos (java.lang.ClassNotFoundException: net.minecraft.world.entity.ai.util.AirAndWaterRandomPos)
[17:17:01] [main/WARN] (mixin) @Mixin target net.minecraft.world.entity.ai.util.AirAndWaterRandomPos was not found valkyrienskies-common.mixins.json:feature.ai.path_retargeting.MixinAirAndWaterRandomPos
[17:17:01] [main/WARN] (mixin) Error loading class: net/minecraft/world/entity/ai/util/DefaultRandomPos (java.lang.ClassNotFoundException: net.minecraft.world.entity.ai.util.DefaultRandomPos)
[17:17:01] [main/WARN] (mixin) @Mixin target net.minecraft.world.entity.ai.util.DefaultRandomPos was not found valkyrienskies-common.mixins.json:feature.ai.path_retargeting.MixinDefaultRandomPos
[17:17:01] [main/WARN] (mixin) Error loading class: net/minecraft/world/entity/ai/util/LandRandomPos (java.lang.ClassNotFoundException: net.minecraft.world.entity.ai.util.LandRandomPos)
[17:17:01] [main/WARN] (mixin) @Mixin target net.minecraft.world.entity.ai.util.LandRandomPos was not found valkyrienskies-common.mixins.json:feature.ai.path_retargeting.MixinLandRandomPos
[17:17:01] [main/WARN] (mixin) Error loading class: net/minecraft/world/entity/player/Player (java.lang.ClassNotFoundException: net.minecraft.world.entity.player.Player)
[17:17:01] [main/WARN] (mixin) @Mixin target net.minecraft.world.entity.player.Player was not found valkyrienskies-common.mixins.json:feature.bed_fix.MixinPlayer
[17:17:01] [main/WARN] (mixin) Error loading class: net/minecraft/server/level/ServerPlayer (java.lang.ClassNotFoundException: net.minecraft.server.level.ServerPlayer)
[17:17:01] [main/WARN] (mixin) @Mixin target net.minecraft.server.level.ServerPlayer was not found valkyrienskies-common.mixins.json:feature.bed_fix.MixinServerPlayer
[17:17:01] [main/WARN] (mixin) Error loading class: net/minecraft/world/item/BlockItem (java.lang.ClassNotFoundException: net.minecraft.world.item.BlockItem)
[17:17:01] [main/WARN] (mixin) @Mixin target net.minecraft.world.item.BlockItem was not found valkyrienskies-common.mixins.json:feature.block_placement.MixinBlockItem
[17:17:01] [main/WARN] (mixin) Error loading class: net/minecraft/world/item/context/BlockPlaceContext (java.lang.ClassNotFoundException: net.minecraft.world.item.context.BlockPlaceContext)
[17:17:01] [main/WARN] (mixin) @Mixin target net.minecraft.world.item.context.BlockPlaceContext was not found valkyrienskies-common.mixins.json:feature.block_placement.MixinBlockPlaceContext
[17:17:01] [main/WARN] (mixin) Error loading class: net/minecraft/world/level/Level (java.lang.ClassNotFoundException: net.minecraft.world.level.Level)
[17:17:01] [main/WARN] (mixin) @Mixin target net.minecraft.world.level.Level was not found valkyrienskies-common.mixins.json:feature.clip_replace.MixinLevel
[17:17:01] [main/WARN] (mixin) Error loading class: net/minecraft/commands/synchronization/ArgumentTypeInfos (java.lang.ClassNotFoundException: net.minecraft.commands.synchronization.ArgumentTypeInfos)
[17:17:01] [main/WARN] (mixin) @Mixin target net.minecraft.commands.synchronization.ArgumentTypeInfos was not found valkyrienskies-common.mixins.json:feature.commands.MixinArgumentTypeInfos
[17:17:01] [main/WARN] (mixin) Error loading class: net/minecraft/world/level/block/entity/ConduitBlockEntity (java.lang.ClassNotFoundException: net.minecraft.world.level.block.entity.ConduitBlockEntity)
[17:17:01] [main/WARN] (mixin) @Mixin target net.minecraft.world.level.block.entity.ConduitBlockEntity was not found valkyrienskies-common.mixins.json:feature.conduit_fix.ConduitMixin
[17:17:01] [main/WARN] (mixin) Error loading class: net/minecraft/world/entity/LivingEntity (java.lang.ClassNotFoundException: net.minecraft.world.entity.LivingEntity)
[17:17:01] [main/WARN] (mixin) @Mixin target net.minecraft.world.entity.LivingEntity was not found valkyrienskies-common.mixins.json:feature.dismount_dead_entities.MixinLivingEntity
[17:17:01] [main/WARN] (mixin) Error loading class: net/minecraft/world/entity/Entity (java.lang.ClassNotFoundException: net.minecraft.world.entity.Entity)
[17:17:01] [main/WARN] (mixin) @Mixin target net.minecraft.world.entity.Entity was not found valkyrienskies-common.mixins.json:feature.distance_replace.MixinEntity
[17:17:01] [main/WARN] (mixin) Error loading class: net/minecraft/world/level/block/entity/EnchantmentTableBlockEntity (java.lang.ClassNotFoundException: net.minecraft.world.level.block.entity.EnchantmentTableBlockEntity)
[17:17:01] [main/WARN] (mixin) @Mixin target net.minecraft.world.level.block.entity.EnchantmentTableBlockEntity was not found valkyrienskies-common.mixins.json:feature.enchantment_table.MixinEnchantmentTableBlockEntity
[17:17:01] [main/WARN] (mixin) Error loading class: net/minecraft/world/entity/Entity (java.lang.ClassNotFoundException: net.minecraft.world.entity.Entity)
[17:17:01] [main/WARN] (mixin) @Mixin target net.minecraft.world.entity.Entity was not found valkyrienskies-common.mixins.json:feature.entity_collision.MixinEntity
[17:17:01] [main/WARN] (mixin) Error loading class: net/minecraft/world/entity/LivingEntity (java.lang.ClassNotFoundException: net.minecraft.world.entity.LivingEntity)
[17:17:01] [main/WARN] (mixin) @Mixin target net.minecraft.world.entity.LivingEntity was not found valkyrienskies-common.mixins.json:feature.entity_collision.MixinLivingEntity
[17:17:01] [main/WARN] (mixin) Error loading class: net/minecraft/world/entity/ai/control/MoveControl (java.lang.ClassNotFoundException: net.minecraft.world.entity.ai.control.MoveControl)
[17:17:01] [main/WARN] (mixin) @Mixin target net.minecraft.world.entity.ai.control.MoveControl was not found valkyrienskies-common.mixins.json:feature.entity_collision.MixinMoveControl
[17:17:01] [main/WARN] (mixin) Error loading class: net/minecraft/world/entity/player/Player (java.lang.ClassNotFoundException: net.minecraft.world.entity.player.Player)
[17:17:01] [main/WARN] (mixin) @Mixin target net.minecraft.world.entity.player.Player was not found valkyrienskies-common.mixins.json:feature.entity_collision.MixinPlayer
[17:17:01] [main/WARN] (mixin) Error loading class: net/minecraft/world/entity/LivingEntity (java.lang.ClassNotFoundException: net.minecraft.world.entity.LivingEntity)
[17:17:01] [main/WARN] (mixin) @Mixin target net.minecraft.world.entity.LivingEntity was not found valkyrienskies-common.mixins.json:feature.entity_fall_particles.MixinLivingEntity
[17:17:01] [main/WARN] (mixin) Error loading class: net/minecraft/server/level/ServerEntity (java.lang.ClassNotFoundException: net.minecraft.server.level.ServerEntity)
[17:17:01] [main/WARN] (mixin) @Mixin target net.minecraft.server.level.ServerEntity was not found valkyrienskies-common.mixins.json:feature.entity_movement_packets.MixinServerEntity
[17:17:01] [main/WARN] (mixin) Error loading class: net/minecraft/world/level/Explosion (java.lang.ClassNotFoundException: net.minecraft.world.level.Explosion)
[17:17:01] [main/WARN] (mixin) @Mixin target net.minecraft.world.level.Explosion was not found valkyrienskies-common.mixins.json:feature.explosions.MixinExplosion
[17:17:01] [main/WARN] (mixin) Error loading class: net/minecraft/world/level/material/LavaFluid (java.lang.ClassNotFoundException: net.minecraft.world.level.material.LavaFluid)
[17:17:01] [main/WARN] (mixin) @Mixin target net.minecraft.world.level.material.LavaFluid was not found valkyrienskies-common.mixins.json:feature.fire_between_ship_and_world.LavaFluidMixin
[17:17:01] [main/WARN] (mixin) Error loading class: net/minecraft/world/level/material/FlowingFluid (java.lang.ClassNotFoundException: net.minecraft.world.level.material.FlowingFluid)
[17:17:01] [main/WARN] (mixin) @Mixin target net.minecraft.world.level.material.FlowingFluid was not found valkyrienskies-common.mixins.json:feature.fluid_escaping_ship_config.MixinFlowingFluid
[17:17:01] [main/WARN] (mixin) Error loading class: net/minecraft/world/level/Level (java.lang.ClassNotFoundException: net.minecraft.world.level.Level)
[17:17:01] [main/WARN] (mixin) @Mixin target net.minecraft.world.level.Level was not found valkyrienskies-common.mixins.json:feature.get_entities.MixinLevel
[17:17:01] [main/WARN] (mixin) Error loading class: net/minecraft/world/entity/LivingEntity (java.lang.ClassNotFoundException: net.minecraft.world.entity.LivingEntity)
[17:17:01] [main/WARN] (mixin) @Mixin target net.minecraft.world.entity.LivingEntity was not found valkyrienskies-common.mixins.json:feature.ladders.MixinLivingEntity
[17:17:01] [main/WARN] (mixin) Error loading class: net/minecraft/world/item/BlockItem (java.lang.ClassNotFoundException: net.minecraft.world.item.BlockItem)
[17:17:01] [main/WARN] (mixin) @Mixin target net.minecraft.world.item.BlockItem was not found valkyrienskies-common.mixins.json:feature.mass_tooltip.MixinBlockItem
[17:17:01] [main/WARN] (mixin) Error loading class: net/minecraft/world/level/chunk/LevelChunk (java.lang.ClassNotFoundException: net.minecraft.world.level.chunk.LevelChunk)
[17:17:01] [main/WARN] (mixin) @Mixin target net.minecraft.world.level.chunk.LevelChunk was not found valkyrienskies-common.mixins.json:feature.physics_block_entities.MixinLevelChunk
[17:17:01] [main/WARN] (mixin) Error loading class: net/minecraft/server/level/ServerLevel$EntityCallbacks (java.lang.ClassNotFoundException: net.minecraft.server.level.ServerLevel$EntityCallbacks)
[17:17:01] [main/WARN] (mixin) @Mixin target net.minecraft.server.level.ServerLevel$EntityCallbacks was not found valkyrienskies-common.mixins.json:feature.physics_entities.MixinServerLevel
[17:17:01] [main/WARN] (mixin) Error loading class: net/minecraft/world/entity/ai/village/poi/PoiManager (java.lang.ClassNotFoundException: net.minecraft.world.entity.ai.village.poi.PoiManager)
[17:17:01] [main/WARN] (mixin) @Mixin target net.minecraft.world.entity.ai.village.poi.PoiManager was not found valkyrienskies-common.mixins.json:feature.poi.MixinPOIManager
[17:17:01] [main/WARN] (mixin) Error loading class: net/minecraft/server/level/ChunkMap (java.lang.ClassNotFoundException: net.minecraft.server.level.ChunkMap)
[17:17:01] [main/WARN] (mixin) @Mixin target net.minecraft.server.level.ChunkMap was not found valkyrienskies-common.mixins.json:feature.save_mob_location_on_ship.MixinChunkMap
[17:17:01] [main/WARN] (mixin) Error loading class: net/minecraft/world/entity/Mob (java.lang.ClassNotFoundException: net.minecraft.world.entity.Mob)
[17:17:01] [main/WARN] (mixin) @Mixin target net.minecraft.world.entity.Mob was not found valkyrienskies-common.mixins.json:feature.save_mob_location_on_ship.MixinMob
[17:17:01] [main/WARN] (mixin) Error loading class: net/minecraft/world/inventory/AbstractContainerMenu (java.lang.ClassNotFoundException: net.minecraft.world.inventory.AbstractContainerMenu)
[17:17:01] [main/WARN] (mixin) @Mixin target net.minecraft.world.inventory.AbstractContainerMenu was not found valkyrienskies-common.mixins.json:feature.screen_distance_check.MixinScreenHandler
[17:17:01] [main/WARN] (mixin) Error loading class: net/minecraft/world/level/gameevent/EuclideanGameEventListenerRegistry (java.lang.ClassNotFoundException: net.minecraft.world.level.gameevent.EuclideanGameEventListenerRegistry)
[17:17:01] [main/WARN] (mixin) @Mixin target net.minecraft.world.level.gameevent.EuclideanGameEventListenerRegistry was not found valkyrienskies-common.mixins.json:feature.sculk.MixinEuclideanGameEventListenerRegistry
[17:17:01] [main/WARN] (mixin) Error loading class: net/minecraft/world/level/gameevent/GameEventDispatcher (java.lang.ClassNotFoundException: net.minecraft.world.level.gameevent.GameEventDispatcher)
[17:17:01] [main/WARN] (mixin) @Mixin target net.minecraft.world.level.gameevent.GameEventDispatcher was not found valkyrienskies-common.mixins.json:feature.sculk.MixinGameEventDispatcher
[17:17:01] [main/WARN] (mixin) Error loading class: net/minecraft/world/level/gameevent/vibrations/VibrationSystem$Listener (java.lang.ClassNotFoundException: net.minecraft.world.level.gameevent.vibrations.VibrationSystem$Listener)
[17:17:01] [main/WARN] (mixin) @Mixin target net.minecraft.world.level.gameevent.vibrations.VibrationSystem$Listener was not found valkyrienskies-common.mixins.json:feature.sculk.MixinVibrationSystem
[17:17:01] [main/WARN] (mixin) Error loading class: net/minecraft/world/level/gameevent/vibrations/VibrationSystem$Ticker (java.lang.ClassNotFoundException: net.minecraft.world.level.gameevent.vibrations.VibrationSystem$Ticker)
[17:17:01] [main/WARN] (mixin) @Mixin target net.minecraft.world.level.gameevent.vibrations.VibrationSystem$Ticker was not found valkyrienskies-common.mixins.json:feature.sculk.MixinVibrationSystemTicker
[17:17:01] [main/WARN] (mixin) Error loading class: net/minecraft/world/entity/Entity (java.lang.ClassNotFoundException: net.minecraft.world.entity.Entity)
[17:17:01] [main/WARN] (mixin) @Mixin target net.minecraft.world.entity.Entity was not found valkyrienskies-common.mixins.json:feature.shipyard_entities.MixinEntity
[17:17:01] [main/WARN] (mixin) Error loading class: net/minecraft/world/level/entity/EntitySection (java.lang.ClassNotFoundException: net.minecraft.world.level.entity.EntitySection)
[17:17:01] [main/WARN] (mixin) @Mixin target net.minecraft.world.level.entity.EntitySection was not found valkyrienskies-common.mixins.json:feature.shipyard_entities.MixinEntitySection
[17:17:01] [main/WARN] (mixin) Error loading class: net/minecraft/world/level/entity/EntitySectionStorage (java.lang.ClassNotFoundException: net.minecraft.world.level.entity.EntitySectionStorage)
[17:17:01] [main/WARN] (mixin) @Mixin target net.minecraft.world.level.entity.EntitySectionStorage was not found valkyrienskies-common.mixins.json:feature.shipyard_entities.MixinEntitySectionStorage
[17:17:01] [main/WARN] (mixin) Error loading class: net/minecraft/world/level/entity/PersistentEntitySectionManager (java.lang.ClassNotFoundException: net.minecraft.world.level.entity.PersistentEntitySectionManager)
[17:17:01] [main/WARN] (mixin) @Mixin target net.minecraft.world.level.entity.PersistentEntitySectionManager was not found valkyrienskies-common.mixins.json:feature.shipyard_entities.MixinPersistentEntitySectionManager
[17:17:01] [main/WARN] (mixin) Error loading class: net/minecraft/world/entity/projectile/Projectile (java.lang.ClassNotFoundException: net.minecraft.world.entity.projectile.Projectile)
[17:17:01] [main/WARN] (mixin) @Mixin target net.minecraft.world.entity.projectile.Projectile was not found valkyrienskies-common.mixins.json:feature.shipyard_entities.MixinProjectile
[17:17:01] [main/WARN] (mixin) Error loading class: net/minecraft/server/level/ServerLevel (java.lang.ClassNotFoundException: net.minecraft.server.level.ServerLevel)
[17:17:01] [main/WARN] (mixin) @Mixin target net.minecraft.server.level.ServerLevel was not found valkyrienskies-common.mixins.json:feature.shipyard_entities.MixinServerLevel
[17:17:01] [main/WARN] (mixin) Error loading class: net/minecraft/world/level/entity/TransientEntitySectionManager (java.lang.ClassNotFoundException: net.minecraft.world.level.entity.TransientEntitySectionManager)
[17:17:01] [main/WARN] (mixin) @Mixin target net.minecraft.world.level.entity.TransientEntitySectionManager was not found valkyrienskies-common.mixins.json:feature.shipyard_entities.MixinTransientEntitySectionManager
[17:17:01] [main/WARN] (mixin) Error loading class: net/minecraft/world/entity/PathfinderMob (java.lang.ClassNotFoundException: net.minecraft.world.entity.PathfinderMob)
[17:17:01] [main/WARN] (mixin) @Mixin target net.minecraft.world.entity.PathfinderMob was not found valkyrienskies-common.mixins.json:feature.shipyard_leashing.MixinPathfinderMob
[17:17:01] [main/WARN] (mixin) Error loading class: net/minecraft/server/network/ServerGamePacketListenerImpl (java.lang.ClassNotFoundException: net.minecraft.server.network.ServerGamePacketListenerImpl)
[17:17:01] [main/WARN] (mixin) @Mixin target net.minecraft.server.network.ServerGamePacketListenerImpl was not found valkyrienskies-common.mixins.json:feature.spawn_player_on_ship.MixinServerGamePacketListenerImpl
[17:17:01] [main/WARN] (mixin) Error loading class: net/minecraft/server/level/ServerPlayer (java.lang.ClassNotFoundException: net.minecraft.server.level.ServerPlayer)
[17:17:01] [main/WARN] (mixin) @Mixin target net.minecraft.server.level.ServerPlayer was not found valkyrienskies-common.mixins.json:feature.teleport_reconnected_player_to_ship.MixinServerPlayer
[17:17:01] [main/WARN] (mixin) Error loading class: net/minecraft/world/entity/Entity (java.lang.ClassNotFoundException: net.minecraft.world.entity.Entity)
[17:17:01] [main/WARN] (mixin) @Mixin target net.minecraft.world.entity.Entity was not found valkyrienskies-common.mixins.json:feature.thrown_velocity.MixinEntity
[17:17:01] [main/WARN] (mixin) Error loading class: net/minecraft/world/entity/player/Player (java.lang.ClassNotFoundException: net.minecraft.world.entity.player.Player)
[17:17:01] [main/WARN] (mixin) @Mixin target net.minecraft.world.entity.player.Player was not found valkyrienskies-common.mixins.json:feature.thrown_velocity.MixinPlayer
[17:17:01] [main/WARN] (mixin) Error loading class: net/minecraft/world/entity/projectile/Projectile (java.lang.ClassNotFoundException: net.minecraft.world.entity.projectile.Projectile)
[17:17:01] [main/WARN] (mixin) @Mixin target net.minecraft.world.entity.projectile.Projectile was not found valkyrienskies-common.mixins.json:feature.thrown_velocity.MixinProjectile
[17:17:01] [main/WARN] (mixin) Error loading class: net/minecraft/server/level/ChunkMap (java.lang.ClassNotFoundException: net.minecraft.server.level.ChunkMap)
[17:17:01] [main/WARN] (mixin) @Mixin target net.minecraft.server.level.ChunkMap was not found valkyrienskies-common.mixins.json:feature.tick_ship_chunks.MixinChunkMap
[17:17:01] [main/WARN] (mixin) Error loading class: net/minecraft/world/entity/raid/Raids (java.lang.ClassNotFoundException: net.minecraft.world.entity.raid.Raids)
[17:17:01] [main/WARN] (mixin) @Mixin target net.minecraft.world.entity.raid.Raids was not found valkyrienskies-common.mixins.json:feature.wave_spawning.MixinRaids
[17:17:01] [main/WARN] (mixin) Error loading class: net/minecraft/world/level/Level (java.lang.ClassNotFoundException: net.minecraft.world.level.Level)
[17:17:01] [main/WARN] (mixin) @Mixin target net.minecraft.world.level.Level was not found valkyrienskies-common.mixins.json:feature.world_border.MixinLevel
[17:17:01] [main/WARN] (mixin) Error loading class: net/minecraft/world/level/border/WorldBorder (java.lang.ClassNotFoundException: net.minecraft.world.level.border.WorldBorder)
[17:17:01] [main/WARN] (mixin) @Mixin target net.minecraft.world.level.border.WorldBorder was not found valkyrienskies-common.mixins.json:feature.world_border.MixinWorldBorder
[17:17:01] [main/WARN] (mixin) Error loading class: de/bluecolored/bluemap/core/map/hires/TileModel (java.lang.ClassNotFoundException: de.bluecolored.bluemap.core.map.hires.TileModel)
[17:17:01] [main/WARN] (mixin) Error loading class: de/bluecolored/bluemap/core/map/BmMap (java.lang.ClassNotFoundException: de.bluecolored.bluemap.core.map.BmMap)
[17:17:01] [main/WARN] (mixin) Error loading class: de/bluecolored/bluemap/core/map/hires/HiresModelManager (java.lang.ClassNotFoundException: de.bluecolored.bluemap.core.map.hires.HiresModelManager)
[17:17:01] [main/WARN] (mixin) Error loading class: de/bluecolored/bluemap/core/world/mca/MCAWorld (java.lang.ClassNotFoundException: de.bluecolored.bluemap.core.world.mca.MCAWorld)
[17:17:01] [main/WARN] (mixin) Error loading class: dan200/computercraft/client/render/CustomLecternRenderer (java.lang.ClassNotFoundException: dan200.computercraft.client.render.CustomLecternRenderer)
[17:17:01] [main/WARN] (mixin) Error loading class: dan200/computercraft/shared/peripheral/speaker/SpeakerPosition (java.lang.ClassNotFoundException: dan200.computercraft.shared.peripheral.speaker.SpeakerPosition)
[17:17:01] [main/WARN] (mixin) Error loading class: dan200/computercraft/client/sound/SpeakerSound (java.lang.ClassNotFoundException: dan200.computercraft.client.sound.SpeakerSound)
[17:17:01] [main/WARN] (mixin) Error loading class: dan200/computercraft/shared/turtle/core/TurtleBrain (java.lang.ClassNotFoundException: dan200.computercraft.shared.turtle.core.TurtleBrain)
[17:17:01] [main/WARN] (mixin) Error loading class: dan200/computercraft/shared/turtle/core/TurtleMoveCommand (java.lang.ClassNotFoundException: dan200.computercraft.shared.turtle.core.TurtleMoveCommand)
[17:17:01] [main/WARN] (mixin) Error loading class: dan200/computercraft/shared/peripheral/modem/wireless/WirelessNetwork (java.lang.ClassNotFoundException: dan200.computercraft.shared.peripheral.modem.wireless.WirelessNetwork)
[17:17:01] [main/WARN] (mixin) Error loading class: rbasamoyai/createbigcannons/munitions/AbstractCannonProjectile (java.lang.ClassNotFoundException: rbasamoyai.createbigcannons.munitions.AbstractCannonProjectile)
[17:17:01] [main/WARN] (mixin) Error loading class: rbasamoyai/createbigcannons/cannon_control/contraption/MountedAutocannonContraption (java.lang.ClassNotFoundException: rbasamoyai.createbigcannons.cannon_control.contraption.MountedAutocannonContraption)
[17:17:01] [main/WARN] (mixin) @Mixin target rbasamoyai/createbigcannons/cannon_control/contraption/MountedAutocannonContraption was not found valkyrienskies-common.mixins.json:mod_compat.create_big_cannons.MixinCannonContraption
[17:17:01] [main/WARN] (mixin) Error loading class: rbasamoyai/createbigcannons/cannon_control/contraption/MountedBigCannonContraption (java.lang.ClassNotFoundException: rbasamoyai.createbigcannons.cannon_control.contraption.MountedBigCannonContraption)
[17:17:01] [main/WARN] (mixin) @Mixin target rbasamoyai/createbigcannons/cannon_control/contraption/MountedBigCannonContraption was not found valkyrienskies-common.mixins.json:mod_compat.create_big_cannons.MixinCannonContraption
[17:17:01] [main/WARN] (mixin) Error loading class: rbasamoyai/createbigcannons/utils/CBCUtils (java.lang.ClassNotFoundException: rbasamoyai.createbigcannons.utils.CBCUtils)
[17:17:01] [main/WARN] (mixin) Error loading class: rbasamoyai/createbigcannons/cannon_control/fixed_cannon_mount/FixedCannonMountBlockEntity$FixedCannonMountScrollValueBehaviour (java.lang.ClassNotFoundException: rbasamoyai.createbigcannons.cannon_control.fixed_cannon_mount.FixedCannonMountBlockEntity$FixedCannonMountScrollValueBehaviour)
[17:17:01] [main/WARN] (mixin) @Mixin target rbasamoyai.createbigcannons.cannon_control.fixed_cannon_mount.FixedCannonMountBlockEntity$FixedCannonMountScrollValueBehaviour was not found valkyrienskies-common.mixins.json:mod_compat.create_big_cannons.MixinFCMSVB
[17:17:01] [main/WARN] (mixin) Error loading class: rbasamoyai/createbigcannons/cannon_control/contraption/PitchOrientedContraptionEntity (java.lang.ClassNotFoundException: rbasamoyai.createbigcannons.cannon_control.contraption.PitchOrientedContraptionEntity)
[17:17:01] [main/WARN] (mixin) Error loading class: rbasamoyai/ritchiesprojectilelib/RitchiesProjectileLib (java.lang.ClassNotFoundException: rbasamoyai.ritchiesprojectilelib.RitchiesProjectileLib)
[17:17:01] [main/WARN] (mixin) @Mixin target rbasamoyai.ritchiesprojectilelib.RitchiesProjectileLib was not found valkyrienskies-common.mixins.json:mod_compat.create_big_cannons.MixinRitchiesProjectileLib
[17:17:01] [main/WARN] (mixin) Error loading class: rbasamoyai/createbigcannons/network/ServerboundSetFixedCannonMountValuePacket (java.lang.ClassNotFoundException: rbasamoyai.createbigcannons.network.ServerboundSetFixedCannonMountValuePacket)
[17:17:01] [main/WARN] (mixin) @Mixin target rbasamoyai.createbigcannons.network.ServerboundSetFixedCannonMountValuePacket was not found valkyrienskies-common.mixins.json:mod_compat.create_big_cannons.MixinSSFCMVP
[17:17:01] [main/WARN] (mixin) Error loading class: me/duquee/createutilities/blocks/voidtypes/VoidLinkBehaviour (java.lang.ClassNotFoundException: me.duquee.createutilities.blocks.voidtypes.VoidLinkBehaviour)
[17:17:01] [main/WARN] (mixin) @Mixin target me.duquee.createutilities.blocks.voidtypes.VoidLinkBehaviour was not found valkyrienskies-common.mixins.json:mod_compat.create_utilities.MixinVoidLinkBehaviour
[17:17:01] [main/WARN] (mixin) Error loading class: fuzs/echochest/world/level/block/entity/EchoChestBlockEntity (java.lang.ClassNotFoundException: fuzs.echochest.world.level.block.entity.EchoChestBlockEntity)
[17:17:01] [main/WARN] (mixin) Error loading class: fuzs/echochest/world/level/block/entity/EchoChestListener (java.lang.ClassNotFoundException: fuzs.echochest.world.level.block.entity.EchoChestListener)
[17:17:01] [main/WARN] (mixin) Error loading class: net/minecraft/world/level/gameevent/vibrations/VibrationSystem$Listener (java.lang.ClassNotFoundException: net.minecraft.world.level.gameevent.vibrations.VibrationSystem$Listener)
[17:17:01] [main/WARN] (mixin) @Mixin target net.minecraft.world.level.gameevent.vibrations.VibrationSystem$Listener was not found valkyrienskies-common.mixins.json:mod_compat.echochest.MixinVibrationSystemAccessor
[17:17:01] [main/WARN] (mixin) Error loading class: net/minecraft/world/level/lighting/LevelLightEngine (java.lang.ClassNotFoundException: net.minecraft.world.level.lighting.LevelLightEngine)
[17:17:01] [main/WARN] (mixin) @Mixin target net.minecraft.world.level.lighting.LevelLightEngine was not found valkyrienskies-common.mixins.json:mod_compat.flywheel_renderer.LevelLightEngineAccessor
[17:17:01] [main/WARN] (mixin) Error loading class: dev/ftb/mods/ftbchunks/data/ClaimedChunkManagerImpl (java.lang.ClassNotFoundException: dev.ftb.mods.ftbchunks.data.ClaimedChunkManagerImpl)
[17:17:01] [main/WARN] (mixin) Error loading class: at/petrak/hexcasting/client/render/HexAdditionalRenderers (java.lang.ClassNotFoundException: at.petrak.hexcasting.client.render.HexAdditionalRenderers)
[17:17:01] [main/WARN] (mixin) Error loading class: at/petrak/hexcasting/common/casting/actions/raycast/OpEntityRaycast (java.lang.ClassNotFoundException: at.petrak.hexcasting.common.casting.actions.raycast.OpEntityRaycast)
[17:17:01] [main/WARN] (mixin) Error loading class: net/beholderface/ephemera/casting/patterns/link/OpNetworkTeleport (java.lang.ClassNotFoundException: net.beholderface.ephemera.casting.patterns.link.OpNetworkTeleport)
[17:17:01] [main/WARN] (mixin) Error loading class: ram/talia/hexal/common/casting/actions/spells/link/OpLink (java.lang.ClassNotFoundException: ram.talia.hexal.common.casting.actions.spells.link.OpLink)
[17:17:01] [main/WARN] (mixin) Error loading class: ram/talia/hexal/common/casting/actions/spells/link/OpLinkOthers (java.lang.ClassNotFoundException: ram.talia.hexal.common.casting.actions.spells.link.OpLinkOthers)
[17:17:01] [main/WARN] (mixin) Error loading class: ram/talia/hexal/client/RenderHelperKt (java.lang.ClassNotFoundException: ram.talia.hexal.client.RenderHelperKt)
[17:17:01] [main/WARN] (mixin) Error loading class: ram/talia/hexal/api/linkable/ServerLinkableHolder (java.lang.ClassNotFoundException: ram.talia.hexal.api.linkable.ServerLinkableHolder)
[17:17:01] [main/WARN] (mixin) Error loading class: com/jamieswhiteshirt/reachentityattributes/ReachEntityAttributes (java.lang.ClassNotFoundException: com.jamieswhiteshirt.reachentityattributes.ReachEntityAttributes)
[17:17:01] [main/WARN] (mixin) Error loading class: li/cil/tis3d/common/entity/InfraredPacketEntity (java.lang.ClassNotFoundException: li.cil.tis3d.common.entity.InfraredPacketEntity)
[17:17:01] [main/WARN] (mixin) Error loading class: net/minecraft/server/players/PlayerList (java.lang.ClassNotFoundException: net.minecraft.server.players.PlayerList)
[17:17:01] [main/WARN] (mixin) @Mixin target net.minecraft.server.players.PlayerList was not found valkyrienskies-common.mixins.json:server.MixinPlayerList
[17:17:01] [main/WARN] (mixin) Error loading class: net/minecraft/commands/Commands (java.lang.ClassNotFoundException: net.minecraft.commands.Commands)
[17:17:01] [main/WARN] (mixin) @Mixin target net.minecraft.commands.Commands was not found valkyrienskies-common.mixins.json:server.command.MixinCommands
[17:17:01] [main/WARN] (mixin) Error loading class: net/minecraft/server/level/ServerPlayer (java.lang.ClassNotFoundException: net.minecraft.server.level.ServerPlayer)
[17:17:01] [main/WARN] (mixin) @Mixin target net.minecraft.server.level.ServerPlayer was not found valkyrienskies-common.mixins.json:server.command.level.MixinServerPlayer
[17:17:01] [main/WARN] (mixin) Error loading class: net/minecraft/server/network/ServerGamePacketListenerImpl (java.lang.ClassNotFoundException: net.minecraft.server.network.ServerGamePacketListenerImpl)
[17:17:01] [main/WARN] (mixin) @Mixin target net.minecraft.server.network.ServerGamePacketListenerImpl was not found valkyrienskies-common.mixins.json:server.network.MixinServerGamePacketListenerImpl
[17:17:01] [main/WARN] (mixin) Error loading class: net/minecraft/server/level/ChunkMap (java.lang.ClassNotFoundException: net.minecraft.server.level.ChunkMap)
[17:17:01] [main/WARN] (mixin) @Mixin target net.minecraft.server.level.ChunkMap was not found valkyrienskies-common.mixins.json:server.world.MixinChunkMap
[17:17:01] [main/WARN] (mixin) Error loading class: net/minecraft/server/level/ChunkMap$TrackedEntity (java.lang.ClassNotFoundException: net.minecraft.server.level.ChunkMap$TrackedEntity)
[17:17:01] [main/WARN] (mixin) @Mixin target net.minecraft.server.level.ChunkMap$TrackedEntity was not found valkyrienskies-common.mixins.json:server.world.MixinChunkMap$TrackedEntity
[17:17:01] [main/WARN] (mixin) Error loading class: net/minecraft/server/level/ServerLevel (java.lang.ClassNotFoundException: net.minecraft.server.level.ServerLevel)
[17:17:01] [main/WARN] (mixin) @Mixin target net.minecraft.server.level.ServerLevel was not found valkyrienskies-common.mixins.json:server.world.MixinServerLevel
[17:17:01] [main/WARN] (mixin) Error loading class: net/minecraft/world/level/chunk/LevelChunk (java.lang.ClassNotFoundException: net.minecraft.world.level.chunk.LevelChunk)
[17:17:01] [main/WARN] (mixin) @Mixin target net.minecraft.world.level.chunk.LevelChunk was not found valkyrienskies-common.mixins.json:world.chunk.MixinLevelChunk
[17:17:01] [main/WARN] (mixin) Error loading class: net/minecraft/server/level/ServerChunkCache (java.lang.ClassNotFoundException: net.minecraft.server.level.ServerChunkCache)
[17:17:01] [main/WARN] (mixin) @Mixin target net.minecraft.server.level.ServerChunkCache was not found valkyrienskies-common.mixins.json:world.chunk.MixinServerChunkCache
[17:17:01] [main/WARN] (mixin) Error loading class: net/minecraft/world/entity/player/Player (java.lang.ClassNotFoundException: net.minecraft.world.entity.player.Player)
[17:17:01] [main/WARN] (mixin) @Mixin target net.minecraft.world.entity.player.Player was not found valkyrienskies-common.mixins.json:world.entity.MixinPlayer
[17:17:01] [main/WARN] (mixin) Error loading class: net/minecraft/world/entity/projectile/ProjectileUtil (java.lang.ClassNotFoundException: net.minecraft.world.entity.projectile.ProjectileUtil)
[17:17:01] [main/WARN] (mixin) @Mixin target net.minecraft.world.entity.projectile.ProjectileUtil was not found valkyrienskies-common.mixins.json:world.entity.projectile.ProjectileUtilMixin
[17:17:01] [main/WARN] (mixin) Error loading class: net/minecraft/world/level/BlockCollisions (java.lang.ClassNotFoundException: net.minecraft.world.level.BlockCollisions)
[17:17:01] [main/WARN] (mixin) @Mixin target net.minecraft.world.level.BlockCollisions was not found valkyrienskies-common.mixins.json:world.level.MixinBlockCollisions
[17:17:01] [main/WARN] (mixin) Error loading class: net/minecraft/world/level/Level (java.lang.ClassNotFoundException: net.minecraft.world.level.Level)
[17:17:01] [main/WARN] (mixin) @Mixin target net.minecraft.world.level.Level was not found valkyrienskies-common.mixins.json:world.level.MixinLevel
[17:17:01] [main/WARN] (mixin) Error loading class: net/minecraft/world/level/chunk/ChunkGenerator (java.lang.ClassNotFoundException: net.minecraft.world.level.chunk.ChunkGenerator)
[17:17:01] [main/WARN] (mixin) @Mixin target net.minecraft.world.level.chunk.ChunkGenerator was not found valkyrienskies-common.mixins.json:world.level.chunk.MixinChunkGenerator
[17:17:01] [main/WARN] (mixin) Error loading class: net/minecraft/world/level/levelgen/FlatLevelSource (java.lang.ClassNotFoundException: net.minecraft.world.level.levelgen.FlatLevelSource)
[17:17:01] [main/WARN] (mixin) @Mixin target net.minecraft.world.level.levelgen.FlatLevelSource was not found valkyrienskies-common.mixins.json:world.level.levelgen.MixinFlatLevelSource
[17:17:01] [main/WARN] (mixin) Error loading class: net/minecraft/world/level/levelgen/NoiseBasedChunkGenerator (java.lang.ClassNotFoundException: net.minecraft.world.level.levelgen.NoiseBasedChunkGenerator)
[17:17:01] [main/WARN] (mixin) @Mixin target net.minecraft.world.level.levelgen.NoiseBasedChunkGenerator was not found valkyrienskies-common.mixins.json:world.level.levelgen.MixinNoiseBasedChunkGenerator
[17:17:01] [main/WARN] (mixin) Error loading class: net/minecraft/client/multiplayer/ClientLevel (java.lang.ClassNotFoundException: net.minecraft.client.multiplayer.ClientLevel)
[17:17:01] [main/WARN] (mixin) @Mixin target net.minecraft.client.multiplayer.ClientLevel was not found valkyrienskies-common.mixins.json:accessors.client.multiplayer.ClientLevelAccessor
[17:17:01] [main/WARN] (mixin) Error loading class: net/minecraft/client/renderer/LevelRenderer (java.lang.ClassNotFoundException: net.minecraft.client.renderer.LevelRenderer)
[17:17:01] [main/WARN] (mixin) @Mixin target net.minecraft.client.renderer.LevelRenderer was not found valkyrienskies-common.mixins.json:accessors.client.render.LevelRendererAccessor
[17:17:01] [main/WARN] (mixin) Error loading class: com/mojang/blaze3d/vertex/SheetedDecalTextureGenerator (java.lang.ClassNotFoundException: com.mojang.blaze3d.vertex.SheetedDecalTextureGenerator)
[17:17:01] [main/WARN] (mixin) @Mixin target com.mojang.blaze3d.vertex.SheetedDecalTextureGenerator was not found valkyrienskies-common.mixins.json:accessors.client.render.OverlayVertexConsumerAccessor
[17:17:01] [main/WARN] (mixin) Error loading class: net/minecraft/client/renderer/ViewArea (java.lang.ClassNotFoundException: net.minecraft.client.renderer.ViewArea)
[17:17:01] [main/WARN] (mixin) @Mixin target net.minecraft.client.renderer.ViewArea was not found valkyrienskies-common.mixins.json:accessors.client.render.ViewAreaAccessor
[17:17:01] [main/WARN] (mixin) Error loading class: net/minecraft/client/renderer/chunk/ChunkRenderDispatcher$RenderChunk (java.lang.ClassNotFoundException: net.minecraft.client.renderer.chunk.ChunkRenderDispatcher$RenderChunk)
[17:17:01] [main/WARN] (mixin) @Mixin target net.minecraft.client.renderer.chunk.ChunkRenderDispatcher$RenderChunk was not found valkyrienskies-common.mixins.json:accessors.client.render.chunk.RenderChunkAccessor
[17:17:01] [main/WARN] (mixin) Error loading class: net/minecraft/client/multiplayer/ClientChunkCache$Storage (java.lang.ClassNotFoundException: net.minecraft.client.multiplayer.ClientChunkCache$Storage)
[17:17:01] [main/WARN] (mixin) @Mixin target net.minecraft.client.multiplayer.ClientChunkCache$Storage was not found valkyrienskies-common.mixins.json:accessors.client.world.ClientChunkCacheStorageAccessor
[17:17:01] [main/WARN] (mixin) Error loading class: net/minecraft/client/Camera (java.lang.ClassNotFoundException: net.minecraft.client.Camera)
[17:17:01] [main/WARN] (mixin) @Mixin target net.minecraft.client.Camera was not found valkyrienskies-common.mixins.json:client.MixinCamera
[17:17:01] [main/WARN] (mixin) Error loading class: net/minecraft/client/Minecraft (java.lang.ClassNotFoundException: net.minecraft.client.Minecraft)
[17:17:01] [main/WARN] (mixin) @Mixin target net.minecraft.client.Minecraft was not found valkyrienskies-common.mixins.json:client.MixinMinecraft
[17:17:01] [main/WARN] (mixin) Error loading class: net/minecraft/client/gui/screens/ConnectScreen (java.lang.ClassNotFoundException: net.minecraft.client.gui.screens.ConnectScreen)
[17:17:01] [main/WARN] (mixin) @Mixin target net.minecraft.client.gui.screens.ConnectScreen was not found valkyrienskies-common.mixins.json:client.gui.screens.MixinConnectScreen
[17:17:01] [main/WARN] (mixin) Error loading class: net/minecraft/client/multiplayer/ClientPacketListener (java.lang.ClassNotFoundException: net.minecraft.client.multiplayer.ClientPacketListener)
[17:17:01] [main/WARN] (mixin) @Mixin target net.minecraft.client.multiplayer.ClientPacketListener was not found valkyrienskies-common.mixins.json:client.multiplayer.MixinClientPacketListener
[17:17:01] [main/WARN] (mixin) Error loading class: net/minecraft/client/player/LocalPlayer (java.lang.ClassNotFoundException: net.minecraft.client.player.LocalPlayer)
[17:17:01] [main/WARN] (mixin) @Mixin target net.minecraft.client.player.LocalPlayer was not found valkyrienskies-common.mixins.json:client.player.MixinLocalPlayer
[17:17:01] [main/WARN] (mixin) Error loading class: net/minecraft/client/renderer/entity/EntityRenderer (java.lang.ClassNotFoundException: net.minecraft.client.renderer.entity.EntityRenderer)
[17:17:01] [main/WARN] (mixin) @Mixin target net.minecraft.client.renderer.entity.EntityRenderer was not found valkyrienskies-common.mixins.json:client.renderer.MixinEntityRenderer
[17:17:01] [main/WARN] (mixin) Error loading class: net/minecraft/client/renderer/GameRenderer (java.lang.ClassNotFoundException: net.minecraft.client.renderer.GameRenderer)
[17:17:01] [main/WARN] (mixin) @Mixin target net.minecraft.client.renderer.GameRenderer was not found valkyrienskies-common.mixins.json:client.renderer.MixinGameRenderer
[17:17:01] [main/WARN] (mixin) Error loading class: net/minecraft/client/renderer/LevelRenderer (java.lang.ClassNotFoundException: net.minecraft.client.renderer.LevelRenderer)
[17:17:01] [main/WARN] (mixin) @Mixin target net.minecraft.client.renderer.LevelRenderer was not found valkyrienskies-common.mixins.json:client.renderer.MixinLevelRenderer
[17:17:01] [main/WARN] (mixin) Error loading class: net/minecraft/client/multiplayer/ClientChunkCache (java.lang.ClassNotFoundException: net.minecraft.client.multiplayer.ClientChunkCache)
[17:17:01] [main/WARN] (mixin) @Mixin target net.minecraft.client.multiplayer.ClientChunkCache was not found valkyrienskies-common.mixins.json:client.world.MixinClientChunkCache
[17:17:01] [main/WARN] (mixin) Error loading class: net/minecraft/client/multiplayer/ClientLevel (java.lang.ClassNotFoundException: net.minecraft.client.multiplayer.ClientLevel)
[17:17:01] [main/WARN] (mixin) @Mixin target net.minecraft.client.multiplayer.ClientLevel was not found valkyrienskies-common.mixins.json:client.world.MixinClientLevel
[17:17:01] [main/WARN] (mixin) Error loading class: net/minecraft/client/multiplayer/ClientLevel (java.lang.ClassNotFoundException: net.minecraft.client.multiplayer.ClientLevel)
[17:17:01] [main/WARN] (mixin) @Mixin target net.minecraft.client.multiplayer.ClientLevel was not found valkyrienskies-common.mixins.json:feature.block_tint.MixinClientLevel
[17:17:01] [main/WARN] (mixin) Error loading class: net/minecraft/client/multiplayer/ClientSuggestionProvider (java.lang.ClassNotFoundException: net.minecraft.client.multiplayer.ClientSuggestionProvider)
[17:17:01] [main/WARN] (mixin) @Mixin target net.minecraft.client.multiplayer.ClientSuggestionProvider was not found valkyrienskies-common.mixins.json:feature.commands.ClientSuggestionProviderAccessor
[17:17:01] [main/WARN] (mixin) Error loading class: net/minecraft/client/player/LocalPlayer (java.lang.ClassNotFoundException: net.minecraft.client.player.LocalPlayer)
[17:17:01] [main/WARN] (mixin) @Mixin target net.minecraft.client.player.LocalPlayer was not found valkyrienskies-common.mixins.json:feature.entity_movement_packets.MixinLocalPlayer
[17:17:01] [main/WARN] (mixin) Error loading class: net/minecraft/client/renderer/chunk/ChunkRenderDispatcher$RenderChunk (java.lang.ClassNotFoundException: net.minecraft.client.renderer.chunk.ChunkRenderDispatcher$RenderChunk)
[17:17:01] [main/WARN] (mixin) @Mixin target net.minecraft.client.renderer.chunk.ChunkRenderDispatcher$RenderChunk was not found valkyrienskies-common.mixins.json:feature.fix_render_chunk_sorting.MixinRenderChunk
[17:17:01] [main/WARN] (mixin) Error loading class: net/minecraft/client/Camera (java.lang.ClassNotFoundException: net.minecraft.client.Camera)
[17:17:01] [main/WARN] (mixin) @Mixin target net.minecraft.client.Camera was not found valkyrienskies-common.mixins.json:feature.fluid_camera_fix.MixinCamera
[17:17:01] [main/WARN] (mixin) Error loading class: net/minecraft/client/renderer/LevelRenderer (java.lang.ClassNotFoundException: net.minecraft.client.renderer.LevelRenderer)
[17:17:01] [main/WARN] (mixin) @Mixin target net.minecraft.client.renderer.LevelRenderer was not found valkyrienskies-common.mixins.json:feature.hit_outline.MixinLevelRenderer
[17:17:01] [main/WARN] (mixin) Error loading class: net/minecraft/world/entity/player/Player (java.lang.ClassNotFoundException: net.minecraft.world.entity.player.Player)
[17:17:01] [main/WARN] (mixin) @Mixin target net.minecraft.world.entity.player.Player was not found valkyrienskies-common.mixins.json:feature.huge_bounding_box_fix.MixinPlayer
[17:17:01] [main/WARN] (mixin) Error loading class: net/minecraft/client/renderer/blockentity/BlockEntityRenderDispatcher (java.lang.ClassNotFoundException: net.minecraft.client.renderer.blockentity.BlockEntityRenderDispatcher)
[17:17:01] [main/WARN] (mixin) @Mixin target net.minecraft.client.renderer.blockentity.BlockEntityRenderDispatcher was not found valkyrienskies-common.mixins.json:feature.render_blockentity_distance_check.MixinBlockEntityRenderDispatcher
[17:17:01] [main/WARN] (mixin) Error loading class: net/minecraft/client/renderer/entity/MobRenderer (java.lang.ClassNotFoundException: net.minecraft.client.renderer.entity.MobRenderer)
[17:17:01] [main/WARN] (mixin) @Mixin target net.minecraft.client.renderer.entity.MobRenderer was not found valkyrienskies-common.mixins.json:feature.render_leashes.MixinMobRenderer
[17:17:01] [main/WARN] (mixin) Error loading class: net/minecraft/client/renderer/debug/DebugRenderer (java.lang.ClassNotFoundException: net.minecraft.client.renderer.debug.DebugRenderer)
[17:17:01] [main/WARN] (mixin) @Mixin target net.minecraft.client.renderer.debug.DebugRenderer was not found valkyrienskies-common.mixins.json:feature.render_ship_debug_bb.MixinDebugRenderer
[17:17:01] [main/WARN] (mixin) Error loading class: net/minecraft/client/multiplayer/ClientPacketListener (java.lang.ClassNotFoundException: net.minecraft.client.multiplayer.ClientPacketListener)
[17:17:01] [main/WARN] (mixin) @Mixin target net.minecraft.client.multiplayer.ClientPacketListener was not found valkyrienskies-common.mixins.json:feature.seamless_copy.MixinClientPacketListener
[17:17:01] [main/WARN] (mixin) Error loading class: net/minecraft/client/gui/components/DebugScreenOverlay (java.lang.ClassNotFoundException: net.minecraft.client.gui.components.DebugScreenOverlay)
[17:17:01] [main/WARN] (mixin) @Mixin target net.minecraft.client.gui.components.DebugScreenOverlay was not found valkyrienskies-common.mixins.json:feature.ship_debug_overlay.MixinDebugScreenOverlay
[17:17:01] [main/WARN] (mixin) Error loading class: net/minecraft/client/multiplayer/ClientLevel (java.lang.ClassNotFoundException: net.minecraft.client.multiplayer.ClientLevel)
[17:17:01] [main/WARN] (mixin) @Mixin target net.minecraft.client.multiplayer.ClientLevel was not found valkyrienskies-common.mixins.json:feature.shipyard_entities.MixinClientLevel
[17:17:01] [main/WARN] (mixin) Error loading class: net/minecraft/client/renderer/entity/EntityRenderDispatcher (java.lang.ClassNotFoundException: net.minecraft.client.renderer.entity.EntityRenderDispatcher)
[17:17:01] [main/WARN] (mixin) @Mixin target net.minecraft.client.renderer.entity.EntityRenderDispatcher was not found valkyrienskies-common.mixins.json:feature.shipyard_entities.MixinEntityRenderDispatcher
[17:17:01] [main/WARN] (mixin) Error loading class: net/minecraft/client/renderer/entity/EntityRenderer (java.lang.ClassNotFoundException: net.minecraft.client.renderer.entity.EntityRenderer)
[17:17:01] [main/WARN] (mixin) @Mixin target net.minecraft.client.renderer.entity.EntityRenderer was not found valkyrienskies-common.mixins.json:feature.shipyard_entities.MixinEntityRenderer
[17:17:01] [main/WARN] (mixin) Error loading class: net/minecraft/client/resources/sounds/AbstractTickableSoundInstance (java.lang.ClassNotFoundException: net.minecraft.client.resources.sounds.AbstractTickableSoundInstance)
[17:17:01] [main/WARN] (mixin) @Mixin target net.minecraft.client.resources.sounds.AbstractTickableSoundInstance was not found valkyrienskies-common.mixins.json:feature.sound.client.MixinAbstractTickableSoundInstance
[17:17:01] [main/WARN] (mixin) Error loading class: com/mojang/blaze3d/audio/Channel (java.lang.ClassNotFoundException: com.mojang.blaze3d.audio.Channel)
[17:17:01] [main/WARN] (mixin) @Mixin target com.mojang.blaze3d.audio.Channel was not found valkyrienskies-common.mixins.json:feature.sound.client.MixinChannel
[17:17:01] [main/WARN] (mixin) Error loading class: com/mojang/blaze3d/audio/Listener (java.lang.ClassNotFoundException: com.mojang.blaze3d.audio.Listener)
[17:17:01] [main/WARN] (mixin) @Mixin target com.mojang.blaze3d.audio.Listener was not found valkyrienskies-common.mixins.json:feature.sound.client.MixinListener
[17:17:01] [main/WARN] (mixin) Error loading class: net/minecraft/client/resources/sounds/SimpleSoundInstance (java.lang.ClassNotFoundException: net.minecraft.client.resources.sounds.SimpleSoundInstance)
[17:17:01] [main/WARN] (mixin) @Mixin target net.minecraft.client.resources.sounds.SimpleSoundInstance was not found valkyrienskies-common.mixins.json:feature.sound.client.MixinSimpleSoundInstance
[17:17:01] [main/WARN] (mixin) Error loading class: net/minecraft/client/sounds/SoundEngine (java.lang.ClassNotFoundException: net.minecraft.client.sounds.SoundEngine)
[17:17:01] [main/WARN] (mixin) @Mixin target net.minecraft.client.sounds.SoundEngine was not found valkyrienskies-common.mixins.json:feature.sound.client.MixinSoundEngine
[17:17:01] [main/WARN] (mixin) Error loading class: net/minecraft/client/renderer/LevelRenderer (java.lang.ClassNotFoundException: net.minecraft.client.renderer.LevelRenderer)
[17:17:01] [main/WARN] (mixin) @Mixin target net.minecraft.client.renderer.LevelRenderer was not found valkyrienskies-common.mixins.json:feature.transform_particles.MixinLevelRenderer
[17:17:01] [main/WARN] (mixin) Error loading class: net/minecraft/world/level/block/entity/BlockEntity (java.lang.ClassNotFoundException: net.minecraft.world.level.block.entity.BlockEntity)
[17:17:01] [main/WARN] (mixin) @Mixin target net.minecraft.world.level.block.entity.BlockEntity was not found valkyrienskies-common.mixins.json:mod_compat.etf.MixinBlockEntity
[17:17:01] [main/WARN] (mixin) Error loading class: net/minecraft/client/renderer/ViewArea (java.lang.ClassNotFoundException: net.minecraft.client.renderer.ViewArea)
[17:17:01] [main/WARN] (mixin) @Mixin target net.minecraft.client.renderer.ViewArea was not found valkyrienskies-common.mixins.json:mod_compat.flywheel_renderer.MixinViewArea
[17:17:01] [main/WARN] (mixin) Error loading class: com/sonicether/soundphysics/SoundPhysics (java.lang.ClassNotFoundException: com.sonicether.soundphysics.SoundPhysics)
[17:17:01] [main/WARN] (mixin) Error loading class: li/cil/tis3d/client/renderer/block/entity/CasingBlockEntityRenderer (java.lang.ClassNotFoundException: li.cil.tis3d.client.renderer.block.entity.CasingBlockEntityRenderer)
[17:17:01] [main/WARN] (mixin) Error loading class: li/cil/tis3d/client/renderer/RenderContextImpl (java.lang.ClassNotFoundException: li.cil.tis3d.client.renderer.RenderContextImpl)
[17:17:01] [main/WARN] (mixin) Error loading class: net/minecraft/client/renderer/ViewArea (java.lang.ClassNotFoundException: net.minecraft.client.renderer.ViewArea)
[17:17:01] [main/WARN] (mixin) @Mixin target net.minecraft.client.renderer.ViewArea was not found valkyrienskies-common.mixins.json:mod_compat.vanilla_renderer.MixinViewAreaVanilla
[17:17:01] [main/WARN] (mixin) Error loading class: net/minecraft/realms/RealmsConnect (java.lang.ClassNotFoundException: net.minecraft.realms.RealmsConnect)
[17:17:01] [main/WARN] (mixin) @Mixin target net.minecraft.realms.RealmsConnect was not found valkyrienskies-common.mixins.json:realms.MixinRealmsConnect
[17:17:01] [main/WARN] (mixin) Error loading class: blusunrize/immersiveengineering/common/gui/BlockEntityInventory (java.lang.ClassNotFoundException: blusunrize.immersiveengineering.common.gui.BlockEntityInventory)
[17:17:01] [main/WARN] (mixin) Error loading class: org/cyclops/integrateddynamics/core/block/VoxelShapeComponents (java.lang.ClassNotFoundException: org.cyclops.integrateddynamics.core.block.VoxelShapeComponents)
[17:17:01] [main/WARN] (mixin) @Mixin target org.cyclops.integrateddynamics.core.block.VoxelShapeComponents was not found valkyrienskies-forge.mixins.json:compat.integrateddynamics.MixinVoxelShapeComponents
[17:17:01] [main/WARN] (mixin) Error loading class: mekanism/common/lib/radiation/RadiationManager (java.lang.ClassNotFoundException: mekanism.common.lib.radiation.RadiationManager)
[17:17:01] [main/WARN] (mixin) @Mixin target mekanism.common.lib.radiation.RadiationManager was not found valkyrienskies-forge.mixins.json:compat.mekanism.MixinRadiationManager
[17:17:01] [main/WARN] (mixin) Error loading class: dev/su5ed/mffs/network/ClientPacketHandler (java.lang.ClassNotFoundException: dev.su5ed.mffs.network.ClientPacketHandler)
[17:17:01] [main/WARN] (mixin) Error loading class: dev/su5ed/mffs/util/FrequencyGrid (java.lang.ClassNotFoundException: dev.su5ed.mffs.util.FrequencyGrid)
[17:17:01] [main/WARN] (mixin) Error loading class: me/desht/modularrouters/container/RouterMenu (java.lang.ClassNotFoundException: me.desht.modularrouters.container.RouterMenu)
[17:17:01] [main/WARN] (mixin) Error loading class: net/dries007/tfc/world/TFCChunkGenerator (java.lang.ClassNotFoundException: net.dries007.tfc.world.TFCChunkGenerator)
[17:17:01] [main/WARN] (mixin) @Mixin target net.dries007.tfc.world.TFCChunkGenerator was not found valkyrienskies-forge.mixins.json:compat.terrafirmacraft.MixinTFCChunkGenerator
[17:17:01] [main/WARN] (mixin) Error loading class: cofh/core/block/entity/TileCoFH (java.lang.ClassNotFoundException: cofh.core.block.entity.TileCoFH)
[17:17:01] [main/WARN] (mixin) Error loading class: twilightforest/world/components/chunkgenerators/ChunkGeneratorTwilight (java.lang.ClassNotFoundException: twilightforest.world.components.chunkgenerators.ChunkGeneratorTwilight)
[17:17:01] [main/WARN] (mixin) @Mixin target twilightforest.world.components.chunkgenerators.ChunkGeneratorTwilight was not found valkyrienskies-forge.mixins.json:compat.twilightforest.ChunkGeneratorTwilightMixin
[17:17:01] [main/WARN] (mixin) Error loading class: net/minecraft/world/entity/vehicle/ContainerEntity (java.lang.ClassNotFoundException: net.minecraft.world.entity.vehicle.ContainerEntity)
[17:17:01] [main/WARN] (mixin) @Mixin target net.minecraft.world.entity.vehicle.ContainerEntity was not found valkyrienskies-forge.mixins.json:entity.MixinContainerEntity
[17:17:01] [main/WARN] (mixin) Error loading class: net/minecraft/world/level/chunk/LevelChunk (java.lang.ClassNotFoundException: net.minecraft.world.level.chunk.LevelChunk)
[17:17:01] [main/WARN] (mixin) @Mixin target net.minecraft.world.level.chunk.LevelChunk was not found valkyrienskies-forge.mixins.json:feature.fix_tp_ships_cross_dimension.MixinLevelChunk
[17:17:01] [main/WARN] (mixin) Error loading class: net/minecraft/world/level/entity/PersistentEntitySectionManager (java.lang.ClassNotFoundException: net.minecraft.world.level.entity.PersistentEntitySectionManager)
[17:17:01] [main/WARN] (mixin) @Mixin target net.minecraft.world.level.entity.PersistentEntitySectionManager was not found valkyrienskies-forge.mixins.json:feature.shipyard_entities.MixinPersistentEntitySectionManager
[17:17:01] [main/WARN] (mixin) Error loading class: net/minecraft/world/entity/Entity (java.lang.ClassNotFoundException: net.minecraft.world.entity.Entity)
[17:17:01] [main/WARN] (mixin) @Mixin target net.minecraft.world.entity.Entity was not found valkyrienskies-forge.mixins.json:feature.water_in_ships_entity.MixinEntity
[17:17:01] [main/WARN] (mixin) Error loading class: net/minecraft/world/level/block/FireBlock (java.lang.ClassNotFoundException: net.minecraft.world.level.block.FireBlock)
[17:17:01] [main/WARN] (mixin) @Mixin target net.minecraft.world.level.block.FireBlock was not found valkyrienskies-forge.mixins.json:world.level.block.FireMixin
[17:17:01] [main/WARN] (mixin) Error loading class: net/minecraft/client/renderer/LevelRenderer (java.lang.ClassNotFoundException: net.minecraft.client.renderer.LevelRenderer)
[17:17:01] [main/WARN] (mixin) @Mixin target net.minecraft.client.renderer.LevelRenderer was not found valkyrienskies-forge.mixins.json:client.render.MixinLevelRenderer
[17:17:01] [main/WARN] (mixin) Error loading class: li/cil/oc2/client/renderer/blockentity/ComputerRenderer (java.lang.ClassNotFoundException: li.cil.oc2.client.renderer.blockentity.ComputerRenderer)
[17:17:01] [main/WARN] (mixin) Error loading class: li/cil/oc2/client/renderer/blockentity/MonitorRenderer (java.lang.ClassNotFoundException: li.cil.oc2.client.renderer.blockentity.MonitorRenderer)
[17:17:01] [main/WARN] (mixin) Error loading class: li/cil/oc2/client/renderer/ProjectorDepthRenderer (java.lang.ClassNotFoundException: li.cil.oc2.client.renderer.ProjectorDepthRenderer)
[17:17:01] [main/WARN] (mixin) Error loading class: net/minecraft/world/item/armortrim/ArmorTrim (java.lang.ClassNotFoundException: net.minecraft.world.item.armortrim.ArmorTrim)
[17:17:01] [main/WARN] (mixin) @Mixin target net.minecraft.world.item.armortrim.ArmorTrim was not found create.mixins.json:ArmorTrimMixin
[17:17:01] [main/WARN] (mixin) Error loading class: net/minecraft/world/level/block/BeehiveBlock (java.lang.ClassNotFoundException: net.minecraft.world.level.block.BeehiveBlock)
[17:17:01] [main/WARN] (mixin) @Mixin target net.minecraft.world.level.block.BeehiveBlock was not found create.mixins.json:BeehiveBlockMixin
[17:17:01] [main/WARN] (mixin) Error loading class: net/minecraft/world/item/BlockItem (java.lang.ClassNotFoundException: net.minecraft.world.item.BlockItem)
[17:17:01] [main/WARN] (mixin) @Mixin target net.minecraft.world.item.BlockItem was not found create.mixins.json:BlockItemMixin
[17:17:01] [main/WARN] (mixin) Error loading class: net/minecraft/world/level/block/Block (java.lang.ClassNotFoundException: net.minecraft.world.level.block.Block)
[17:17:01] [main/WARN] (mixin) @Mixin target net.minecraft.world.level.block.Block was not found create.mixins.json:BlockMixin
[17:17:01] [main/WARN] (mixin) Error loading class: net/minecraft/core/registries/BuiltInRegistries (java.lang.ClassNotFoundException: net.minecraft.core.registries.BuiltInRegistries)
[17:17:01] [main/WARN] (mixin) @Mixin target net.minecraft.core.registries.BuiltInRegistries was not found create.mixins.json:BuiltInRegistriesMixin
[17:17:01] [main/WARN] (mixin) Error loading class: net/minecraft/network/protocol/game/ClientboundMapItemDataPacket (java.lang.ClassNotFoundException: net.minecraft.network.protocol.game.ClientboundMapItemDataPacket)
[17:17:01] [main/WARN] (mixin) @Mixin target net.minecraft.network.protocol.game.ClientboundMapItemDataPacket was not found create.mixins.json:ClientboundMapItemDataPacketMixin
[17:17:01] [main/WARN] (mixin) Error loading class: net/minecraft/world/entity/LivingEntity (java.lang.ClassNotFoundException: net.minecraft.world.entity.LivingEntity)
[17:17:01] [main/WARN] (mixin) @Mixin target net.minecraft.world.entity.LivingEntity was not found create.mixins.json:CustomItemUseEffectsMixin
[17:17:01] [main/WARN] (mixin) Error loading class: net/minecraft/world/entity/Entity (java.lang.ClassNotFoundException: net.minecraft.world.entity.Entity)
[17:17:01] [main/WARN] (mixin) @Mixin target net.minecraft.world.entity.Entity was not found create.mixins.json:EntityMixin
[17:17:01] [main/WARN] (mixin) Error loading class: net/minecraft/world/entity/LivingEntity (java.lang.ClassNotFoundException: net.minecraft.world.entity.LivingEntity)
[17:17:01] [main/WARN] (mixin) @Mixin target net.minecraft.world.entity.LivingEntity was not found create.mixins.json:LavaSwimmingMixin
[17:17:01] [main/WARN] (mixin) Error loading class: net/minecraft/world/level/storage/loot/functions/LootingEnchantFunction (java.lang.ClassNotFoundException: net.minecraft.world.level.storage.loot.functions.LootingEnchantFunction)
[17:17:01] [main/WARN] (mixin) @Mixin target net.minecraft.world.level.storage.loot.functions.LootingEnchantFunction was not found create.mixins.json:LootingEnchantFunctionMixin
[17:17:01] [main/WARN] (mixin) Error loading class: net/minecraft/world/level/saveddata/maps/MapItemSavedData (java.lang.ClassNotFoundException: net.minecraft.world.level.saveddata.maps.MapItemSavedData)
[17:17:01] [main/WARN] (mixin) @Mixin target net.minecraft.world.level.saveddata.maps.MapItemSavedData was not found create.mixins.json:MapItemSavedDataMixin
[17:17:01] [main/WARN] (mixin) Error loading class: net/minecraft/world/entity/player/Player (java.lang.ClassNotFoundException: net.minecraft.world.entity.player.Player)
[17:17:01] [main/WARN] (mixin) @Mixin target net.minecraft.world.entity.player.Player was not found create.mixins.json:PlayerMixin
[17:17:01] [main/WARN] (mixin) Error loading class: net/minecraft/world/entity/projectile/ProjectileUtil (java.lang.ClassNotFoundException: net.minecraft.world.entity.projectile.ProjectileUtil)
[17:17:01] [main/WARN] (mixin) @Mixin target net.minecraft.world.entity.projectile.ProjectileUtil was not found create.mixins.json:ProjectileUtilMixin
[17:17:01] [main/WARN] (mixin) Error loading class: net/minecraft/world/level/block/ShulkerBoxBlock (java.lang.ClassNotFoundException: net.minecraft.world.level.block.ShulkerBoxBlock)
[17:17:01] [main/WARN] (mixin) @Mixin target net.minecraft.world.level.block.ShulkerBoxBlock was not found create.mixins.json:ShulkerBoxBlockMixin
[17:17:01] [main/WARN] (mixin) Error loading class: net/minecraft/world/inventory/SmithingMenu (java.lang.ClassNotFoundException: net.minecraft.world.inventory.SmithingMenu)
[17:17:01] [main/WARN] (mixin) @Mixin target net.minecraft.world.inventory.SmithingMenu was not found create.mixins.json:SmithingMenuMixin
[17:17:01] [main/WARN] (mixin) Error loading class: net/minecraft/gametest/framework/TestCommand (java.lang.ClassNotFoundException: net.minecraft.gametest.framework.TestCommand)
[17:17:01] [main/WARN] (mixin) @Mixin target net.minecraft.gametest.framework.TestCommand was not found create.mixins.json:TestCommandMixin
[17:17:01] [main/WARN] (mixin) Error loading class: net/minecraft/world/level/material/FlowingFluid (java.lang.ClassNotFoundException: net.minecraft.world.level.material.FlowingFluid)
[17:17:01] [main/WARN] (mixin) @Mixin target net.minecraft.world.level.material.FlowingFluid was not found create.mixins.json:WaterWheelFluidSpreadMixin
[17:17:01] [main/WARN] (mixin) Error loading class: net/minecraft/core/dispenser/AbstractProjectileDispenseBehavior (java.lang.ClassNotFoundException: net.minecraft.core.dispenser.AbstractProjectileDispenseBehavior)
[17:17:01] [main/WARN] (mixin) @Mixin target net.minecraft.core.dispenser.AbstractProjectileDispenseBehavior was not found create.mixins.json:accessor.AbstractProjectileDispenseBehaviorAccessor
[17:17:01] [main/WARN] (mixin) Error loading class: net/minecraft/data/loot/BlockLootSubProvider (java.lang.ClassNotFoundException: net.minecraft.data.loot.BlockLootSubProvider)
[17:17:01] [main/WARN] (mixin) @Mixin target net.minecraft.data.loot.BlockLootSubProvider was not found create.mixins.json:accessor.BlockLootSubProviderAccessor
[17:17:01] [main/WARN] (mixin) Error loading class: net/minecraft/core/registries/BuiltInRegistries (java.lang.ClassNotFoundException: net.minecraft.core.registries.BuiltInRegistries)
[17:17:01] [main/WARN] (mixin) @Mixin target net.minecraft.core.registries.BuiltInRegistries was not found create.mixins.json:accessor.BuiltInRegistriesAccessor
[17:17:01] [main/WARN] (mixin) Error loading class: net/minecraft/world/level/block/ConcretePowderBlock (java.lang.ClassNotFoundException: net.minecraft.world.level.block.ConcretePowderBlock)
[17:17:01] [main/WARN] (mixin) @Mixin target net.minecraft.world.level.block.ConcretePowderBlock was not found create.mixins.json:accessor.ConcretePowderBlockAccessor
[17:17:01] [main/WARN] (mixin) Error loading class: net/minecraft/world/level/block/CropBlock (java.lang.ClassNotFoundException: net.minecraft.world.level.block.CropBlock)
[17:17:01] [main/WARN] (mixin) @Mixin target net.minecraft.world.level.block.CropBlock was not found create.mixins.json:accessor.CropBlockAccessor
[17:17:01] [main/WARN] (mixin) Error loading class: net/minecraft/world/level/block/DispenserBlock (java.lang.ClassNotFoundException: net.minecraft.world.level.block.DispenserBlock)
[17:17:01] [main/WARN] (mixin) @Mixin target net.minecraft.world.level.block.DispenserBlock was not found create.mixins.json:accessor.DispenserBlockAccessor
[17:17:01] [main/WARN] (mixin) Error loading class: net/minecraft/world/entity/item/FallingBlockEntity (java.lang.ClassNotFoundException: net.minecraft.world.entity.item.FallingBlockEntity)
[17:17:01] [main/WARN] (mixin) @Mixin target net.minecraft.world.entity.item.FallingBlockEntity was not found create.mixins.json:accessor.FallingBlockEntityAccessor
[17:17:01] [main/WARN] (mixin) Error loading class: net/minecraft/world/level/material/FlowingFluid (java.lang.ClassNotFoundException: net.minecraft.world.level.material.FlowingFluid)
[17:17:01] [main/WARN] (mixin) @Mixin target net.minecraft.world.level.material.FlowingFluid was not found create.mixins.json:accessor.FlowingFluidAccessor
[17:17:01] [main/WARN] (mixin) Error loading class: net/minecraft/gametest/framework/GameTestHelper (java.lang.ClassNotFoundException: net.minecraft.gametest.framework.GameTestHelper)
[17:17:01] [main/WARN] (mixin) @Mixin target net.minecraft.gametest.framework.GameTestHelper was not found create.mixins.json:accessor.GameTestHelperAccessor
[17:17:01] [main/WARN] (mixin) Error loading class: net/minecraft/world/entity/decoration/ItemFrame (java.lang.ClassNotFoundException: net.minecraft.world.entity.decoration.ItemFrame)
[17:17:01] [main/WARN] (mixin) @Mixin target net.minecraft.world.entity.decoration.ItemFrame was not found create.mixins.json:accessor.ItemFrameAccessor
[17:17:01] [main/WARN] (mixin) Error loading class: net/minecraft/data/models/ItemModelGenerators (java.lang.ClassNotFoundException: net.minecraft.data.models.ItemModelGenerators)
[17:17:01] [main/WARN] (mixin) @Mixin target net.minecraft.data.models.ItemModelGenerators was not found create.mixins.json:accessor.ItemModelGeneratorsAccessor
[17:17:01] [main/WARN] (mixin) Error loading class: net/minecraft/world/entity/LivingEntity (java.lang.ClassNotFoundException: net.minecraft.world.entity.LivingEntity)
[17:17:01] [main/WARN] (mixin) @Mixin target net.minecraft.world.entity.LivingEntity was not found create.mixins.json:accessor.LivingEntityAccessor
[17:17:01] [main/ERROR] (CoreModBaseTransformer) Error occurred applying transform of coremod coremods/field_to_method.js function potion
java.lang.IllegalStateException: No field with name type found
	at net.minecraftforge.coremod.api.ASMAPI.redirectFieldToMethod(ASMAPI.java:1066) ~[coremods-5.2.4.jar:?]
	at org.openjdk.nashorn.internal.scripts.Script$Recompilation$20$1194A$\^eval\_.initializeCoreMod#transformer-2(<eval>:32) ~[?:?]
	at org.openjdk.nashorn.internal.runtime.ScriptFunctionData.invoke(ScriptFunctionData.java:648) ~[nashorn-core-15.4.jar:?]
	at org.openjdk.nashorn.internal.runtime.ScriptFunction.invoke(ScriptFunction.java:513) ~[nashorn-core-15.4.jar:?]
	at org.openjdk.nashorn.internal.runtime.ScriptRuntime.apply(ScriptRuntime.java:520) ~[nashorn-core-15.4.jar:?]
	at org.openjdk.nashorn.api.scripting.ScriptObjectMirror.call(ScriptObjectMirror.java:111) ~[nashorn-core-15.4.jar:?]
	at net.minecraftforge.coremod.NashornFactory.lambda$getFunction$0(NashornFactory.java:37) ~[coremods-5.2.4.jar:5.2.4]
	at net.minecraftforge.coremod.transformer.CoreModClassTransformer.runCoremod(CoreModClassTransformer.java:22) ~[coremods-5.2.4.jar:?]
	at net.minecraftforge.coremod.transformer.CoreModClassTransformer.runCoremod(CoreModClassTransformer.java:14) ~[coremods-5.2.4.jar:?]
	at net.minecraftforge.coremod.transformer.CoreModBaseTransformer.transform(CoreModBaseTransformer.java:60) ~[coremods-5.2.4.jar:?]
	at cpw.mods.modlauncher.TransformerHolder.transform(TransformerHolder.java:41) ~[modlauncher-10.0.9.jar:?]
	at cpw.mods.modlauncher.ClassTransformer.performVote(ClassTransformer.java:179) ~[modlauncher-10.0.9.jar:?]
	at cpw.mods.modlauncher.ClassTransformer.transform(ClassTransformer.java:117) ~[modlauncher-10.0.9.jar:?]
	at cpw.mods.modlauncher.TransformingClassLoader.maybeTransformClassBytes(TransformingClassLoader.java:50) ~[modlauncher-10.0.9.jar:?]
	at cpw.mods.cl.ModuleClassLoader.getMaybeTransformedClassBytes(ModuleClassLoader.java:250) ~[securejarhandler-2.1.10.jar:?]
	at cpw.mods.modlauncher.TransformingClassLoader.buildTransformedClassNodeFor(TransformingClassLoader.java:58) ~[modlauncher-10.0.9.jar:?]
	at cpw.mods.modlauncher.LaunchPluginHandler.lambda$announceLaunch$10(LaunchPluginHandler.java:100) ~[modlauncher-10.0.9.jar:?]
	at org.spongepowered.asm.launch.MixinLaunchPluginLegacy.getClassNode(MixinLaunchPluginLegacy.java:222) ~[mixin-patched-0.8.5.12.jar:?]
	at org.spongepowered.asm.launch.MixinLaunchPluginLegacy.getClassNode(MixinLaunchPluginLegacy.java:207) ~[mixin-patched-0.8.5.12.jar:?]
	at org.spongepowered.asm.mixin.transformer.ClassInfo.forName(ClassInfo.java:2005) ~[mixin-patched-0.8.5.12.jar:?]
	at org.spongepowered.asm.mixin.transformer.MixinInfo.getTargetClass(MixinInfo.java:1017) ~[mixin-patched-0.8.5.12.jar:?]
	at org.spongepowered.asm.mixin.transformer.MixinInfo.readTargetClasses(MixinInfo.java:1007) ~[mixin-patched-0.8.5.12.jar:?]
	at org.spongepowered.asm.mixin.transformer.MixinInfo.parseTargets(MixinInfo.java:895) ~[mixin-patched-0.8.5.12.jar:?]
	at org.spongepowered.asm.mixin.transformer.MixinConfig.prepareMixins(MixinConfig.java:867) ~[mixin-patched-0.8.5.12.jar:?]
	at org.spongepowered.asm.mixin.transformer.MixinConfig.prepare(MixinConfig.java:775) ~[mixin-patched-0.8.5.12.jar:?]
	at org.spongepowered.asm.mixin.transformer.MixinProcessor.prepareConfigs(MixinProcessor.java:539) ~[mixin-patched-0.8.5.12.jar:?]
	at org.spongepowered.asm.mixin.transformer.MixinProcessor.select(MixinProcessor.java:462) ~[mixin-patched-0.8.5.12.jar:?]
	at org.spongepowered.asm.mixin.transformer.MixinProcessor.checkSelect(MixinProcessor.java:438) ~[mixin-patched-0.8.5.12.jar:?]
	at org.spongepowered.asm.mixin.transformer.MixinProcessor.applyMixins(MixinProcessor.java:290) ~[mixin-patched-0.8.5.12.jar:?]
	at org.spongepowered.asm.mixin.transformer.MixinTransformer.transformClass(MixinTransformer.java:250) ~[mixin-patched-0.8.5.12.jar:?]
	at org.spongepowered.asm.service.modlauncher.MixinTransformationHandler.processClass(MixinTransformationHandler.java:131) ~[mixin-patched-0.8.5.12.jar:?]
	at org.spongepowered.asm.launch.MixinLaunchPluginLegacy.processClass(MixinLaunchPluginLegacy.java:131) ~[mixin-patched-0.8.5.12.jar:?]
	at cpw.mods.modlauncher.serviceapi.ILaunchPluginService.processClassWithFlags(ILaunchPluginService.java:156) ~[modlauncher-10.0.9.jar:10.0.9+10.0.9+main.dcd20f30]
	at cpw.mods.modlauncher.LaunchPluginHandler.offerClassNodeToPlugins(LaunchPluginHandler.java:88) ~[modlauncher-10.0.9.jar:?]
	at cpw.mods.modlauncher.ClassTransformer.transform(ClassTransformer.java:120) ~[modlauncher-10.0.9.jar:?]
	at cpw.mods.modlauncher.TransformingClassLoader.maybeTransformClassBytes(TransformingClassLoader.java:50) ~[modlauncher-10.0.9.jar:?]
	at cpw.mods.cl.ModuleClassLoader.readerToClass(ModuleClassLoader.java:113) ~[securejarhandler-2.1.10.jar:?]
	at cpw.mods.cl.ModuleClassLoader.lambda$findClass$15(ModuleClassLoader.java:219) ~[securejarhandler-2.1.10.jar:?]
	at cpw.mods.cl.ModuleClassLoader.loadFromModule(ModuleClassLoader.java:229) ~[securejarhandler-2.1.10.jar:?]
	at cpw.mods.cl.ModuleClassLoader.findClass(ModuleClassLoader.java:219) ~[securejarhandler-2.1.10.jar:?]
	at java.lang.ClassLoader.loadClass(ClassLoader.java:637) ~[?:?]
	at java.lang.Class.forName(Class.java:547) ~[?:?]
	at net.minecraftforge.fml.earlydisplay.DisplayWindow.lambda$updateModuleReads$13(DisplayWindow.java:615) ~[fmlearlydisplay-1.20.1-47.4.3.jar%2390!/:1.0]
	at java.util.Optional.map(Optional.java:260) ~[?:?]
	at net.minecraftforge.fml.earlydisplay.DisplayWindow.updateModuleReads(DisplayWindow.java:615) ~[fmlearlydisplay-1.20.1-47.4.3.jar%2390!/:1.0]
	at net.minecraftforge.fml.loading.ImmediateWindowHandler.acceptGameLayer(ImmediateWindowHandler.java:71) ~[fmlloader-1.20.1-47.4.3.jar%2391!/:1.0]
	at net.minecraftforge.fml.loading.FMLLoader.beforeStart(FMLLoader.java:216) ~[fmlloader-1.20.1-47.4.3.jar%2391!/:1.0]
	at net.minecraftforge.fml.loading.targets.CommonLaunchHandler.launchService(CommonLaunchHandler.java:92) ~[fmlloader-1.20.1-47.4.3.jar%2391!/:?]
	at cpw.mods.modlauncher.LaunchServiceHandlerDecorator.launch(LaunchServiceHandlerDecorator.java:30) ~[modlauncher-10.0.9.jar%2395!/:?]
	at cpw.mods.modlauncher.LaunchServiceHandler.launch(LaunchServiceHandler.java:53) ~[modlauncher-10.0.9.jar%2395!/:?]
	at cpw.mods.modlauncher.LaunchServiceHandler.launch(LaunchServiceHandler.java:71) ~[modlauncher-10.0.9.jar%2395!/:?]
	at cpw.mods.modlauncher.Launcher.run(Launcher.java:108) ~[modlauncher-10.0.9.jar%2395!/:?]
	at cpw.mods.modlauncher.Launcher.main(Launcher.java:78) ~[modlauncher-10.0.9.jar%2395!/:?]
	at cpw.mods.modlauncher.BootstrapLaunchConsumer.accept(BootstrapLaunchConsumer.java:26) ~[modlauncher-10.0.9.jar%2395!/:?]
	at cpw.mods.modlauncher.BootstrapLaunchConsumer.accept(BootstrapLaunchConsumer.java:23) ~[modlauncher-10.0.9.jar%2395!/:?]
	at cpw.mods.bootstraplauncher.BootstrapLauncher.main(BootstrapLauncher.java:141) ~[?:?]
	at net.fabricmc.devlaunchinjector.Main.main(Main.java:86) ~[dev-launch-injector-0.2.1+build.8.jar%23179!/:?]
[17:17:01] [main/WARN] (mixin) Error loading class: net/minecraft/nbt/NbtAccounter (java.lang.ClassNotFoundException: net.minecraft.nbt.NbtAccounter)
[17:17:01] [main/WARN] (mixin) @Mixin target net.minecraft.nbt.NbtAccounter was not found create.mixins.json:accessor.NbtAccounterAccessor
[17:17:01] [main/WARN] (mixin) Error loading class: net/minecraft/server/level/ServerLevel (java.lang.ClassNotFoundException: net.minecraft.server.level.ServerLevel)
[17:17:01] [main/WARN] (mixin) @Mixin target net.minecraft.server.level.ServerLevel was not found create.mixins.json:accessor.ServerLevelAccessor
[17:17:01] [main/WARN] (mixin) Error loading class: net/minecraft/world/level/block/state/StateHolder (java.lang.ClassNotFoundException: net.minecraft.world.level.block.state.StateHolder)
[17:17:01] [main/WARN] (mixin) @Mixin target net.minecraft.world.level.block.state.StateHolder was not found create.mixins.json:accessor.StateHolderAccessor
[17:17:01] [main/WARN] (mixin) Error loading class: net/minecraft/world/item/SuspiciousStewItem (java.lang.ClassNotFoundException: net.minecraft.world.item.SuspiciousStewItem)
[17:17:01] [main/WARN] (mixin) @Mixin target net.minecraft.world.item.SuspiciousStewItem was not found create.mixins.json:accessor.SuspiciousStewItemAccessor
[17:17:01] [main/WARN] (mixin) Error loading class: net/minecraft/SystemReport (java.lang.ClassNotFoundException: net.minecraft.SystemReport)
[17:17:01] [main/WARN] (mixin) @Mixin target net.minecraft.SystemReport was not found create.mixins.json:accessor.SystemReportAccessor
[17:17:01] [main/WARN] (mixin) Error loading class: net/minecraft/world/item/context/UseOnContext (java.lang.ClassNotFoundException: net.minecraft.world.item.context.UseOnContext)
[17:17:01] [main/WARN] (mixin) @Mixin target net.minecraft.world.item.context.UseOnContext was not found create.mixins.json:accessor.UseOnContextAccessor
[17:17:01] [main/WARN] (mixin) Error loading class: net/minecraft/client/model/AgeableListModel (java.lang.ClassNotFoundException: net.minecraft.client.model.AgeableListModel)
[17:17:01] [main/WARN] (mixin) @Mixin target net.minecraft.client.model.AgeableListModel was not found create.mixins.json:accessor.AgeableListModelAccessor
[17:17:01] [main/WARN] (mixin) Error loading class: net/minecraft/client/gui/Font (java.lang.ClassNotFoundException: net.minecraft.client.gui.Font)
[17:17:01] [main/WARN] (mixin) @Mixin target net.minecraft.client.gui.Font was not found create.mixins.json:accessor.FontAccessor
[17:17:01] [main/WARN] (mixin) Error loading class: net/minecraft/client/renderer/entity/layers/HumanoidArmorLayer (java.lang.ClassNotFoundException: net.minecraft.client.renderer.entity.layers.HumanoidArmorLayer)
[17:17:01] [main/WARN] (mixin) @Mixin target net.minecraft.client.renderer.entity.layers.HumanoidArmorLayer was not found create.mixins.json:accessor.HumanoidArmorLayerAccessor
[17:17:01] [main/WARN] (mixin) Error loading class: net/minecraft/client/renderer/LevelRenderer (java.lang.ClassNotFoundException: net.minecraft.client.renderer.LevelRenderer)
[17:17:01] [main/WARN] (mixin) @Mixin target net.minecraft.client.renderer.LevelRenderer was not found create.mixins.json:accessor.LevelRendererAccessor
[17:17:01] [main/WARN] (mixin) Error loading class: net/minecraft/client/MouseHandler (java.lang.ClassNotFoundException: net.minecraft.client.MouseHandler)
[17:17:01] [main/WARN] (mixin) @Mixin target net.minecraft.client.MouseHandler was not found create.mixins.json:accessor.MouseHandlerAccessor
[17:17:01] [main/WARN] (mixin) Error loading class: net/minecraft/server/level/BlockDestructionProgress (java.lang.ClassNotFoundException: net.minecraft.server.level.BlockDestructionProgress)
[17:17:01] [main/WARN] (mixin) @Mixin target net.minecraft.server.level.BlockDestructionProgress was not found create.mixins.json:client.BlockDestructionProgressMixin
[17:17:01] [main/WARN] (mixin) Error loading class: net/minecraft/client/Camera (java.lang.ClassNotFoundException: net.minecraft.client.Camera)
[17:17:01] [main/WARN] (mixin) @Mixin target net.minecraft.client.Camera was not found create.mixins.json:client.CameraMixin
[17:17:01] [main/WARN] (mixin) Error loading class: net/minecraft/world/entity/Entity (java.lang.ClassNotFoundException: net.minecraft.world.entity.Entity)
[17:17:01] [main/WARN] (mixin) @Mixin target net.minecraft.world.entity.Entity was not found create.mixins.json:client.EntityContraptionInteractionMixin
[17:17:01] [main/WARN] (mixin) Error loading class: net/minecraft/client/renderer/GameRenderer (java.lang.ClassNotFoundException: net.minecraft.client.renderer.GameRenderer)
[17:17:01] [main/WARN] (mixin) @Mixin target net.minecraft.client.renderer.GameRenderer was not found create.mixins.json:client.GameRendererMixin
[17:17:01] [main/WARN] (mixin) Error loading class: net/minecraft/client/player/LocalPlayer (java.lang.ClassNotFoundException: net.minecraft.client.player.LocalPlayer)
[17:17:01] [main/WARN] (mixin) @Mixin target net.minecraft.client.player.LocalPlayer was not found create.mixins.json:client.HeavyBootsOnPlayerMixin
[17:17:01] [main/WARN] (mixin) Error loading class: net/minecraft/client/renderer/entity/layers/HumanoidArmorLayer (java.lang.ClassNotFoundException: net.minecraft.client.renderer.entity.layers.HumanoidArmorLayer)
[17:17:01] [main/WARN] (mixin) @Mixin target net.minecraft.client.renderer.entity.layers.HumanoidArmorLayer was not found create.mixins.json:client.HumanoidArmorLayerMixin
[17:17:01] [main/WARN] (mixin) Error loading class: net/minecraft/client/model/HumanoidModel (java.lang.ClassNotFoundException: net.minecraft.client.model.HumanoidModel)
[17:17:01] [main/WARN] (mixin) @Mixin target net.minecraft.client.model.HumanoidModel was not found create.mixins.json:client.HumanoidModelMixin
[17:17:01] [main/WARN] (mixin) Error loading class: net/minecraft/client/renderer/LevelRenderer (java.lang.ClassNotFoundException: net.minecraft.client.renderer.LevelRenderer)
[17:17:01] [main/WARN] (mixin) @Mixin target net.minecraft.client.renderer.LevelRenderer was not found create.mixins.json:client.LevelRendererMixin
[17:17:01] [main/WARN] (mixin) Error loading class: net/minecraft/client/renderer/entity/player/PlayerRenderer (java.lang.ClassNotFoundException: net.minecraft.client.renderer.entity.player.PlayerRenderer)
[17:17:01] [main/WARN] (mixin) @Mixin target net.minecraft.client.renderer.entity.player.PlayerRenderer was not found create.mixins.json:client.PlayerRendererMixin
[17:17:01] [main/WARN] (mixin) Error loading class: xaero/map/gui/GuiMap (java.lang.ClassNotFoundException: xaero.map.gui.GuiMap)
[17:17:01] [main/WARN] (mixin) @Mixin target xaero.map.gui.GuiMap was not found create.mixins.json:compat.xaeros.XaeroFullscreenMapAccessor
[17:17:01] [main/WARN] (mixin) Error loading class: xaero/map/gui/GuiMap (java.lang.ClassNotFoundException: xaero.map.gui.GuiMap)
[17:17:01] [main/WARN] (mixin) @Mixin target xaero.map.gui.GuiMap was not found create.mixins.json:compat.xaeros.XaeroFullscreenMapMixin
[17:17:01] [main/WARN] (mixin) Error loading class: net/minecraft/client/gui/screens/Screen (java.lang.ClassNotFoundException: net.minecraft.client.gui.screens.Screen)
[17:17:01] [main/WARN] (mixin) @Mixin target net.minecraft.client.gui.screens.Screen was not found create.mixins.json:compat.xaeros.XaeroPauseScreenOverrideMixin
[17:17:01] [main/WARN] (mixin) Error loading class: net/minecraft/world/level/block/entity/AbstractFurnaceBlockEntity (java.lang.ClassNotFoundException: net.minecraft.world.level.block.entity.AbstractFurnaceBlockEntity)
[17:17:01] [main/WARN] (mixin) @Mixin target net.minecraft.world.level.block.entity.AbstractFurnaceBlockEntity was not found create_enchantment_industry.mixins.json:AbstractFurnaceBlockEntityMixin
[17:17:01] [main/WARN] (mixin) Error loading class: net/minecraft/world/entity/player/Player (java.lang.ClassNotFoundException: net.minecraft.world.entity.player.Player)
[17:17:01] [main/WARN] (mixin) @Mixin target net.minecraft.world.entity.player.Player was not found create_enchantment_industry.mixins.json:PlayerMixin
[17:17:01] [main/WARN] (mixin) Error loading class: net/minecraft/client/Camera (java.lang.ClassNotFoundException: net.minecraft.client.Camera)
[17:17:01] [main/WARN] (mixin) @Mixin target net.minecraft.client.Camera was not found create_enchantment_industry.mixins.json:CameraMixin
[17:17:01] [main/WARN] (mixin) Error loading class: net/minecraft/world/entity/monster/Creeper (java.lang.ClassNotFoundException: net.minecraft.world.entity.monster.Creeper)
[17:17:01] [main/WARN] (mixin) @Mixin target net.minecraft.world.entity.monster.Creeper was not found createdieselgenerators.mixins.json:CreeperMixin
[17:17:01] [main/WARN] (mixin) Error loading class: net/minecraft/world/entity/Entity (java.lang.ClassNotFoundException: net.minecraft.world.entity.Entity)
[17:17:01] [main/WARN] (mixin) @Mixin target net.minecraft.world.entity.Entity was not found createdieselgenerators.mixins.json:EntityMixin
[17:17:01] [main/WARN] (mixin) Error loading class: net/minecraft/world/level/storage/loot/LootPool (java.lang.ClassNotFoundException: net.minecraft.world.level.storage.loot.LootPool)
[17:17:01] [main/WARN] (mixin) @Mixin target net.minecraft.world.level.storage.loot.LootPool was not found createdieselgenerators.mixins.json:LootPoolAccessor
[17:17:01] [main/WARN] (mixin) Error loading class: net/minecraft/world/level/storage/loot/LootTable (java.lang.ClassNotFoundException: net.minecraft.world.level.storage.loot.LootTable)
[17:17:01] [main/WARN] (mixin) @Mixin target net.minecraft.world.level.storage.loot.LootTable was not found createdieselgenerators.mixins.json:LootTableAccessor
[17:17:01] [main/WARN] (mixin) Error loading class: net/minecraft/world/item/context/UseOnContext (java.lang.ClassNotFoundException: net.minecraft.world.item.context.UseOnContext)
[17:17:01] [main/WARN] (mixin) @Mixin target net.minecraft.world.item.context.UseOnContext was not found createdieselgenerators.mixins.json:UseOnContextInvoker
[17:17:01] [main/WARN] (mixin) Error loading class: net/minecraft/client/model/AgeableListModel (java.lang.ClassNotFoundException: net.minecraft.client.model.AgeableListModel)
[17:17:01] [main/WARN] (mixin) @Mixin target net.minecraft.client.model.AgeableListModel was not found createdieselgenerators.mixins.json:AgeableListModelAccessor
[17:17:01] [main/WARN] (mixin) Error loading class: net/minecraft/client/model/geom/ModelPart (java.lang.ClassNotFoundException: net.minecraft.client.model.geom.ModelPart)
[17:17:01] [main/WARN] (mixin) @Mixin target net.minecraft.client.model.geom.ModelPart was not found createdieselgenerators.mixins.json:ModelPartAccessor
[17:17:01] [main/WARN] (mixin) Error loading class: com/mojang/blaze3d/vertex/BufferBuilder$RenderedBuffer (java.lang.ClassNotFoundException: com.mojang.blaze3d.vertex.BufferBuilder$RenderedBuffer)
[17:17:01] [main/WARN] (mixin) Error loading class: com/mojang/blaze3d/vertex/BufferBuilder$RenderedBuffer (java.lang.ClassNotFoundException: com.mojang.blaze3d.vertex.BufferBuilder$RenderedBuffer)
[17:17:01] [main/WARN] (mixin) Error loading class: com/mojang/blaze3d/vertex/PoseStack$Pose (java.lang.ClassNotFoundException: com.mojang.blaze3d.vertex.PoseStack$Pose)
[17:17:01] [main/WARN] (mixin) Error loading class: com/mojang/blaze3d/vertex/PoseStack$Pose (java.lang.ClassNotFoundException: com.mojang.blaze3d.vertex.PoseStack$Pose)
[17:17:01] [main/WARN] (Embeddium) Force-disabling mixin 'features.render.world.sky.WorldRendererMixin' as rule 'mixin.features.render.world.sky' (added by mods [oculus]) disables it and children
[17:17:01] [main/WARN] (Embeddium) Force-disabling mixin 'features.render.world.sky.ClientWorldMixin' as rule 'mixin.features.render.world.sky' (added by mods [oculus]) disables it and children
[17:17:01] [main/WARN] (Embeddium) Force-disabling mixin 'features.render.world.sky.BackgroundRendererMixin' as rule 'mixin.features.render.world.sky' (added by mods [oculus]) disables it and children
[17:17:01] [main/WARN] (Embeddium) Force-disabling mixin 'features.render.gui.font.GlyphRendererMixin' as rule 'mixin.features.render.gui.font' (added by mods [oculus]) disables it and children
[17:17:01] [main/WARN] (Embeddium) Force-disabling mixin 'features.render.gui.font.FontSetMixin' as rule 'mixin.features.render.gui.font' (added by mods [oculus]) disables it and children
[17:17:01] [main/WARN] (Embeddium) Force-disabling mixin 'features.render.entity.shadows.EntityRenderDispatcherMixin' as rule 'mixin.features.render.entity' (added by mods [oculus]) disables it and children
[17:17:01] [main/WARN] (Embeddium) Force-disabling mixin 'features.render.entity.remove_streams.ModelPartMixin' as rule 'mixin.features.render.entity' (added by mods [oculus]) disables it and children
[17:17:01] [main/WARN] (Embeddium) Force-disabling mixin 'features.render.entity.remove_streams.HierarchicalModelMixin' as rule 'mixin.features.render.entity' (added by mods [oculus]) disables it and children
[17:17:01] [main/WARN] (Embeddium) Force-disabling mixin 'features.render.entity.fast_render.ModelPartMixin' as rule 'mixin.features.render.entity' (added by mods [oculus]) disables it and children
[17:17:01] [main/WARN] (Embeddium) Force-disabling mixin 'features.render.entity.fast_render.CuboidMixin' as rule 'mixin.features.render.entity' (added by mods [oculus]) disables it and children
[17:17:01] [main/WARN] (Embeddium) Force-disabling mixin 'features.render.entity.cull.EntityRendererMixin' as rule 'mixin.features.render.entity' (added by mods [oculus]) disables it and children
[17:17:01] [main/WARN] (mixin) Error loading class: net/minecraft/client/renderer/texture/SpriteContents (java.lang.ClassNotFoundException: net.minecraft.client.renderer.texture.SpriteContents)
[17:17:01] [main/WARN] (mixin) @Mixin target net.minecraft.client.renderer.texture.SpriteContents was not found embeddium.mixins.json:features.textures.animations.upload.SpriteContentsAccessor
[17:17:01] [main/WARN] (mixin) Error loading class: net/minecraft/client/multiplayer/ClientLevel (java.lang.ClassNotFoundException: net.minecraft.client.multiplayer.ClientLevel)
[17:17:01] [main/WARN] (mixin) @Mixin target net.minecraft.client.multiplayer.ClientLevel was not found embeddium.mixins.json:features.render.world.ClientLevelMixin
[17:17:01] [main/WARN] (mixin) Error loading class: net/minecraft/client/renderer/texture/TextureAtlas (java.lang.ClassNotFoundException: net.minecraft.client.renderer.texture.TextureAtlas)
[17:17:01] [main/WARN] (mixin) @Mixin target net.minecraft.client.renderer.texture.TextureAtlas was not found embeddium.mixins.json:features.textures.animations.tracking.SpriteAtlasTextureMixin
[17:17:01] [main/WARN] (mixin) Error loading class: net/minecraft/world/level/block/LeavesBlock (java.lang.ClassNotFoundException: net.minecraft.world.level.block.LeavesBlock)
[17:17:01] [main/WARN] (mixin) @Mixin target net.minecraft.world.level.block.LeavesBlock was not found embeddium.mixins.json:features.options.render_layers.LeavesBlockMixin
[17:17:01] [main/WARN] (mixin) Error loading class: net/minecraft/client/renderer/block/model/FaceBakery (java.lang.ClassNotFoundException: net.minecraft.client.renderer.block.model.FaceBakery)
[17:17:01] [main/WARN] (mixin) @Mixin target net.minecraft.client.renderer.block.model.FaceBakery was not found embeddium.mixins.json:core.model.quad.BakedQuadFactoryMixin
[17:17:01] [main/WARN] (mixin) Error loading class: net/minecraft/client/renderer/LevelRenderer (java.lang.ClassNotFoundException: net.minecraft.client.renderer.LevelRenderer)
[17:17:01] [main/WARN] (mixin) @Mixin target net.minecraft.client.renderer.LevelRenderer was not found embeddium.mixins.json:features.render.world.clouds.WorldRendererMixin
[17:17:01] [main/WARN] (mixin) Error loading class: net/minecraft/client/gui/GuiGraphics (java.lang.ClassNotFoundException: net.minecraft.client.gui.GuiGraphics)
[17:17:01] [main/WARN] (mixin) @Mixin target net.minecraft.client.gui.GuiGraphics was not found embeddium.mixins.json:features.textures.animations.tracking.DrawContextMixin
[17:17:01] [main/WARN] (mixin) Error loading class: net/minecraft/client/renderer/texture/SpriteContents$FrameInfo (java.lang.ClassNotFoundException: net.minecraft.client.renderer.texture.SpriteContents$FrameInfo)
[17:17:01] [main/WARN] (mixin) @Mixin target net.minecraft.client.renderer.texture.SpriteContents$FrameInfo was not found embeddium.mixins.json:features.textures.animations.tracking.SpriteContentsAnimationFrameAccessor
[17:17:01] [main/WARN] (mixin) Error loading class: net/minecraft/client/renderer/culling/Frustum (java.lang.ClassNotFoundException: net.minecraft.client.renderer.culling.Frustum)
[17:17:01] [main/WARN] (mixin) @Mixin target net.minecraft.client.renderer.culling.Frustum was not found embeddium.mixins.json:core.render.frustum.FrustumMixin
[17:17:01] [main/WARN] (mixin) Error loading class: net/minecraft/world/level/chunk/PalettedContainer (java.lang.ClassNotFoundException: net.minecraft.world.level.chunk.PalettedContainer)
[17:17:01] [main/WARN] (mixin) @Mixin target net.minecraft.world.level.chunk.PalettedContainer was not found embeddium.mixins.json:core.world.chunk.PalettedContainerMixin
[17:17:01] [main/WARN] (mixin) Error loading class: com/mojang/blaze3d/vertex/PoseStack (java.lang.ClassNotFoundException: com.mojang.blaze3d.vertex.PoseStack)
[17:17:01] [main/WARN] (mixin) @Mixin target com.mojang.blaze3d.vertex.PoseStack was not found embeddium.mixins.json:core.render.MatrixStackMixin
[17:17:01] [main/WARN] (mixin) Error loading class: net/minecraft/client/renderer/texture/TextureAtlasSprite (java.lang.ClassNotFoundException: net.minecraft.client.renderer.texture.TextureAtlasSprite)
[17:17:01] [main/WARN] (mixin) @Mixin target net.minecraft.client.renderer.texture.TextureAtlasSprite was not found embeddium.mixins.json:features.textures.animations.tracking.SpriteMixin
[17:17:01] [main/WARN] (mixin) Error loading class: com/mojang/blaze3d/vertex/VertexFormat (java.lang.ClassNotFoundException: com.mojang.blaze3d.vertex.VertexFormat)
[17:17:01] [main/WARN] (mixin) @Mixin target com.mojang.blaze3d.vertex.VertexFormat was not found embeddium.mixins.json:features.render.immediate.buffer_builder.VertexFormatMixin
[17:17:01] [main/WARN] (mixin) Error loading class: net/minecraft/client/resources/model/SimpleBakedModel$Builder (java.lang.ClassNotFoundException: net.minecraft.client.resources.model.SimpleBakedModel$Builder)
[17:17:01] [main/WARN] (mixin) @Mixin target net.minecraft.client.resources.model.SimpleBakedModel$Builder was not found embeddium.mixins.json:core.model.SimpleBakedModelBuilderMixin
[17:17:01] [main/WARN] (mixin) Error loading class: net/minecraft/client/renderer/texture/SpriteContents$Ticker (java.lang.ClassNotFoundException: net.minecraft.client.renderer.texture.SpriteContents$Ticker)
[17:17:01] [main/WARN] (mixin) @Mixin target net.minecraft.client.renderer.texture.SpriteContents$Ticker was not found embeddium.mixins.json:features.textures.animations.tracking.SpriteContentsAnimatorImplMixin
[17:17:01] [main/WARN] (mixin) Error loading class: com/mojang/blaze3d/platform/Window (java.lang.ClassNotFoundException: com.mojang.blaze3d.platform.Window)
[17:17:01] [main/WARN] (mixin) @Mixin target com.mojang.blaze3d.platform.Window was not found embeddium.mixins.json:workarounds.context_creation.WindowMixin
[17:17:01] [main/WARN] (mixin) Error loading class: com/mojang/blaze3d/platform/NativeImage (java.lang.ClassNotFoundException: com.mojang.blaze3d.platform.NativeImage)
[17:17:01] [main/WARN] (mixin) @Mixin target com.mojang.blaze3d.platform.NativeImage was not found embeddium.mixins.json:features.textures.NativeImageAccessor
[17:17:01] [main/WARN] (mixin) Error loading class: net/minecraft/core/Direction (java.lang.ClassNotFoundException: net.minecraft.core.Direction)
[17:17:01] [main/WARN] (mixin) @Mixin target net.minecraft.core.Direction was not found embeddium.mixins.json:features.render.immediate.DirectionMixin
[17:17:01] [main/WARN] (mixin) Error loading class: net/minecraft/client/gui/screens/ReceivingLevelScreen (java.lang.ClassNotFoundException: net.minecraft.client.gui.screens.ReceivingLevelScreen)
[17:17:01] [main/WARN] (mixin) @Mixin target net.minecraft.client.gui.screens.ReceivingLevelScreen was not found embeddium.mixins.json:core.gui.DownloadingTerrainScreenMixin
[17:17:01] [main/WARN] (mixin) Error loading class: net/minecraft/client/resources/model/SimpleBakedModel (java.lang.ClassNotFoundException: net.minecraft.client.resources.model.SimpleBakedModel)
[17:17:01] [main/WARN] (mixin) @Mixin target net.minecraft.client.resources.model.SimpleBakedModel was not found embeddium.mixins.json:features.model.SimpleBakedModelAccessor
[17:17:01] [main/WARN] (mixin) Error loading class: net/minecraft/client/multiplayer/ClientLevel (java.lang.ClassNotFoundException: net.minecraft.client.multiplayer.ClientLevel)
[17:17:01] [main/WARN] (mixin) @Mixin target net.minecraft.client.multiplayer.ClientLevel was not found embeddium.mixins.json:core.world.biome.ClientWorldMixin
[17:17:01] [main/WARN] (mixin) Error loading class: net/minecraft/client/multiplayer/ClientLevel (java.lang.ClassNotFoundException: net.minecraft.client.multiplayer.ClientLevel)
[17:17:01] [main/WARN] (mixin) @Mixin target net.minecraft.client.multiplayer.ClientLevel was not found embeddium.mixins.json:core.world.map.ClientWorldMixin
[17:17:01] [main/WARN] (mixin) Error loading class: net/minecraft/client/renderer/texture/MipmapGenerator (java.lang.ClassNotFoundException: net.minecraft.client.renderer.texture.MipmapGenerator)
[17:17:01] [main/WARN] (mixin) @Mixin target net.minecraft.client.renderer.texture.MipmapGenerator was not found embeddium.mixins.json:features.textures.mipmaps.MipmapHelperMixin
[17:17:01] [main/WARN] (mixin) Error loading class: net/minecraft/client/renderer/texture/SpriteContents (java.lang.ClassNotFoundException: net.minecraft.client.renderer.texture.SpriteContents)
[17:17:01] [main/WARN] (mixin) @Mixin target net.minecraft.client.renderer.texture.SpriteContents was not found embeddium.mixins.json:features.textures.mipmaps.SpriteContentsMixin
[17:17:01] [main/WARN] (mixin) Error loading class: net/minecraft/client/renderer/texture/SpriteContents (java.lang.ClassNotFoundException: net.minecraft.client.renderer.texture.SpriteContents)
[17:17:01] [main/WARN] (mixin) @Mixin target net.minecraft.client.renderer.texture.SpriteContents was not found embeddium.mixins.json:features.textures.animations.tracking.SpriteContentsMixin
[17:17:01] [main/WARN] (mixin) Error loading class: net/minecraft/client/renderer/texture/SpriteContents$Ticker (java.lang.ClassNotFoundException: net.minecraft.client.renderer.texture.SpriteContents$Ticker)
[17:17:01] [main/WARN] (mixin) @Mixin target net.minecraft.client.renderer.texture.SpriteContents$Ticker was not found embeddium.mixins.json:features.textures.animations.upload.SpriteContentsAnimatorImplAccessor
[17:17:01] [main/WARN] (mixin) Error loading class: net/minecraft/client/renderer/LevelRenderer (java.lang.ClassNotFoundException: net.minecraft.client.renderer.LevelRenderer)
[17:17:01] [main/WARN] (mixin) @Mixin target net.minecraft.client.renderer.LevelRenderer was not found embeddium.mixins.json:features.options.weather.WorldRendererMixin
[17:17:01] [main/WARN] (mixin) Error loading class: com/mojang/blaze3d/vertex/BufferBuilder (java.lang.ClassNotFoundException: com.mojang.blaze3d.vertex.BufferBuilder)
[17:17:01] [main/WARN] (mixin) @Mixin target com.mojang.blaze3d.vertex.BufferBuilder was not found embeddium.mixins.json:features.render.immediate.buffer_builder.BufferBuilderMixin
[17:17:01] [main/WARN] (mixin) Error loading class: net/minecraft/client/gui/screens/OptionsScreen (java.lang.ClassNotFoundException: net.minecraft.client.gui.screens.OptionsScreen)
[17:17:01] [main/WARN] (mixin) @Mixin target net.minecraft.client.gui.screens.OptionsScreen was not found embeddium.mixins.json:features.gui.hooks.settings.OptionsScreenMixin
[17:17:01] [main/WARN] (mixin) Error loading class: net/minecraft/client/multiplayer/ClientPacketListener (java.lang.ClassNotFoundException: net.minecraft.client.multiplayer.ClientPacketListener)
[17:17:01] [main/WARN] (mixin) @Mixin target net.minecraft.client.multiplayer.ClientPacketListener was not found embeddium.mixins.json:core.world.map.ClientPlayNetworkHandlerMixin
[17:17:01] [main/WARN] (mixin) Error loading class: net/minecraft/client/renderer/LevelRenderer (java.lang.ClassNotFoundException: net.minecraft.client.renderer.LevelRenderer)
[17:17:01] [main/WARN] (mixin) @Mixin target net.minecraft.client.renderer.LevelRenderer was not found embeddium.mixins.json:features.render.gui.outlines.WorldRendererMixin
[17:17:01] [main/WARN] (mixin) Error loading class: com/mojang/blaze3d/vertex/BufferBuilder (java.lang.ClassNotFoundException: com.mojang.blaze3d.vertex.BufferBuilder)
[17:17:01] [main/WARN] (mixin) @Mixin target com.mojang.blaze3d.vertex.BufferBuilder was not found embeddium.mixins.json:core.render.immediate.consumer.BufferBuilderMixin
[17:17:01] [main/WARN] (mixin) Error loading class: net/minecraft/client/gui/components/DebugScreenOverlay (java.lang.ClassNotFoundException: net.minecraft.client.gui.components.DebugScreenOverlay)
[17:17:01] [main/WARN] (mixin) @Mixin target net.minecraft.client.gui.components.DebugScreenOverlay was not found embeddium.mixins.json:features.gui.hooks.debug.DebugHudMixin
[17:17:01] [main/WARN] (mixin) Error loading class: net/minecraft/client/renderer/ItemBlockRenderTypes (java.lang.ClassNotFoundException: net.minecraft.client.renderer.ItemBlockRenderTypes)
[17:17:01] [main/WARN] (mixin) @Mixin target net.minecraft.client.renderer.ItemBlockRenderTypes was not found embeddium.mixins.json:features.render.model.RenderLayersMixin
[17:17:01] [main/WARN] (mixin) Error loading class: com/mojang/blaze3d/vertex/VertexFormat (java.lang.ClassNotFoundException: com.mojang.blaze3d.vertex.VertexFormat)
[17:17:01] [main/WARN] (mixin) @Mixin target com.mojang.blaze3d.vertex.VertexFormat was not found embeddium.mixins.json:core.render.VertexFormatAccessor
[17:17:01] [main/WARN] (mixin) Error loading class: net/minecraft/client/renderer/ShaderInstance (java.lang.ClassNotFoundException: net.minecraft.client.renderer.ShaderInstance)
[17:17:01] [main/WARN] (mixin) @Mixin target net.minecraft.client.renderer.ShaderInstance was not found embeddium.mixins.json:features.shader.uniform.ShaderProgramMixin
[17:17:01] [main/WARN] (mixin) Error loading class: net/minecraft/client/renderer/texture/SpriteContents (java.lang.ClassNotFoundException: net.minecraft.client.renderer.texture.SpriteContents)
[17:17:01] [main/WARN] (mixin) @Mixin target net.minecraft.client.renderer.texture.SpriteContents was not found embeddium.mixins.json:features.textures.SpriteContentsInvoker
[17:17:01] [main/WARN] (mixin) Error loading class: net/minecraft/client/renderer/block/ModelBlockRenderer (java.lang.ClassNotFoundException: net.minecraft.client.renderer.block.ModelBlockRenderer)
[17:17:01] [main/WARN] (mixin) @Mixin target net.minecraft.client.renderer.block.ModelBlockRenderer was not found embeddium.mixins.json:features.render.model.block.BlockModelRendererMixin
[17:17:01] [main/WARN] (mixin) Error loading class: net/minecraft/client/resources/model/MultiPartBakedModel (java.lang.ClassNotFoundException: net.minecraft.client.resources.model.MultiPartBakedModel)
[17:17:01] [main/WARN] (mixin) @Mixin target net.minecraft.client.resources.model.MultiPartBakedModel was not found embeddium.mixins.json:features.model.MultipartBakedModelMixin
[17:17:01] [main/WARN] (mixin) Error loading class: net/minecraft/client/resources/model/ModelBakery (java.lang.ClassNotFoundException: net.minecraft.client.resources.model.ModelBakery)
[17:17:01] [main/WARN] (mixin) @Mixin target net.minecraft.client.resources.model.ModelBakery was not found embeddium.mixins.json:features.model.ModelBakeryMixin
[17:17:01] [main/WARN] (mixin) Error loading class: net/minecraft/client/renderer/LevelRenderer (java.lang.ClassNotFoundException: net.minecraft.client.renderer.LevelRenderer)
[17:17:01] [main/WARN] (mixin) @Mixin target net.minecraft.client.renderer.LevelRenderer was not found embeddium.mixins.json:core.render.world.WorldRendererMixin
[17:17:01] [main/WARN] (mixin) Error loading class: net/minecraft/util/ZeroBitStorage (java.lang.ClassNotFoundException: net.minecraft.util.ZeroBitStorage)
[17:17:01] [main/WARN] (mixin) @Mixin target net.minecraft.util.ZeroBitStorage was not found embeddium.mixins.json:core.world.chunk.EmptyPaletteStorageMixin
[17:17:01] [main/WARN] (mixin) Error loading class: net/minecraft/util/SimpleBitStorage (java.lang.ClassNotFoundException: net.minecraft.util.SimpleBitStorage)
[17:17:01] [main/WARN] (mixin) @Mixin target net.minecraft.util.SimpleBitStorage was not found embeddium.mixins.json:core.world.chunk.PackedIntegerArrayMixin
[17:17:01] [main/WARN] (mixin) Error loading class: net/minecraft/client/Minecraft (java.lang.ClassNotFoundException: net.minecraft.client.Minecraft)
[17:17:01] [main/WARN] (mixin) @Mixin target net.minecraft.client.Minecraft was not found embeddium.mixins.json:core.render.MinecraftAccessor
[17:17:01] [main/WARN] (mixin) Error loading class: net/minecraft/client/Minecraft (java.lang.ClassNotFoundException: net.minecraft.client.Minecraft)
[17:17:01] [main/WARN] (mixin) @Mixin target net.minecraft.client.Minecraft was not found embeddium.mixins.json:core.MinecraftClientMixin
[17:17:01] [main/WARN] (mixin) Error loading class: net/minecraft/client/renderer/chunk/ChunkRenderDispatcher (java.lang.ClassNotFoundException: net.minecraft.client.renderer.chunk.ChunkRenderDispatcher)
[17:17:01] [main/WARN] (mixin) @Mixin target net.minecraft.client.renderer.chunk.ChunkRenderDispatcher was not found embeddium.mixins.json:core.render.world.ChunkBuilderMixin
[17:17:01] [main/WARN] (mixin) Error loading class: net/minecraft/client/renderer/block/model/BlockElement (java.lang.ClassNotFoundException: net.minecraft.client.renderer.block.model.BlockElement)
[17:17:01] [main/WARN] (mixin) @Mixin target net.minecraft.client.renderer.block.model.BlockElement was not found embeddium.mixins.json:features.model.BlockElementMixin
[17:17:01] [main/WARN] (mixin) Error loading class: net/minecraft/client/renderer/GameRenderer (java.lang.ClassNotFoundException: net.minecraft.client.renderer.GameRenderer)
[17:17:01] [main/WARN] (mixin) @Mixin target net.minecraft.client.renderer.GameRenderer was not found embeddium.mixins.json:features.gui.hooks.console.GameRendererMixin
[17:17:01] [main/WARN] (mixin) Error loading class: net/minecraft/client/renderer/MultiBufferSource$BufferSource (java.lang.ClassNotFoundException: net.minecraft.client.renderer.MultiBufferSource$BufferSource)
[17:17:01] [main/WARN] (mixin) @Mixin target net.minecraft.client.renderer.MultiBufferSource$BufferSource was not found embeddium.mixins.json:features.render.immediate.buffer_builder.fast_delegate.BufferSourceMixin
[17:17:01] [main/WARN] (mixin) Error loading class: net/minecraft/client/resources/model/BakedModel (java.lang.ClassNotFoundException: net.minecraft.client.resources.model.BakedModel)
[17:17:01] [main/WARN] (mixin) @Mixin target net.minecraft.client.resources.model.BakedModel was not found embeddium.mixins.json:core.model.BakedModelMixin
[17:17:01] [main/WARN] (mixin) Error loading class: net/minecraft/client/renderer/SpriteCoordinateExpander (java.lang.ClassNotFoundException: net.minecraft.client.renderer.SpriteCoordinateExpander)
[17:17:01] [main/WARN] (mixin) @Mixin target net.minecraft.client.renderer.SpriteCoordinateExpander was not found embeddium.mixins.json:core.render.immediate.consumer.SpriteTexturedVertexConsumerMixin
[17:17:01] [main/WARN] (mixin) Error loading class: com/mojang/blaze3d/vertex/BufferBuilder (java.lang.ClassNotFoundException: com.mojang.blaze3d.vertex.BufferBuilder)
[17:17:01] [main/WARN] (mixin) @Mixin target com.mojang.blaze3d.vertex.BufferBuilder was not found embeddium.mixins.json:features.render.immediate.buffer_builder.sorting.BufferBuilderMixin
[17:17:01] [main/WARN] (mixin) Error loading class: net/minecraft/client/renderer/texture/SpriteContents$InterpolationData (java.lang.ClassNotFoundException: net.minecraft.client.renderer.texture.SpriteContents$InterpolationData)
[17:17:01] [main/WARN] (mixin) @Mixin target net.minecraft.client.renderer.texture.SpriteContents$InterpolationData was not found embeddium.mixins.json:features.textures.animations.upload.SpriteContentsInterpolationMixin
[17:17:01] [main/WARN] (mixin) Error loading class: com/mojang/blaze3d/vertex/VertexSorting (java.lang.ClassNotFoundException: com.mojang.blaze3d.vertex.VertexSorting)
[17:17:01] [main/WARN] (mixin) @Mixin target com.mojang.blaze3d.vertex.VertexSorting was not found embeddium.mixins.json:features.render.immediate.buffer_builder.sorting.VertexSorterMixin
[17:17:01] [main/WARN] (mixin) Error loading class: com/mojang/blaze3d/vertex/SheetedDecalTextureGenerator (java.lang.ClassNotFoundException: com.mojang.blaze3d.vertex.SheetedDecalTextureGenerator)
[17:17:01] [main/WARN] (mixin) @Mixin target com.mojang.blaze3d.vertex.SheetedDecalTextureGenerator was not found embeddium.mixins.json:core.render.immediate.consumer.OverlayVertexConsumerMixin
[17:17:01] [main/WARN] (mixin) Error loading class: net/minecraft/client/renderer/entity/ItemRenderer (java.lang.ClassNotFoundException: net.minecraft.client.renderer.entity.ItemRenderer)
[17:17:01] [main/WARN] (mixin) @Mixin target net.minecraft.client.renderer.entity.ItemRenderer was not found embeddium.mixins.json:features.render.model.item.ItemRendererMixin
[17:17:01] [main/WARN] (mixin) Error loading class: net/minecraft/client/resources/model/WeightedBakedModel (java.lang.ClassNotFoundException: net.minecraft.client.resources.model.WeightedBakedModel)
[17:17:01] [main/WARN] (mixin) @Mixin target net.minecraft.client.resources.model.WeightedBakedModel was not found embeddium.mixins.json:features.model.WeightedBakedModelMixin
[17:17:01] [main/WARN] (mixin) Error loading class: net/minecraft/client/renderer/block/ModelBlockRenderer (java.lang.ClassNotFoundException: net.minecraft.client.renderer.block.ModelBlockRenderer)
[17:17:01] [main/WARN] (mixin) @Mixin target net.minecraft.client.renderer.block.ModelBlockRenderer was not found embeddium.mixins.json:features.textures.animations.tracking.BlockModelRendererMixin
[17:17:01] [main/WARN] (mixin) Error loading class: net/minecraft/client/renderer/texture/SpriteContents$AnimatedTexture (java.lang.ClassNotFoundException: net.minecraft.client.renderer.texture.SpriteContents$AnimatedTexture)
[17:17:01] [main/WARN] (mixin) @Mixin target net.minecraft.client.renderer.texture.SpriteContents$AnimatedTexture was not found embeddium.mixins.json:features.textures.animations.tracking.SpriteContentsAnimationAccessor
[17:17:01] [main/WARN] (mixin) Error loading class: com/mojang/blaze3d/vertex/VertexBuffer (java.lang.ClassNotFoundException: com.mojang.blaze3d.vertex.VertexBuffer)
[17:17:01] [main/WARN] (mixin) @Mixin target com.mojang.blaze3d.vertex.VertexBuffer was not found embeddium.mixins.json:features.render.immediate.buffer_builder.VertexBufferMixin
[17:17:01] [main/WARN] (mixin) Error loading class: net/minecraft/client/gui/screens/LevelLoadingScreen (java.lang.ClassNotFoundException: net.minecraft.client.gui.screens.LevelLoadingScreen)
[17:17:01] [main/WARN] (mixin) @Mixin target net.minecraft.client.gui.screens.LevelLoadingScreen was not found embeddium.mixins.json:features.gui.screen.LevelLoadingScreenMixin
[17:17:01] [main/WARN] (mixin) Error loading class: net/minecraft/client/renderer/block/model/BakedQuad (java.lang.ClassNotFoundException: net.minecraft.client.renderer.block.model.BakedQuad)
[17:17:01] [main/WARN] (mixin) @Mixin target net.minecraft.client.renderer.block.model.BakedQuad was not found embeddium.mixins.json:core.model.quad.BakedQuadMixin
[17:17:01] [main/WARN] (mixin) Error loading class: net/minecraft/client/renderer/texture/SpriteContents$FrameInfo (java.lang.ClassNotFoundException: net.minecraft.client.renderer.texture.SpriteContents$FrameInfo)
[17:17:01] [main/WARN] (mixin) @Mixin target net.minecraft.client.renderer.texture.SpriteContents$FrameInfo was not found embeddium.mixins.json:features.textures.animations.upload.SpriteContentsAnimationFrameAccessor
[17:17:01] [main/WARN] (mixin) Error loading class: net/minecraft/client/particle/TextureSheetParticle (java.lang.ClassNotFoundException: net.minecraft.client.particle.TextureSheetParticle)
[17:17:01] [main/WARN] (mixin) @Mixin target net.minecraft.client.particle.TextureSheetParticle was not found embeddium.mixins.json:features.textures.animations.tracking.SpriteBillboardParticleMixin
[17:17:01] [main/WARN] (mixin) Error loading class: net/minecraft/client/particle/SingleQuadParticle (java.lang.ClassNotFoundException: net.minecraft.client.particle.SingleQuadParticle)
[17:17:01] [main/WARN] (mixin) @Mixin target net.minecraft.client.particle.SingleQuadParticle was not found embeddium.mixins.json:features.render.particle.BillboardParticleMixin
[17:17:01] [main/WARN] (mixin) Error loading class: com/mojang/blaze3d/vertex/VertexConsumer (java.lang.ClassNotFoundException: com.mojang.blaze3d.vertex.VertexConsumer)
[17:17:01] [main/WARN] (mixin) @Mixin target com.mojang.blaze3d.vertex.VertexConsumer was not found embeddium.mixins.json:features.render.immediate.matrix_stack.VertexConsumerMixin
[17:17:01] [main/WARN] (mixin) Error loading class: net/minecraft/client/renderer/ItemBlockRenderTypes (java.lang.ClassNotFoundException: net.minecraft.client.renderer.ItemBlockRenderTypes)
[17:17:01] [main/WARN] (mixin) @Mixin target net.minecraft.client.renderer.ItemBlockRenderTypes was not found embeddium.mixins.json:features.options.render_layers.RenderLayersMixin
[17:17:01] [main/WARN] (mixin) Error loading class: net/minecraft/client/renderer/texture/SpriteContents$AnimatedTexture (java.lang.ClassNotFoundException: net.minecraft.client.renderer.texture.SpriteContents$AnimatedTexture)
[17:17:01] [main/WARN] (mixin) @Mixin target net.minecraft.client.renderer.texture.SpriteContents$AnimatedTexture was not found embeddium.mixins.json:features.textures.animations.upload.SpriteContentsAnimationAccessor
[17:17:01] [main/WARN] (mixin) Error loading class: com/mojang/blaze3d/vertex/BufferBuilder (java.lang.ClassNotFoundException: com.mojang.blaze3d.vertex.BufferBuilder)
[17:17:01] [main/WARN] (mixin) @Mixin target com.mojang.blaze3d.vertex.BufferBuilder was not found embeddium.mixins.json:features.render.immediate.buffer_builder.intrinsics.BufferBuilderMixin
[17:17:01] [main/WARN] (mixin) Error loading class: net/minecraft/client/gui/components/DebugScreenOverlay (java.lang.ClassNotFoundException: net.minecraft.client.gui.components.DebugScreenOverlay)
[17:17:01] [main/WARN] (mixin) @Mixin target net.minecraft.client.gui.components.DebugScreenOverlay was not found embeddium.mixins.json:features.render.gui.debug.DebugScreenOverlayAccessor
[17:17:01] [main/ERROR] (mixin) embeddium.mixins.json:features.render.gui.debug.ForgeGuiMixin: Super class 'net.minecraft.client.gui.Gui' of features.render.gui.debug.ForgeGuiMixin was not found in the hierarchy of target class 'net/minecraftforge/client/gui/overlay/ForgeGui'
org.spongepowered.asm.mixin.transformer.throwables.InvalidMixinException: Super class 'net.minecraft.client.gui.Gui' of features.render.gui.debug.ForgeGuiMixin was not found in the hierarchy of target class 'net/minecraftforge/client/gui/overlay/ForgeGui'
	at org.spongepowered.asm.mixin.transformer.MixinInfo$SubType$Standard.validate(MixinInfo.java:593) ~[mixin-patched-0.8.5.12.jar:?]
	at org.spongepowered.asm.mixin.transformer.MixinInfo$State.validate(MixinInfo.java:327) ~[mixin-patched-0.8.5.12.jar:?]
	at org.spongepowered.asm.mixin.transformer.MixinInfo.validate(MixinInfo.java:913) ~[mixin-patched-0.8.5.12.jar:?]
	at org.spongepowered.asm.mixin.transformer.MixinConfig.postInitialise(MixinConfig.java:801) ~[mixin-patched-0.8.5.12.jar:?]
	at org.spongepowered.asm.mixin.transformer.MixinProcessor.prepareConfigs(MixinProcessor.java:567) ~[mixin-patched-0.8.5.12.jar:?]
	at org.spongepowered.asm.mixin.transformer.MixinProcessor.select(MixinProcessor.java:462) ~[mixin-patched-0.8.5.12.jar:?]
	at org.spongepowered.asm.mixin.transformer.MixinProcessor.checkSelect(MixinProcessor.java:438) ~[mixin-patched-0.8.5.12.jar:?]
	at org.spongepowered.asm.mixin.transformer.MixinProcessor.applyMixins(MixinProcessor.java:290) ~[mixin-patched-0.8.5.12.jar:?]
	at org.spongepowered.asm.mixin.transformer.MixinTransformer.transformClass(MixinTransformer.java:250) ~[mixin-patched-0.8.5.12.jar:?]
	at org.spongepowered.asm.service.modlauncher.MixinTransformationHandler.processClass(MixinTransformationHandler.java:131) ~[mixin-patched-0.8.5.12.jar:?]
	at org.spongepowered.asm.launch.MixinLaunchPluginLegacy.processClass(MixinLaunchPluginLegacy.java:131) ~[mixin-patched-0.8.5.12.jar:?]
	at cpw.mods.modlauncher.serviceapi.ILaunchPluginService.processClassWithFlags(ILaunchPluginService.java:156) ~[modlauncher-10.0.9.jar:10.0.9+10.0.9+main.dcd20f30]
	at cpw.mods.modlauncher.LaunchPluginHandler.offerClassNodeToPlugins(LaunchPluginHandler.java:88) ~[modlauncher-10.0.9.jar:?]
	at cpw.mods.modlauncher.ClassTransformer.transform(ClassTransformer.java:120) ~[modlauncher-10.0.9.jar:?]
	at cpw.mods.modlauncher.TransformingClassLoader.maybeTransformClassBytes(TransformingClassLoader.java:50) ~[modlauncher-10.0.9.jar:?]
	at cpw.mods.cl.ModuleClassLoader.readerToClass(ModuleClassLoader.java:113) ~[securejarhandler-2.1.10.jar:?]
	at cpw.mods.cl.ModuleClassLoader.lambda$findClass$15(ModuleClassLoader.java:219) ~[securejarhandler-2.1.10.jar:?]
	at cpw.mods.cl.ModuleClassLoader.loadFromModule(ModuleClassLoader.java:229) ~[securejarhandler-2.1.10.jar:?]
	at cpw.mods.cl.ModuleClassLoader.findClass(ModuleClassLoader.java:219) ~[securejarhandler-2.1.10.jar:?]
	at java.lang.ClassLoader.loadClass(ClassLoader.java:637) ~[?:?]
	at java.lang.Class.forName(Class.java:547) ~[?:?]
	at net.minecraftforge.fml.earlydisplay.DisplayWindow.lambda$updateModuleReads$13(DisplayWindow.java:615) ~[fmlearlydisplay-1.20.1-47.4.3.jar%2390!/:1.0]
	at java.util.Optional.map(Optional.java:260) ~[?:?]
	at net.minecraftforge.fml.earlydisplay.DisplayWindow.updateModuleReads(DisplayWindow.java:615) ~[fmlearlydisplay-1.20.1-47.4.3.jar%2390!/:1.0]
	at net.minecraftforge.fml.loading.ImmediateWindowHandler.acceptGameLayer(ImmediateWindowHandler.java:71) ~[fmlloader-1.20.1-47.4.3.jar%2391!/:1.0]
	at net.minecraftforge.fml.loading.FMLLoader.beforeStart(FMLLoader.java:216) ~[fmlloader-1.20.1-47.4.3.jar%2391!/:1.0]
	at net.minecraftforge.fml.loading.targets.CommonLaunchHandler.launchService(CommonLaunchHandler.java:92) ~[fmlloader-1.20.1-47.4.3.jar%2391!/:?]
	at cpw.mods.modlauncher.LaunchServiceHandlerDecorator.launch(LaunchServiceHandlerDecorator.java:30) ~[modlauncher-10.0.9.jar%2395!/:?]
	at cpw.mods.modlauncher.LaunchServiceHandler.launch(LaunchServiceHandler.java:53) ~[modlauncher-10.0.9.jar%2395!/:?]
	at cpw.mods.modlauncher.LaunchServiceHandler.launch(LaunchServiceHandler.java:71) ~[modlauncher-10.0.9.jar%2395!/:?]
	at cpw.mods.modlauncher.Launcher.run(Launcher.java:108) ~[modlauncher-10.0.9.jar%2395!/:?]
	at cpw.mods.modlauncher.Launcher.main(Launcher.java:78) ~[modlauncher-10.0.9.jar%2395!/:?]
	at cpw.mods.modlauncher.BootstrapLaunchConsumer.accept(BootstrapLaunchConsumer.java:26) ~[modlauncher-10.0.9.jar%2395!/:?]
	at cpw.mods.modlauncher.BootstrapLaunchConsumer.accept(BootstrapLaunchConsumer.java:23) ~[modlauncher-10.0.9.jar%2395!/:?]
	at cpw.mods.bootstraplauncher.BootstrapLauncher.main(BootstrapLauncher.java:141) ~[?:?]
	at net.fabricmc.devlaunchinjector.Main.main(Main.java:86) ~[dev-launch-injector-0.2.1+build.8.jar%23179!/:?]
[17:17:01] [main/WARN] (mixin) Error loading class: net/minecraft/world/level/biome/BiomeSpecialEffects$GrassColorModifier (java.lang.ClassNotFoundException: net.minecraft.world.level.biome.BiomeSpecialEffects$GrassColorModifier)
[17:17:01] [main/WARN] (mixin) Error loading class: net/minecraft/world/level/biome/Biome$ClimateSettings (java.lang.ClassNotFoundException: net.minecraft.world.level.biome.Biome$ClimateSettings)
[17:17:01] [main/WARN] (mixin) Error loading class: com/mojang/blaze3d/vertex/DefaultedVertexConsumer (java.lang.ClassNotFoundException: com.mojang.blaze3d.vertex.DefaultedVertexConsumer)
[17:17:01] [main/ERROR] (mixin) Cannot invoke "org.spongepowered.asm.mixin.transformer.ClassInfo.isMixin()" because "superClass" is null
java.lang.NullPointerException: Cannot invoke "org.spongepowered.asm.mixin.transformer.ClassInfo.isMixin()" because "superClass" is null
	at org.spongepowered.asm.mixin.transformer.MixinInfo$SubType$Standard.validate(MixinInfo.java:581) ~[mixin-patched-0.8.5.12.jar:?]
	at org.spongepowered.asm.mixin.transformer.MixinInfo$State.validate(MixinInfo.java:327) ~[mixin-patched-0.8.5.12.jar:?]
	at org.spongepowered.asm.mixin.transformer.MixinInfo.validate(MixinInfo.java:913) ~[mixin-patched-0.8.5.12.jar:?]
	at org.spongepowered.asm.mixin.transformer.MixinConfig.postInitialise(MixinConfig.java:801) ~[mixin-patched-0.8.5.12.jar:?]
	at org.spongepowered.asm.mixin.transformer.MixinProcessor.prepareConfigs(MixinProcessor.java:567) ~[mixin-patched-0.8.5.12.jar:?]
	at org.spongepowered.asm.mixin.transformer.MixinProcessor.select(MixinProcessor.java:462) ~[mixin-patched-0.8.5.12.jar:?]
	at org.spongepowered.asm.mixin.transformer.MixinProcessor.checkSelect(MixinProcessor.java:438) ~[mixin-patched-0.8.5.12.jar:?]
	at org.spongepowered.asm.mixin.transformer.MixinProcessor.applyMixins(MixinProcessor.java:290) ~[mixin-patched-0.8.5.12.jar:?]
	at org.spongepowered.asm.mixin.transformer.MixinTransformer.transformClass(MixinTransformer.java:250) ~[mixin-patched-0.8.5.12.jar:?]
	at org.spongepowered.asm.service.modlauncher.MixinTransformationHandler.processClass(MixinTransformationHandler.java:131) ~[mixin-patched-0.8.5.12.jar:?]
	at org.spongepowered.asm.launch.MixinLaunchPluginLegacy.processClass(MixinLaunchPluginLegacy.java:131) ~[mixin-patched-0.8.5.12.jar:?]
	at cpw.mods.modlauncher.serviceapi.ILaunchPluginService.processClassWithFlags(ILaunchPluginService.java:156) ~[modlauncher-10.0.9.jar:10.0.9+10.0.9+main.dcd20f30]
	at cpw.mods.modlauncher.LaunchPluginHandler.offerClassNodeToPlugins(LaunchPluginHandler.java:88) ~[modlauncher-10.0.9.jar:?]
	at cpw.mods.modlauncher.ClassTransformer.transform(ClassTransformer.java:120) ~[modlauncher-10.0.9.jar:?]
	at cpw.mods.modlauncher.TransformingClassLoader.maybeTransformClassBytes(TransformingClassLoader.java:50) ~[modlauncher-10.0.9.jar:?]
	at cpw.mods.cl.ModuleClassLoader.readerToClass(ModuleClassLoader.java:113) ~[securejarhandler-2.1.10.jar:?]
	at cpw.mods.cl.ModuleClassLoader.lambda$findClass$15(ModuleClassLoader.java:219) ~[securejarhandler-2.1.10.jar:?]
	at cpw.mods.cl.ModuleClassLoader.loadFromModule(ModuleClassLoader.java:229) ~[securejarhandler-2.1.10.jar:?]
	at cpw.mods.cl.ModuleClassLoader.findClass(ModuleClassLoader.java:219) ~[securejarhandler-2.1.10.jar:?]
	at java.lang.ClassLoader.loadClass(ClassLoader.java:637) ~[?:?]
	at java.lang.Class.forName(Class.java:547) ~[?:?]
	at net.minecraftforge.fml.earlydisplay.DisplayWindow.lambda$updateModuleReads$13(DisplayWindow.java:615) ~[fmlearlydisplay-1.20.1-47.4.3.jar%2390!/:1.0]
	at java.util.Optional.map(Optional.java:260) ~[?:?]
	at net.minecraftforge.fml.earlydisplay.DisplayWindow.updateModuleReads(DisplayWindow.java:615) ~[fmlearlydisplay-1.20.1-47.4.3.jar%2390!/:1.0]
	at net.minecraftforge.fml.loading.ImmediateWindowHandler.acceptGameLayer(ImmediateWindowHandler.java:71) ~[fmlloader-1.20.1-47.4.3.jar%2391!/:1.0]
	at net.minecraftforge.fml.loading.FMLLoader.beforeStart(FMLLoader.java:216) ~[fmlloader-1.20.1-47.4.3.jar%2391!/:1.0]
	at net.minecraftforge.fml.loading.targets.CommonLaunchHandler.launchService(CommonLaunchHandler.java:92) ~[fmlloader-1.20.1-47.4.3.jar%2391!/:?]
	at cpw.mods.modlauncher.LaunchServiceHandlerDecorator.launch(LaunchServiceHandlerDecorator.java:30) ~[modlauncher-10.0.9.jar%2395!/:?]
	at cpw.mods.modlauncher.LaunchServiceHandler.launch(LaunchServiceHandler.java:53) ~[modlauncher-10.0.9.jar%2395!/:?]
	at cpw.mods.modlauncher.LaunchServiceHandler.launch(LaunchServiceHandler.java:71) ~[modlauncher-10.0.9.jar%2395!/:?]
	at cpw.mods.modlauncher.Launcher.run(Launcher.java:108) ~[modlauncher-10.0.9.jar%2395!/:?]
	at cpw.mods.modlauncher.Launcher.main(Launcher.java:78) ~[modlauncher-10.0.9.jar%2395!/:?]
	at cpw.mods.modlauncher.BootstrapLaunchConsumer.accept(BootstrapLaunchConsumer.java:26) ~[modlauncher-10.0.9.jar%2395!/:?]
	at cpw.mods.modlauncher.BootstrapLaunchConsumer.accept(BootstrapLaunchConsumer.java:23) ~[modlauncher-10.0.9.jar%2395!/:?]
	at cpw.mods.bootstraplauncher.BootstrapLauncher.main(BootstrapLauncher.java:141) ~[?:?]
	at net.fabricmc.devlaunchinjector.Main.main(Main.java:86) ~[dev-launch-injector-0.2.1+build.8.jar%23179!/:?]
[17:17:01] [main/WARN] (mixin) Error loading class: net/minecraft/core/Direction$Axis (java.lang.ClassNotFoundException: net.minecraft.core.Direction$Axis)
[17:17:01] [main/WARN] (mixin) Error loading class: net/minecraft/world/level/levelgen/structure/templatesystem/StructureTemplate$StructureBlockInfo (java.lang.ClassNotFoundException: net.minecraft.world.level.levelgen.structure.templatesystem.StructureTemplate$StructureBlockInfo)
[17:17:01] [main/WARN] (mixin) Error loading class: net/minecraft/world/level/levelgen/structure/templatesystem/StructureTemplate$StructureBlockInfo (java.lang.ClassNotFoundException: net.minecraft.world.level.levelgen.structure.templatesystem.StructureTemplate$StructureBlockInfo)
[17:17:01] [main/WARN] (mixin) Error loading class: net/minecraft/data/HashCache$ProviderCache (java.lang.ClassNotFoundException: net.minecraft.data.HashCache$ProviderCache)
[17:17:01] [main/WARN] (mixin) Error loading class: com/mojang/blaze3d/platform/GlStateManager$BlendState (java.lang.ClassNotFoundException: com.mojang.blaze3d.platform.GlStateManager$BlendState)
[17:17:01] [main/WARN] (mixin) Error loading class: com/mojang/blaze3d/platform/GlStateManager$DepthState (java.lang.ClassNotFoundException: com.mojang.blaze3d.platform.GlStateManager$DepthState)
[17:17:01] [main/WARN] (mixin) Error loading class: com/mojang/blaze3d/platform/GlStateManager$TextureState (java.lang.ClassNotFoundException: com.mojang.blaze3d.platform.GlStateManager$TextureState)
[17:17:01] [main/WARN] (mixin) Error loading class: net/minecraft/world/level/biome/Biome$ClimateSettings (java.lang.ClassNotFoundException: net.minecraft.world.level.biome.Biome$ClimateSettings)
[17:17:01] [main/WARN] (mixin) Error loading class: net/minecraft/client/particle/SimpleAnimatedParticle (java.lang.ClassNotFoundException: net.minecraft.client.particle.SimpleAnimatedParticle)
[17:17:01] [main/ERROR] (mixin) Cannot invoke "org.spongepowered.asm.mixin.transformer.ClassInfo.isMixin()" because "superClass" is null
java.lang.NullPointerException: Cannot invoke "org.spongepowered.asm.mixin.transformer.ClassInfo.isMixin()" because "superClass" is null
	at org.spongepowered.asm.mixin.transformer.MixinInfo$SubType$Standard.validate(MixinInfo.java:581) ~[mixin-patched-0.8.5.12.jar:?]
	at org.spongepowered.asm.mixin.transformer.MixinInfo$State.validate(MixinInfo.java:327) ~[mixin-patched-0.8.5.12.jar:?]
	at org.spongepowered.asm.mixin.transformer.MixinInfo.validate(MixinInfo.java:913) ~[mixin-patched-0.8.5.12.jar:?]
	at org.spongepowered.asm.mixin.transformer.MixinConfig.postInitialise(MixinConfig.java:801) ~[mixin-patched-0.8.5.12.jar:?]
	at org.spongepowered.asm.mixin.transformer.MixinProcessor.prepareConfigs(MixinProcessor.java:567) ~[mixin-patched-0.8.5.12.jar:?]
	at org.spongepowered.asm.mixin.transformer.MixinProcessor.select(MixinProcessor.java:462) ~[mixin-patched-0.8.5.12.jar:?]
	at org.spongepowered.asm.mixin.transformer.MixinProcessor.checkSelect(MixinProcessor.java:438) ~[mixin-patched-0.8.5.12.jar:?]
	at org.spongepowered.asm.mixin.transformer.MixinProcessor.applyMixins(MixinProcessor.java:290) ~[mixin-patched-0.8.5.12.jar:?]
	at org.spongepowered.asm.mixin.transformer.MixinTransformer.transformClass(MixinTransformer.java:250) ~[mixin-patched-0.8.5.12.jar:?]
	at org.spongepowered.asm.service.modlauncher.MixinTransformationHandler.processClass(MixinTransformationHandler.java:131) ~[mixin-patched-0.8.5.12.jar:?]
	at org.spongepowered.asm.launch.MixinLaunchPluginLegacy.processClass(MixinLaunchPluginLegacy.java:131) ~[mixin-patched-0.8.5.12.jar:?]
	at cpw.mods.modlauncher.serviceapi.ILaunchPluginService.processClassWithFlags(ILaunchPluginService.java:156) ~[modlauncher-10.0.9.jar:10.0.9+10.0.9+main.dcd20f30]
	at cpw.mods.modlauncher.LaunchPluginHandler.offerClassNodeToPlugins(LaunchPluginHandler.java:88) ~[modlauncher-10.0.9.jar:?]
	at cpw.mods.modlauncher.ClassTransformer.transform(ClassTransformer.java:120) ~[modlauncher-10.0.9.jar:?]
	at cpw.mods.modlauncher.TransformingClassLoader.maybeTransformClassBytes(TransformingClassLoader.java:50) ~[modlauncher-10.0.9.jar:?]
	at cpw.mods.cl.ModuleClassLoader.readerToClass(ModuleClassLoader.java:113) ~[securejarhandler-2.1.10.jar:?]
	at cpw.mods.cl.ModuleClassLoader.lambda$findClass$15(ModuleClassLoader.java:219) ~[securejarhandler-2.1.10.jar:?]
	at cpw.mods.cl.ModuleClassLoader.loadFromModule(ModuleClassLoader.java:229) ~[securejarhandler-2.1.10.jar:?]
	at cpw.mods.cl.ModuleClassLoader.findClass(ModuleClassLoader.java:219) ~[securejarhandler-2.1.10.jar:?]
	at java.lang.ClassLoader.loadClass(ClassLoader.java:637) ~[?:?]
	at java.lang.Class.forName(Class.java:547) ~[?:?]
	at net.minecraftforge.fml.earlydisplay.DisplayWindow.lambda$updateModuleReads$13(DisplayWindow.java:615) ~[fmlearlydisplay-1.20.1-47.4.3.jar%2390!/:1.0]
	at java.util.Optional.map(Optional.java:260) ~[?:?]
	at net.minecraftforge.fml.earlydisplay.DisplayWindow.updateModuleReads(DisplayWindow.java:615) ~[fmlearlydisplay-1.20.1-47.4.3.jar%2390!/:1.0]
	at net.minecraftforge.fml.loading.ImmediateWindowHandler.acceptGameLayer(ImmediateWindowHandler.java:71) ~[fmlloader-1.20.1-47.4.3.jar%2391!/:1.0]
	at net.minecraftforge.fml.loading.FMLLoader.beforeStart(FMLLoader.java:216) ~[fmlloader-1.20.1-47.4.3.jar%2391!/:1.0]
	at net.minecraftforge.fml.loading.targets.CommonLaunchHandler.launchService(CommonLaunchHandler.java:92) ~[fmlloader-1.20.1-47.4.3.jar%2391!/:?]
	at cpw.mods.modlauncher.LaunchServiceHandlerDecorator.launch(LaunchServiceHandlerDecorator.java:30) ~[modlauncher-10.0.9.jar%2395!/:?]
	at cpw.mods.modlauncher.LaunchServiceHandler.launch(LaunchServiceHandler.java:53) ~[modlauncher-10.0.9.jar%2395!/:?]
	at cpw.mods.modlauncher.LaunchServiceHandler.launch(LaunchServiceHandler.java:71) ~[modlauncher-10.0.9.jar%2395!/:?]
	at cpw.mods.modlauncher.Launcher.run(Launcher.java:108) ~[modlauncher-10.0.9.jar%2395!/:?]
	at cpw.mods.modlauncher.Launcher.main(Launcher.java:78) ~[modlauncher-10.0.9.jar%2395!/:?]
	at cpw.mods.modlauncher.BootstrapLaunchConsumer.accept(BootstrapLaunchConsumer.java:26) ~[modlauncher-10.0.9.jar%2395!/:?]
	at cpw.mods.modlauncher.BootstrapLaunchConsumer.accept(BootstrapLaunchConsumer.java:23) ~[modlauncher-10.0.9.jar%2395!/:?]
	at cpw.mods.bootstraplauncher.BootstrapLauncher.main(BootstrapLauncher.java:141) ~[?:?]
	at net.fabricmc.devlaunchinjector.Main.main(Main.java:86) ~[dev-launch-injector-0.2.1+build.8.jar%23179!/:?]
[17:17:01] [main/WARN] (mixin) Error loading class: net/minecraft/client/renderer/chunk/ChunkRenderDispatcher$RenderChunk (java.lang.ClassNotFoundException: net.minecraft.client.renderer.chunk.ChunkRenderDispatcher$RenderChunk)
[17:17:01] [main/WARN] (mixin) Error loading class: net/minecraft/client/renderer/chunk/ChunkRenderDispatcher$RenderChunk$RebuildTask (java.lang.ClassNotFoundException: net.minecraft.client.renderer.chunk.ChunkRenderDispatcher$RenderChunk$RebuildTask)
[17:17:01] [main/WARN] (mixin) Error loading class: net/minecraft/client/renderer/chunk/ChunkRenderDispatcher$RenderChunk$RebuildTask$CompileResults (java.lang.ClassNotFoundException: net.minecraft.client.renderer.chunk.ChunkRenderDispatcher$RenderChunk$RebuildTask$CompileResults)
[17:17:01] [main/WARN] (mixin) Error loading class: net/minecraft/core/BlockPos$MutableBlockPos (java.lang.ClassNotFoundException: net.minecraft.core.BlockPos$MutableBlockPos)
[17:17:01] [main/WARN] (mixin) Error loading class: com/mojang/blaze3d/vertex/VertexFormat$Mode (java.lang.ClassNotFoundException: com.mojang.blaze3d.vertex.VertexFormat$Mode)
[17:17:01] [main/WARN] (mixin) Error loading class: com/mojang/blaze3d/vertex/VertexBuffer$Usage (java.lang.ClassNotFoundException: com.mojang.blaze3d.vertex.VertexBuffer$Usage)
[17:17:01] [main/WARN] (mixin) Error loading class: com/mojang/blaze3d/vertex/BufferBuilder$RenderedBuffer (java.lang.ClassNotFoundException: com.mojang.blaze3d.vertex.BufferBuilder$RenderedBuffer)
[17:17:01] [main/WARN] (mixin) Error loading class: net/minecraft/client/renderer/FogRenderer$FogData (java.lang.ClassNotFoundException: net.minecraft.client.renderer.FogRenderer$FogData)
[17:17:01] [main/WARN] (mixin) Error loading class: com/mojang/blaze3d/vertex/PoseStack$Pose (java.lang.ClassNotFoundException: com.mojang.blaze3d.vertex.PoseStack$Pose)
[17:17:01] [main/WARN] (mixin) Error loading class: com/mojang/blaze3d/platform/GlStateManager$SourceFactor (java.lang.ClassNotFoundException: com.mojang.blaze3d.platform.GlStateManager$SourceFactor)
[17:17:01] [main/WARN] (mixin) Error loading class: com/mojang/blaze3d/platform/GlStateManager$DestFactor (java.lang.ClassNotFoundException: com.mojang.blaze3d.platform.GlStateManager$DestFactor)
[17:17:01] [main/WARN] (mixin) Error loading class: net/minecraft/core/Holder$Reference (java.lang.ClassNotFoundException: net.minecraft.core.Holder$Reference)
[17:17:01] [main/WARN] (mixin) Error loading class: net/minecraft/client/renderer/MultiBufferSource$BufferSource (java.lang.ClassNotFoundException: net.minecraft.client.renderer.MultiBufferSource$BufferSource)
[17:17:01] [main/WARN] (mixin) Error loading class: net/minecraft/client/renderer/MultiBufferSource$BufferSource (java.lang.ClassNotFoundException: net.minecraft.client.renderer.MultiBufferSource$BufferSource)
[17:17:01] [main/WARN] (mixin) Error loading class: com/mojang/blaze3d/vertex/VertexFormat$Mode (java.lang.ClassNotFoundException: com.mojang.blaze3d.vertex.VertexFormat$Mode)
[17:17:01] [main/WARN] (mixin) Error loading class: com/mojang/blaze3d/vertex/PoseStack$Pose (java.lang.ClassNotFoundException: com.mojang.blaze3d.vertex.PoseStack$Pose)
[17:17:01] [main/WARN] (mixin) Error loading class: net/minecraft/server/packs/PackResources$ResourceOutput (java.lang.ClassNotFoundException: net.minecraft.server.packs.PackResources$ResourceOutput)
[17:17:01] [main/WARN] (mixin) Error loading class: com/mojang/blaze3d/vertex/PoseStack$Pose (java.lang.ClassNotFoundException: com.mojang.blaze3d.vertex.PoseStack$Pose)
[17:17:01] [main/WARN] (mixin) Error loading class: net/minecraft/server/MinecraftServer$ReloadableResources (java.lang.ClassNotFoundException: net.minecraft.server.MinecraftServer$ReloadableResources)
[17:17:01] [main/WARN] (mixin) Error loading class: net/minecraft/client/gui/screens/LoadingOverlay (java.lang.ClassNotFoundException: net.minecraft.client.gui.screens.LoadingOverlay)
[17:17:01] [main/ERROR] (mixin) Cannot invoke "org.spongepowered.asm.mixin.transformer.ClassInfo.isMixin()" because "superClass" is null
java.lang.NullPointerException: Cannot invoke "org.spongepowered.asm.mixin.transformer.ClassInfo.isMixin()" because "superClass" is null
	at org.spongepowered.asm.mixin.transformer.MixinInfo$SubType$Standard.validate(MixinInfo.java:581) ~[mixin-patched-0.8.5.12.jar:?]
	at org.spongepowered.asm.mixin.transformer.MixinInfo$State.validate(MixinInfo.java:327) ~[mixin-patched-0.8.5.12.jar:?]
	at org.spongepowered.asm.mixin.transformer.MixinInfo.validate(MixinInfo.java:913) ~[mixin-patched-0.8.5.12.jar:?]
	at org.spongepowered.asm.mixin.transformer.MixinConfig.postInitialise(MixinConfig.java:801) ~[mixin-patched-0.8.5.12.jar:?]
	at org.spongepowered.asm.mixin.transformer.MixinProcessor.prepareConfigs(MixinProcessor.java:567) ~[mixin-patched-0.8.5.12.jar:?]
	at org.spongepowered.asm.mixin.transformer.MixinProcessor.select(MixinProcessor.java:462) ~[mixin-patched-0.8.5.12.jar:?]
	at org.spongepowered.asm.mixin.transformer.MixinProcessor.checkSelect(MixinProcessor.java:438) ~[mixin-patched-0.8.5.12.jar:?]
	at org.spongepowered.asm.mixin.transformer.MixinProcessor.applyMixins(MixinProcessor.java:290) ~[mixin-patched-0.8.5.12.jar:?]
	at org.spongepowered.asm.mixin.transformer.MixinTransformer.transformClass(MixinTransformer.java:250) ~[mixin-patched-0.8.5.12.jar:?]
	at org.spongepowered.asm.service.modlauncher.MixinTransformationHandler.processClass(MixinTransformationHandler.java:131) ~[mixin-patched-0.8.5.12.jar:?]
	at org.spongepowered.asm.launch.MixinLaunchPluginLegacy.processClass(MixinLaunchPluginLegacy.java:131) ~[mixin-patched-0.8.5.12.jar:?]
	at cpw.mods.modlauncher.serviceapi.ILaunchPluginService.processClassWithFlags(ILaunchPluginService.java:156) ~[modlauncher-10.0.9.jar:10.0.9+10.0.9+main.dcd20f30]
	at cpw.mods.modlauncher.LaunchPluginHandler.offerClassNodeToPlugins(LaunchPluginHandler.java:88) ~[modlauncher-10.0.9.jar:?]
	at cpw.mods.modlauncher.ClassTransformer.transform(ClassTransformer.java:120) ~[modlauncher-10.0.9.jar:?]
	at cpw.mods.modlauncher.TransformingClassLoader.maybeTransformClassBytes(TransformingClassLoader.java:50) ~[modlauncher-10.0.9.jar:?]
	at cpw.mods.cl.ModuleClassLoader.readerToClass(ModuleClassLoader.java:113) ~[securejarhandler-2.1.10.jar:?]
	at cpw.mods.cl.ModuleClassLoader.lambda$findClass$15(ModuleClassLoader.java:219) ~[securejarhandler-2.1.10.jar:?]
	at cpw.mods.cl.ModuleClassLoader.loadFromModule(ModuleClassLoader.java:229) ~[securejarhandler-2.1.10.jar:?]
	at cpw.mods.cl.ModuleClassLoader.findClass(ModuleClassLoader.java:219) ~[securejarhandler-2.1.10.jar:?]
	at java.lang.ClassLoader.loadClass(ClassLoader.java:637) ~[?:?]
	at java.lang.Class.forName(Class.java:547) ~[?:?]
	at net.minecraftforge.fml.earlydisplay.DisplayWindow.lambda$updateModuleReads$13(DisplayWindow.java:615) ~[fmlearlydisplay-1.20.1-47.4.3.jar%2390!/:1.0]
	at java.util.Optional.map(Optional.java:260) ~[?:?]
	at net.minecraftforge.fml.earlydisplay.DisplayWindow.updateModuleReads(DisplayWindow.java:615) ~[fmlearlydisplay-1.20.1-47.4.3.jar%2390!/:1.0]
	at net.minecraftforge.fml.loading.ImmediateWindowHandler.acceptGameLayer(ImmediateWindowHandler.java:71) ~[fmlloader-1.20.1-47.4.3.jar%2391!/:1.0]
	at net.minecraftforge.fml.loading.FMLLoader.beforeStart(FMLLoader.java:216) ~[fmlloader-1.20.1-47.4.3.jar%2391!/:1.0]
	at net.minecraftforge.fml.loading.targets.CommonLaunchHandler.launchService(CommonLaunchHandler.java:92) ~[fmlloader-1.20.1-47.4.3.jar%2391!/:?]
	at cpw.mods.modlauncher.LaunchServiceHandlerDecorator.launch(LaunchServiceHandlerDecorator.java:30) ~[modlauncher-10.0.9.jar%2395!/:?]
	at cpw.mods.modlauncher.LaunchServiceHandler.launch(LaunchServiceHandler.java:53) ~[modlauncher-10.0.9.jar%2395!/:?]
	at cpw.mods.modlauncher.LaunchServiceHandler.launch(LaunchServiceHandler.java:71) ~[modlauncher-10.0.9.jar%2395!/:?]
	at cpw.mods.modlauncher.Launcher.run(Launcher.java:108) ~[modlauncher-10.0.9.jar%2395!/:?]
	at cpw.mods.modlauncher.Launcher.main(Launcher.java:78) ~[modlauncher-10.0.9.jar%2395!/:?]
	at cpw.mods.modlauncher.BootstrapLaunchConsumer.accept(BootstrapLaunchConsumer.java:26) ~[modlauncher-10.0.9.jar%2395!/:?]
	at cpw.mods.modlauncher.BootstrapLaunchConsumer.accept(BootstrapLaunchConsumer.java:23) ~[modlauncher-10.0.9.jar%2395!/:?]
	at cpw.mods.bootstraplauncher.BootstrapLauncher.main(BootstrapLauncher.java:141) ~[?:?]
	at net.fabricmc.devlaunchinjector.Main.main(Main.java:86) ~[dev-launch-injector-0.2.1+build.8.jar%23179!/:?]
[17:17:01] [main/WARN] (mixin) Error loading class: net/minecraft/world/level/levelgen/Heightmap$Types (java.lang.ClassNotFoundException: net.minecraft.world.level.levelgen.Heightmap$Types)
[17:17:01] [main/WARN] (mixin) Error loading class: net/minecraft/core/BlockPos$MutableBlockPos (java.lang.ClassNotFoundException: net.minecraft.core.BlockPos$MutableBlockPos)
[17:17:01] [main/WARN] (mixin) Error loading class: net/minecraft/world/item/ItemStack$TooltipPart (java.lang.ClassNotFoundException: net.minecraft.world.item.ItemStack$TooltipPart)
[17:17:01] [main/WARN] (mixin) Error loading class: net/minecraft/network/FriendlyByteBuf$Reader (java.lang.ClassNotFoundException: net.minecraft.network.FriendlyByteBuf$Reader)
[17:17:01] [main/WARN] (mixin) Error loading class: net/minecraft/network/FriendlyByteBuf$Writer (java.lang.ClassNotFoundException: net.minecraft.network.FriendlyByteBuf$Writer)
[17:17:01] [main/WARN] (mixin) Error loading class: net/minecraft/network/FriendlyByteBuf$Reader (java.lang.ClassNotFoundException: net.minecraft.network.FriendlyByteBuf$Reader)
[17:17:01] [main/WARN] (mixin) Error loading class: net/minecraft/network/FriendlyByteBuf$Writer (java.lang.ClassNotFoundException: net.minecraft.network.FriendlyByteBuf$Writer)
[17:17:01] [main/WARN] (mixin) Error loading class: net/minecraft/network/FriendlyByteBuf$Reader (java.lang.ClassNotFoundException: net.minecraft.network.FriendlyByteBuf$Reader)
[17:17:01] [main/WARN] (mixin) Error loading class: net/minecraft/network/FriendlyByteBuf$Writer (java.lang.ClassNotFoundException: net.minecraft.network.FriendlyByteBuf$Writer)
[17:17:01] [main/WARN] (mixin) Error loading class: net/minecraft/world/level/block/entity/BlockEntity (java.lang.ClassNotFoundException: net.minecraft.world.level.block.entity.BlockEntity)
[17:17:01] [main/WARN] (mixin) Error loading class: net/minecraft/world/level/block/entity/BlockEntity (java.lang.ClassNotFoundException: net.minecraft.world.level.block.entity.BlockEntity)
[17:17:01] [main/ERROR] (mixin) Cannot invoke "org.spongepowered.asm.mixin.transformer.ClassInfo.isMixin()" because "superClass" is null
java.lang.NullPointerException: Cannot invoke "org.spongepowered.asm.mixin.transformer.ClassInfo.isMixin()" because "superClass" is null
	at org.spongepowered.asm.mixin.transformer.MixinInfo$SubType$Standard.validate(MixinInfo.java:581) ~[mixin-patched-0.8.5.12.jar:?]
	at org.spongepowered.asm.mixin.transformer.MixinInfo$State.validate(MixinInfo.java:327) ~[mixin-patched-0.8.5.12.jar:?]
	at org.spongepowered.asm.mixin.transformer.MixinInfo.validate(MixinInfo.java:913) ~[mixin-patched-0.8.5.12.jar:?]
	at org.spongepowered.asm.mixin.transformer.MixinConfig.postInitialise(MixinConfig.java:801) ~[mixin-patched-0.8.5.12.jar:?]
	at org.spongepowered.asm.mixin.transformer.MixinProcessor.prepareConfigs(MixinProcessor.java:567) ~[mixin-patched-0.8.5.12.jar:?]
	at org.spongepowered.asm.mixin.transformer.MixinProcessor.select(MixinProcessor.java:462) ~[mixin-patched-0.8.5.12.jar:?]
	at org.spongepowered.asm.mixin.transformer.MixinProcessor.checkSelect(MixinProcessor.java:438) ~[mixin-patched-0.8.5.12.jar:?]
	at org.spongepowered.asm.mixin.transformer.MixinProcessor.applyMixins(MixinProcessor.java:290) ~[mixin-patched-0.8.5.12.jar:?]
	at org.spongepowered.asm.mixin.transformer.MixinTransformer.transformClass(MixinTransformer.java:250) ~[mixin-patched-0.8.5.12.jar:?]
	at org.spongepowered.asm.service.modlauncher.MixinTransformationHandler.processClass(MixinTransformationHandler.java:131) ~[mixin-patched-0.8.5.12.jar:?]
	at org.spongepowered.asm.launch.MixinLaunchPluginLegacy.processClass(MixinLaunchPluginLegacy.java:131) ~[mixin-patched-0.8.5.12.jar:?]
	at cpw.mods.modlauncher.serviceapi.ILaunchPluginService.processClassWithFlags(ILaunchPluginService.java:156) ~[modlauncher-10.0.9.jar:10.0.9+10.0.9+main.dcd20f30]
	at cpw.mods.modlauncher.LaunchPluginHandler.offerClassNodeToPlugins(LaunchPluginHandler.java:88) ~[modlauncher-10.0.9.jar:?]
	at cpw.mods.modlauncher.ClassTransformer.transform(ClassTransformer.java:120) ~[modlauncher-10.0.9.jar:?]
	at cpw.mods.modlauncher.TransformingClassLoader.maybeTransformClassBytes(TransformingClassLoader.java:50) ~[modlauncher-10.0.9.jar:?]
	at cpw.mods.cl.ModuleClassLoader.readerToClass(ModuleClassLoader.java:113) ~[securejarhandler-2.1.10.jar:?]
	at cpw.mods.cl.ModuleClassLoader.lambda$findClass$15(ModuleClassLoader.java:219) ~[securejarhandler-2.1.10.jar:?]
	at cpw.mods.cl.ModuleClassLoader.loadFromModule(ModuleClassLoader.java:229) ~[securejarhandler-2.1.10.jar:?]
	at cpw.mods.cl.ModuleClassLoader.findClass(ModuleClassLoader.java:219) ~[securejarhandler-2.1.10.jar:?]
	at java.lang.ClassLoader.loadClass(ClassLoader.java:637) ~[?:?]
	at java.lang.Class.forName(Class.java:547) ~[?:?]
	at net.minecraftforge.fml.earlydisplay.DisplayWindow.lambda$updateModuleReads$13(DisplayWindow.java:615) ~[fmlearlydisplay-1.20.1-47.4.3.jar%2390!/:1.0]
	at java.util.Optional.map(Optional.java:260) ~[?:?]
	at net.minecraftforge.fml.earlydisplay.DisplayWindow.updateModuleReads(DisplayWindow.java:615) ~[fmlearlydisplay-1.20.1-47.4.3.jar%2390!/:1.0]
	at net.minecraftforge.fml.loading.ImmediateWindowHandler.acceptGameLayer(ImmediateWindowHandler.java:71) ~[fmlloader-1.20.1-47.4.3.jar%2391!/:1.0]
	at net.minecraftforge.fml.loading.FMLLoader.beforeStart(FMLLoader.java:216) ~[fmlloader-1.20.1-47.4.3.jar%2391!/:1.0]
	at net.minecraftforge.fml.loading.targets.CommonLaunchHandler.launchService(CommonLaunchHandler.java:92) ~[fmlloader-1.20.1-47.4.3.jar%2391!/:?]
	at cpw.mods.modlauncher.LaunchServiceHandlerDecorator.launch(LaunchServiceHandlerDecorator.java:30) ~[modlauncher-10.0.9.jar%2395!/:?]
	at cpw.mods.modlauncher.LaunchServiceHandler.launch(LaunchServiceHandler.java:53) ~[modlauncher-10.0.9.jar%2395!/:?]
	at cpw.mods.modlauncher.LaunchServiceHandler.launch(LaunchServiceHandler.java:71) ~[modlauncher-10.0.9.jar%2395!/:?]
	at cpw.mods.modlauncher.Launcher.run(Launcher.java:108) ~[modlauncher-10.0.9.jar%2395!/:?]
	at cpw.mods.modlauncher.Launcher.main(Launcher.java:78) ~[modlauncher-10.0.9.jar%2395!/:?]
	at cpw.mods.modlauncher.BootstrapLaunchConsumer.accept(BootstrapLaunchConsumer.java:26) ~[modlauncher-10.0.9.jar%2395!/:?]
	at cpw.mods.modlauncher.BootstrapLaunchConsumer.accept(BootstrapLaunchConsumer.java:23) ~[modlauncher-10.0.9.jar%2395!/:?]
	at cpw.mods.bootstraplauncher.BootstrapLauncher.main(BootstrapLauncher.java:141) ~[?:?]
	at net.fabricmc.devlaunchinjector.Main.main(Main.java:86) ~[dev-launch-injector-0.2.1+build.8.jar%23179!/:?]
[17:17:01] [main/WARN] (mixin) Error loading class: net/minecraft/world/level/block/FaceAttachedHorizontalDirectionalBlock (java.lang.ClassNotFoundException: net.minecraft.world.level.block.FaceAttachedHorizontalDirectionalBlock)
[17:17:01] [main/WARN] (mixin) Error loading class: net/minecraft/world/level/block/Block (java.lang.ClassNotFoundException: net.minecraft.world.level.block.Block)
[17:17:01] [main/ERROR] (mixin) Cannot invoke "org.spongepowered.asm.mixin.transformer.ClassInfo.isMixin()" because "superClass" is null
java.lang.NullPointerException: Cannot invoke "org.spongepowered.asm.mixin.transformer.ClassInfo.isMixin()" because "superClass" is null
	at org.spongepowered.asm.mixin.transformer.MixinInfo$SubType$Standard.validate(MixinInfo.java:581) ~[mixin-patched-0.8.5.12.jar:?]
	at org.spongepowered.asm.mixin.transformer.MixinInfo$State.validate(MixinInfo.java:327) ~[mixin-patched-0.8.5.12.jar:?]
	at org.spongepowered.asm.mixin.transformer.MixinInfo.validate(MixinInfo.java:913) ~[mixin-patched-0.8.5.12.jar:?]
	at org.spongepowered.asm.mixin.transformer.MixinConfig.postInitialise(MixinConfig.java:801) ~[mixin-patched-0.8.5.12.jar:?]
	at org.spongepowered.asm.mixin.transformer.MixinProcessor.prepareConfigs(MixinProcessor.java:567) ~[mixin-patched-0.8.5.12.jar:?]
	at org.spongepowered.asm.mixin.transformer.MixinProcessor.select(MixinProcessor.java:462) ~[mixin-patched-0.8.5.12.jar:?]
	at org.spongepowered.asm.mixin.transformer.MixinProcessor.checkSelect(MixinProcessor.java:438) ~[mixin-patched-0.8.5.12.jar:?]
	at org.spongepowered.asm.mixin.transformer.MixinProcessor.applyMixins(MixinProcessor.java:290) ~[mixin-patched-0.8.5.12.jar:?]
	at org.spongepowered.asm.mixin.transformer.MixinTransformer.transformClass(MixinTransformer.java:250) ~[mixin-patched-0.8.5.12.jar:?]
	at org.spongepowered.asm.service.modlauncher.MixinTransformationHandler.processClass(MixinTransformationHandler.java:131) ~[mixin-patched-0.8.5.12.jar:?]
	at org.spongepowered.asm.launch.MixinLaunchPluginLegacy.processClass(MixinLaunchPluginLegacy.java:131) ~[mixin-patched-0.8.5.12.jar:?]
	at cpw.mods.modlauncher.serviceapi.ILaunchPluginService.processClassWithFlags(ILaunchPluginService.java:156) ~[modlauncher-10.0.9.jar:10.0.9+10.0.9+main.dcd20f30]
	at cpw.mods.modlauncher.LaunchPluginHandler.offerClassNodeToPlugins(LaunchPluginHandler.java:88) ~[modlauncher-10.0.9.jar:?]
	at cpw.mods.modlauncher.ClassTransformer.transform(ClassTransformer.java:120) ~[modlauncher-10.0.9.jar:?]
	at cpw.mods.modlauncher.TransformingClassLoader.maybeTransformClassBytes(TransformingClassLoader.java:50) ~[modlauncher-10.0.9.jar:?]
	at cpw.mods.cl.ModuleClassLoader.readerToClass(ModuleClassLoader.java:113) ~[securejarhandler-2.1.10.jar:?]
	at cpw.mods.cl.ModuleClassLoader.lambda$findClass$15(ModuleClassLoader.java:219) ~[securejarhandler-2.1.10.jar:?]
	at cpw.mods.cl.ModuleClassLoader.loadFromModule(ModuleClassLoader.java:229) ~[securejarhandler-2.1.10.jar:?]
	at cpw.mods.cl.ModuleClassLoader.findClass(ModuleClassLoader.java:219) ~[securejarhandler-2.1.10.jar:?]
	at java.lang.ClassLoader.loadClass(ClassLoader.java:637) ~[?:?]
	at java.lang.Class.forName(Class.java:547) ~[?:?]
	at net.minecraftforge.fml.earlydisplay.DisplayWindow.lambda$updateModuleReads$13(DisplayWindow.java:615) ~[fmlearlydisplay-1.20.1-47.4.3.jar%2390!/:1.0]
	at java.util.Optional.map(Optional.java:260) ~[?:?]
	at net.minecraftforge.fml.earlydisplay.DisplayWindow.updateModuleReads(DisplayWindow.java:615) ~[fmlearlydisplay-1.20.1-47.4.3.jar%2390!/:1.0]
	at net.minecraftforge.fml.loading.ImmediateWindowHandler.acceptGameLayer(ImmediateWindowHandler.java:71) ~[fmlloader-1.20.1-47.4.3.jar%2391!/:1.0]
	at net.minecraftforge.fml.loading.FMLLoader.beforeStart(FMLLoader.java:216) ~[fmlloader-1.20.1-47.4.3.jar%2391!/:1.0]
	at net.minecraftforge.fml.loading.targets.CommonLaunchHandler.launchService(CommonLaunchHandler.java:92) ~[fmlloader-1.20.1-47.4.3.jar%2391!/:?]
	at cpw.mods.modlauncher.LaunchServiceHandlerDecorator.launch(LaunchServiceHandlerDecorator.java:30) ~[modlauncher-10.0.9.jar%2395!/:?]
	at cpw.mods.modlauncher.LaunchServiceHandler.launch(LaunchServiceHandler.java:53) ~[modlauncher-10.0.9.jar%2395!/:?]
	at cpw.mods.modlauncher.LaunchServiceHandler.launch(LaunchServiceHandler.java:71) ~[modlauncher-10.0.9.jar%2395!/:?]
	at cpw.mods.modlauncher.Launcher.run(Launcher.java:108) ~[modlauncher-10.0.9.jar%2395!/:?]
	at cpw.mods.modlauncher.Launcher.main(Launcher.java:78) ~[modlauncher-10.0.9.jar%2395!/:?]
	at cpw.mods.modlauncher.BootstrapLaunchConsumer.accept(BootstrapLaunchConsumer.java:26) ~[modlauncher-10.0.9.jar%2395!/:?]
	at cpw.mods.modlauncher.BootstrapLaunchConsumer.accept(BootstrapLaunchConsumer.java:23) ~[modlauncher-10.0.9.jar%2395!/:?]
	at cpw.mods.bootstraplauncher.BootstrapLauncher.main(BootstrapLauncher.java:141) ~[?:?]
	at net.fabricmc.devlaunchinjector.Main.main(Main.java:86) ~[dev-launch-injector-0.2.1+build.8.jar%23179!/:?]
[17:17:01] [main/WARN] (mixin) Error loading class: net/minecraft/core/Direction$Axis (java.lang.ClassNotFoundException: net.minecraft.core.Direction$Axis)
[17:17:01] [main/WARN] (mixin) Error loading class: net/minecraft/world/level/block/state/BlockBehaviour$Properties (java.lang.ClassNotFoundException: net.minecraft.world.level.block.state.BlockBehaviour$Properties)
[17:17:01] [main/WARN] (mixin) Error loading class: net/minecraft/core/Direction$Axis (java.lang.ClassNotFoundException: net.minecraft.core.Direction$Axis)
[17:17:01] [main/WARN] (mixin) Error loading class: net/minecraft/world/item/Item$Properties (java.lang.ClassNotFoundException: net.minecraft.world.item.Item$Properties)
[17:17:01] [main/WARN] (mixin) Error loading class: net/minecraft/world/level/NaturalSpawner$SpawnState (java.lang.ClassNotFoundException: net.minecraft.world.level.NaturalSpawner$SpawnState)
[17:17:01] [main/WARN] (mixin) Error loading class: net/minecraft/core/Direction$Axis (java.lang.ClassNotFoundException: net.minecraft.core.Direction$Axis)
[17:17:01] [main/WARN] (mixin) Error loading class: net/minecraft/world/phys/HitResult$Type (java.lang.ClassNotFoundException: net.minecraft.world.phys.HitResult$Type)
[17:17:01] [main/WARN] (mixin) Error loading class: net/minecraft/core/Direction$Axis (java.lang.ClassNotFoundException: net.minecraft.core.Direction$Axis)
[17:17:01] [main/WARN] (mixin) Error loading class: net/minecraft/core/Direction$Axis (java.lang.ClassNotFoundException: net.minecraft.core.Direction$Axis)
[17:17:01] [main/WARN] (mixin) Error loading class: net/minecraft/world/phys/HitResult$Type (java.lang.ClassNotFoundException: net.minecraft.world.phys.HitResult$Type)
[17:17:01] [main/WARN] (mixin) Error loading class: net/minecraft/world/level/ClipContext$Block (java.lang.ClassNotFoundException: net.minecraft.world.level.ClipContext$Block)
[17:17:01] [main/WARN] (mixin) Error loading class: net/minecraft/world/level/ClipContext$Fluid (java.lang.ClassNotFoundException: net.minecraft.world.level.ClipContext$Fluid)
[17:17:01] [main/WARN] (mixin) Error loading class: net/minecraft/world/level/block/Block (java.lang.ClassNotFoundException: net.minecraft.world.level.block.Block)
[17:17:01] [main/WARN] (mixin) Error loading class: net/minecraft/world/level/block/Block (java.lang.ClassNotFoundException: net.minecraft.world.level.block.Block)
[17:17:01] [main/ERROR] (mixin) Cannot invoke "org.spongepowered.asm.mixin.transformer.ClassInfo.isMixin()" because "superClass" is null
java.lang.NullPointerException: Cannot invoke "org.spongepowered.asm.mixin.transformer.ClassInfo.isMixin()" because "superClass" is null
	at org.spongepowered.asm.mixin.transformer.MixinInfo$SubType$Standard.validate(MixinInfo.java:581) ~[mixin-patched-0.8.5.12.jar:?]
	at org.spongepowered.asm.mixin.transformer.MixinInfo$State.validate(MixinInfo.java:327) ~[mixin-patched-0.8.5.12.jar:?]
	at org.spongepowered.asm.mixin.transformer.MixinInfo.validate(MixinInfo.java:913) ~[mixin-patched-0.8.5.12.jar:?]
	at org.spongepowered.asm.mixin.transformer.MixinConfig.postInitialise(MixinConfig.java:801) ~[mixin-patched-0.8.5.12.jar:?]
	at org.spongepowered.asm.mixin.transformer.MixinProcessor.prepareConfigs(MixinProcessor.java:567) ~[mixin-patched-0.8.5.12.jar:?]
	at org.spongepowered.asm.mixin.transformer.MixinProcessor.select(MixinProcessor.java:462) ~[mixin-patched-0.8.5.12.jar:?]
	at org.spongepowered.asm.mixin.transformer.MixinProcessor.checkSelect(MixinProcessor.java:438) ~[mixin-patched-0.8.5.12.jar:?]
	at org.spongepowered.asm.mixin.transformer.MixinProcessor.applyMixins(MixinProcessor.java:290) ~[mixin-patched-0.8.5.12.jar:?]
	at org.spongepowered.asm.mixin.transformer.MixinTransformer.transformClass(MixinTransformer.java:250) ~[mixin-patched-0.8.5.12.jar:?]
	at org.spongepowered.asm.service.modlauncher.MixinTransformationHandler.processClass(MixinTransformationHandler.java:131) ~[mixin-patched-0.8.5.12.jar:?]
	at org.spongepowered.asm.launch.MixinLaunchPluginLegacy.processClass(MixinLaunchPluginLegacy.java:131) ~[mixin-patched-0.8.5.12.jar:?]
	at cpw.mods.modlauncher.serviceapi.ILaunchPluginService.processClassWithFlags(ILaunchPluginService.java:156) ~[modlauncher-10.0.9.jar:10.0.9+10.0.9+main.dcd20f30]
	at cpw.mods.modlauncher.LaunchPluginHandler.offerClassNodeToPlugins(LaunchPluginHandler.java:88) ~[modlauncher-10.0.9.jar:?]
	at cpw.mods.modlauncher.ClassTransformer.transform(ClassTransformer.java:120) ~[modlauncher-10.0.9.jar:?]
	at cpw.mods.modlauncher.TransformingClassLoader.maybeTransformClassBytes(TransformingClassLoader.java:50) ~[modlauncher-10.0.9.jar:?]
	at cpw.mods.cl.ModuleClassLoader.readerToClass(ModuleClassLoader.java:113) ~[securejarhandler-2.1.10.jar:?]
	at cpw.mods.cl.ModuleClassLoader.lambda$findClass$15(ModuleClassLoader.java:219) ~[securejarhandler-2.1.10.jar:?]
	at cpw.mods.cl.ModuleClassLoader.loadFromModule(ModuleClassLoader.java:229) ~[securejarhandler-2.1.10.jar:?]
	at cpw.mods.cl.ModuleClassLoader.findClass(ModuleClassLoader.java:219) ~[securejarhandler-2.1.10.jar:?]
	at java.lang.ClassLoader.loadClass(ClassLoader.java:637) ~[?:?]
	at java.lang.Class.forName(Class.java:547) ~[?:?]
	at net.minecraftforge.fml.earlydisplay.DisplayWindow.lambda$updateModuleReads$13(DisplayWindow.java:615) ~[fmlearlydisplay-1.20.1-47.4.3.jar%2390!/:1.0]
	at java.util.Optional.map(Optional.java:260) ~[?:?]
	at net.minecraftforge.fml.earlydisplay.DisplayWindow.updateModuleReads(DisplayWindow.java:615) ~[fmlearlydisplay-1.20.1-47.4.3.jar%2390!/:1.0]
	at net.minecraftforge.fml.loading.ImmediateWindowHandler.acceptGameLayer(ImmediateWindowHandler.java:71) ~[fmlloader-1.20.1-47.4.3.jar%2391!/:1.0]
	at net.minecraftforge.fml.loading.FMLLoader.beforeStart(FMLLoader.java:216) ~[fmlloader-1.20.1-47.4.3.jar%2391!/:1.0]
	at net.minecraftforge.fml.loading.targets.CommonLaunchHandler.launchService(CommonLaunchHandler.java:92) ~[fmlloader-1.20.1-47.4.3.jar%2391!/:?]
	at cpw.mods.modlauncher.LaunchServiceHandlerDecorator.launch(LaunchServiceHandlerDecorator.java:30) ~[modlauncher-10.0.9.jar%2395!/:?]
	at cpw.mods.modlauncher.LaunchServiceHandler.launch(LaunchServiceHandler.java:53) ~[modlauncher-10.0.9.jar%2395!/:?]
	at cpw.mods.modlauncher.LaunchServiceHandler.launch(LaunchServiceHandler.java:71) ~[modlauncher-10.0.9.jar%2395!/:?]
	at cpw.mods.modlauncher.Launcher.run(Launcher.java:108) ~[modlauncher-10.0.9.jar%2395!/:?]
	at cpw.mods.modlauncher.Launcher.main(Launcher.java:78) ~[modlauncher-10.0.9.jar%2395!/:?]
	at cpw.mods.modlauncher.BootstrapLaunchConsumer.accept(BootstrapLaunchConsumer.java:26) ~[modlauncher-10.0.9.jar%2395!/:?]
	at cpw.mods.modlauncher.BootstrapLaunchConsumer.accept(BootstrapLaunchConsumer.java:23) ~[modlauncher-10.0.9.jar%2395!/:?]
	at cpw.mods.bootstraplauncher.BootstrapLauncher.main(BootstrapLauncher.java:141) ~[?:?]
	at net.fabricmc.devlaunchinjector.Main.main(Main.java:86) ~[dev-launch-injector-0.2.1+build.8.jar%23179!/:?]
[17:17:01] [main/WARN] (mixin) Error loading class: net/minecraft/core/Direction$AxisDirection (java.lang.ClassNotFoundException: net.minecraft.core.Direction$AxisDirection)
[17:17:01] [main/WARN] (mixin) Error loading class: net/minecraft/world/level/block/state/BlockBehaviour$Properties (java.lang.ClassNotFoundException: net.minecraft.world.level.block.state.BlockBehaviour$Properties)
[17:17:01] [main/WARN] (mixin) Error loading class: net/minecraft/world/level/levelgen/structure/templatesystem/StructureTemplate$StructureBlockInfo (java.lang.ClassNotFoundException: net.minecraft.world.level.levelgen.structure.templatesystem.StructureTemplate$StructureBlockInfo)
[17:17:01] [main/WARN] (mixin) Error loading class: net/minecraft/core/Direction$Axis (java.lang.ClassNotFoundException: net.minecraft.core.Direction$Axis)
[17:17:01] [main/WARN] (mixin) Error loading class: net/minecraft/world/level/block/state/BlockBehaviour$Properties (java.lang.ClassNotFoundException: net.minecraft.world.level.block.state.BlockBehaviour$Properties)
[17:17:01] [main/WARN] (mixin) Error loading class: net/minecraft/world/level/block/entity/BlockEntity (java.lang.ClassNotFoundException: net.minecraft.world.level.block.entity.BlockEntity)
[17:17:01] [main/WARN] (mixin) Error loading class: net/minecraft/world/level/block/entity/BlockEntity (java.lang.ClassNotFoundException: net.minecraft.world.level.block.entity.BlockEntity)
[17:17:01] [main/ERROR] (mixin) Cannot invoke "org.spongepowered.asm.mixin.transformer.ClassInfo.isMixin()" because "superClass" is null
java.lang.NullPointerException: Cannot invoke "org.spongepowered.asm.mixin.transformer.ClassInfo.isMixin()" because "superClass" is null
	at org.spongepowered.asm.mixin.transformer.MixinInfo$SubType$Standard.validate(MixinInfo.java:581) ~[mixin-patched-0.8.5.12.jar:?]
	at org.spongepowered.asm.mixin.transformer.MixinInfo$State.validate(MixinInfo.java:327) ~[mixin-patched-0.8.5.12.jar:?]
	at org.spongepowered.asm.mixin.transformer.MixinInfo.validate(MixinInfo.java:913) ~[mixin-patched-0.8.5.12.jar:?]
	at org.spongepowered.asm.mixin.transformer.MixinConfig.postInitialise(MixinConfig.java:801) ~[mixin-patched-0.8.5.12.jar:?]
	at org.spongepowered.asm.mixin.transformer.MixinProcessor.prepareConfigs(MixinProcessor.java:567) ~[mixin-patched-0.8.5.12.jar:?]
	at org.spongepowered.asm.mixin.transformer.MixinProcessor.select(MixinProcessor.java:462) ~[mixin-patched-0.8.5.12.jar:?]
	at org.spongepowered.asm.mixin.transformer.MixinProcessor.checkSelect(MixinProcessor.java:438) ~[mixin-patched-0.8.5.12.jar:?]
	at org.spongepowered.asm.mixin.transformer.MixinProcessor.applyMixins(MixinProcessor.java:290) ~[mixin-patched-0.8.5.12.jar:?]
	at org.spongepowered.asm.mixin.transformer.MixinTransformer.transformClass(MixinTransformer.java:250) ~[mixin-patched-0.8.5.12.jar:?]
	at org.spongepowered.asm.service.modlauncher.MixinTransformationHandler.processClass(MixinTransformationHandler.java:131) ~[mixin-patched-0.8.5.12.jar:?]
	at org.spongepowered.asm.launch.MixinLaunchPluginLegacy.processClass(MixinLaunchPluginLegacy.java:131) ~[mixin-patched-0.8.5.12.jar:?]
	at cpw.mods.modlauncher.serviceapi.ILaunchPluginService.processClassWithFlags(ILaunchPluginService.java:156) ~[modlauncher-10.0.9.jar:10.0.9+10.0.9+main.dcd20f30]
	at cpw.mods.modlauncher.LaunchPluginHandler.offerClassNodeToPlugins(LaunchPluginHandler.java:88) ~[modlauncher-10.0.9.jar:?]
	at cpw.mods.modlauncher.ClassTransformer.transform(ClassTransformer.java:120) ~[modlauncher-10.0.9.jar:?]
	at cpw.mods.modlauncher.TransformingClassLoader.maybeTransformClassBytes(TransformingClassLoader.java:50) ~[modlauncher-10.0.9.jar:?]
	at cpw.mods.cl.ModuleClassLoader.readerToClass(ModuleClassLoader.java:113) ~[securejarhandler-2.1.10.jar:?]
	at cpw.mods.cl.ModuleClassLoader.lambda$findClass$15(ModuleClassLoader.java:219) ~[securejarhandler-2.1.10.jar:?]
	at cpw.mods.cl.ModuleClassLoader.loadFromModule(ModuleClassLoader.java:229) ~[securejarhandler-2.1.10.jar:?]
	at cpw.mods.cl.ModuleClassLoader.findClass(ModuleClassLoader.java:219) ~[securejarhandler-2.1.10.jar:?]
	at java.lang.ClassLoader.loadClass(ClassLoader.java:637) ~[?:?]
	at java.lang.Class.forName(Class.java:547) ~[?:?]
	at net.minecraftforge.fml.earlydisplay.DisplayWindow.lambda$updateModuleReads$13(DisplayWindow.java:615) ~[fmlearlydisplay-1.20.1-47.4.3.jar%2390!/:1.0]
	at java.util.Optional.map(Optional.java:260) ~[?:?]
	at net.minecraftforge.fml.earlydisplay.DisplayWindow.updateModuleReads(DisplayWindow.java:615) ~[fmlearlydisplay-1.20.1-47.4.3.jar%2390!/:1.0]
	at net.minecraftforge.fml.loading.ImmediateWindowHandler.acceptGameLayer(ImmediateWindowHandler.java:71) ~[fmlloader-1.20.1-47.4.3.jar%2391!/:1.0]
	at net.minecraftforge.fml.loading.FMLLoader.beforeStart(FMLLoader.java:216) ~[fmlloader-1.20.1-47.4.3.jar%2391!/:1.0]
	at net.minecraftforge.fml.loading.targets.CommonLaunchHandler.launchService(CommonLaunchHandler.java:92) ~[fmlloader-1.20.1-47.4.3.jar%2391!/:?]
	at cpw.mods.modlauncher.LaunchServiceHandlerDecorator.launch(LaunchServiceHandlerDecorator.java:30) ~[modlauncher-10.0.9.jar%2395!/:?]
	at cpw.mods.modlauncher.LaunchServiceHandler.launch(LaunchServiceHandler.java:53) ~[modlauncher-10.0.9.jar%2395!/:?]
	at cpw.mods.modlauncher.LaunchServiceHandler.launch(LaunchServiceHandler.java:71) ~[modlauncher-10.0.9.jar%2395!/:?]
	at cpw.mods.modlauncher.Launcher.run(Launcher.java:108) ~[modlauncher-10.0.9.jar%2395!/:?]
	at cpw.mods.modlauncher.Launcher.main(Launcher.java:78) ~[modlauncher-10.0.9.jar%2395!/:?]
	at cpw.mods.modlauncher.BootstrapLaunchConsumer.accept(BootstrapLaunchConsumer.java:26) ~[modlauncher-10.0.9.jar%2395!/:?]
	at cpw.mods.modlauncher.BootstrapLaunchConsumer.accept(BootstrapLaunchConsumer.java:23) ~[modlauncher-10.0.9.jar%2395!/:?]
	at cpw.mods.bootstraplauncher.BootstrapLauncher.main(BootstrapLauncher.java:141) ~[?:?]
	at net.fabricmc.devlaunchinjector.Main.main(Main.java:86) ~[dev-launch-injector-0.2.1+build.8.jar%23179!/:?]
[17:17:01] [main/WARN] (mixin) Error loading class: com/mojang/blaze3d/vertex/PoseStack$Pose (java.lang.ClassNotFoundException: com.mojang.blaze3d.vertex.PoseStack$Pose)
[17:17:01] [main/WARN] (mixin) Error loading class: net/minecraft/core/Direction$Axis (java.lang.ClassNotFoundException: net.minecraft.core.Direction$Axis)
[17:17:01] [main/WARN] (mixin) Error loading class: net/minecraft/core/Direction$Axis (java.lang.ClassNotFoundException: net.minecraft.core.Direction$Axis)
[17:17:01] [main/WARN] (mixin) Error loading class: net/minecraft/world/level/ClipContext$Block (java.lang.ClassNotFoundException: net.minecraft.world.level.ClipContext$Block)
[17:17:01] [main/WARN] (mixin) Error loading class: net/minecraft/world/level/ClipContext$Fluid (java.lang.ClassNotFoundException: net.minecraft.world.level.ClipContext$Fluid)
[17:17:01] [main/WARN] (mixin) Error loading class: net/minecraft/world/level/levelgen/structure/templatesystem/StructureTemplate$StructureBlockInfo (java.lang.ClassNotFoundException: net.minecraft.world.level.levelgen.structure.templatesystem.StructureTemplate$StructureBlockInfo)
[17:17:01] [main/WARN] (mixin) Error loading class: net/minecraft/world/item/Item$Properties (java.lang.ClassNotFoundException: net.minecraft.world.item.Item$Properties)
[17:17:01] [main/WARN] (mixin) Error loading class: net/minecraft/world/level/block/state/BlockBehaviour$Properties (java.lang.ClassNotFoundException: net.minecraft.world.level.block.state.BlockBehaviour$Properties)
[17:17:01] [main/WARN] (mixin) Error loading class: net/minecraft/world/level/storage/LevelStorageSource$LevelStorageAccess (java.lang.ClassNotFoundException: net.minecraft.world.level.storage.LevelStorageSource$LevelStorageAccess)
[17:17:01] [main/WARN] (mixin) Error loading class: net/minecraft/core/BlockPos$MutableBlockPos (java.lang.ClassNotFoundException: net.minecraft.core.BlockPos$MutableBlockPos)
[17:17:01] [main/WARN] (mixin) Error loading class: net/minecraft/world/level/levelgen/Heightmap$Types (java.lang.ClassNotFoundException: net.minecraft.world.level.levelgen.Heightmap$Types)
[17:17:01] [main/WARN] (mixin) Error loading class: net/minecraft/BlockUtil$FoundRectangle (java.lang.ClassNotFoundException: net.minecraft.BlockUtil$FoundRectangle)
[17:17:01] [main/WARN] (mixin) Error loading class: net/minecraft/core/Direction$Axis (java.lang.ClassNotFoundException: net.minecraft.core.Direction$Axis)
[17:17:01] [main/WARN] (mixin) Error loading class: com/mojang/blaze3d/vertex/PoseStack$Pose (java.lang.ClassNotFoundException: com.mojang.blaze3d.vertex.PoseStack$Pose)
[17:17:01] [main/WARN] (mixin) Error loading class: net/minecraft/core/Direction$AxisDirection (java.lang.ClassNotFoundException: net.minecraft.core.Direction$AxisDirection)
[17:17:01] [main/WARN] (mixin) Error loading class: net/minecraft/core/Direction$Axis (java.lang.ClassNotFoundException: net.minecraft.core.Direction$Axis)
[17:17:01] [main/WARN] (mixin) Error loading class: com/mojang/blaze3d/vertex/PoseStack$Pose (java.lang.ClassNotFoundException: com.mojang.blaze3d.vertex.PoseStack$Pose)
[17:17:01] [main/WARN] (mixin) Error loading class: com/mojang/blaze3d/vertex/PoseStack$Pose (java.lang.ClassNotFoundException: com.mojang.blaze3d.vertex.PoseStack$Pose)
[17:17:01] [main/WARN] (mixin) Error loading class: net/minecraft/client/renderer/MultiBufferSource$BufferSource (java.lang.ClassNotFoundException: net.minecraft.client.renderer.MultiBufferSource$BufferSource)
[17:17:01] [main/WARN] (mixin) Error loading class: net/minecraft/world/level/ClipContext$Block (java.lang.ClassNotFoundException: net.minecraft.world.level.ClipContext$Block)
[17:17:01] [main/WARN] (mixin) Error loading class: net/minecraft/world/level/ClipContext$Fluid (java.lang.ClassNotFoundException: net.minecraft.world.level.ClipContext$Fluid)
[17:17:01] [main/WARN] (mixin) Error loading class: net/minecraft/world/phys/HitResult$Type (java.lang.ClassNotFoundException: net.minecraft.world.phys.HitResult$Type)
[17:17:01] [main/WARN] (mixin) Error loading class: net/minecraft/core/Direction$AxisDirection (java.lang.ClassNotFoundException: net.minecraft.core.Direction$AxisDirection)
[17:17:01] [main/WARN] (mixin) Error loading class: net/minecraft/core/Direction$Axis (java.lang.ClassNotFoundException: net.minecraft.core.Direction$Axis)
[17:17:01] [main/WARN] (mixin) Error loading class: net/minecraft/world/level/block/state/BlockBehaviour$Properties (java.lang.ClassNotFoundException: net.minecraft.world.level.block.state.BlockBehaviour$Properties)
[17:17:01] [main/WARN] (mixin) Error loading class: net/minecraft/world/level/block/state/BlockBehaviour$Properties (java.lang.ClassNotFoundException: net.minecraft.world.level.block.state.BlockBehaviour$Properties)
[17:17:01] [main/WARN] (mixin) Error loading class: net/minecraft/world/level/block/state/BlockBehaviour$Properties (java.lang.ClassNotFoundException: net.minecraft.world.level.block.state.BlockBehaviour$Properties)
[17:17:01] [main/INFO] (MixinExtras|Service) Initializing MixinExtras via com.llamalad7.mixinextras.service.MixinExtrasServiceImpl(version=0.5.0).
[17:17:01] [main/WARN] (mixin) Error loading class: net/minecraft/client/Minecraft (java.lang.ClassNotFoundException: net.minecraft.client.Minecraft)
Exception in thread "main" java.lang.RuntimeException: org.spongepowered.asm.mixin.transformer.throwables.MixinTransformerError: An unexpected critical error was encountered
	at MC-BOOTSTRAP/cpw.mods.modlauncher@10.0.9/cpw.mods.modlauncher.LaunchServiceHandlerDecorator.launch(LaunchServiceHandlerDecorator.java:32)
	at MC-BOOTSTRAP/cpw.mods.modlauncher@10.0.9/cpw.mods.modlauncher.LaunchServiceHandler.launch(LaunchServiceHandler.java:53)
	at MC-BOOTSTRAP/cpw.mods.modlauncher@10.0.9/cpw.mods.modlauncher.LaunchServiceHandler.launch(LaunchServiceHandler.java:71)
	at MC-BOOTSTRAP/cpw.mods.modlauncher@10.0.9/cpw.mods.modlauncher.Launcher.run(Launcher.java:108)
	at MC-BOOTSTRAP/cpw.mods.modlauncher@10.0.9/cpw.mods.modlauncher.Launcher.main(Launcher.java:78)
	at MC-BOOTSTRAP/cpw.mods.modlauncher@10.0.9/cpw.mods.modlauncher.BootstrapLaunchConsumer.accept(BootstrapLaunchConsumer.java:26)
	at MC-BOOTSTRAP/cpw.mods.modlauncher@10.0.9/cpw.mods.modlauncher.BootstrapLaunchConsumer.accept(BootstrapLaunchConsumer.java:23)
	at cpw.mods.bootstraplauncher.BootstrapLauncher.main(BootstrapLauncher.java:141)
	at net.fabricmc.devlaunchinjector.Main.main(Main.java:86)
Caused by: org.spongepowered.asm.mixin.transformer.throwables.MixinTransformerError: An unexpected critical error was encountered
	at MC-BOOTSTRAP/org.spongepowered.mixin/org.spongepowered.asm.mixin.transformer.MixinProcessor.applyMixins(MixinProcessor.java:392)
	at MC-BOOTSTRAP/org.spongepowered.mixin/org.spongepowered.asm.mixin.transformer.MixinTransformer.transformClass(MixinTransformer.java:250)
	at MC-BOOTSTRAP/org.spongepowered.mixin/org.spongepowered.asm.service.modlauncher.MixinTransformationHandler.processClass(MixinTransformationHandler.java:131)
	at MC-BOOTSTRAP/org.spongepowered.mixin/org.spongepowered.asm.launch.MixinLaunchPluginLegacy.processClass(MixinLaunchPluginLegacy.java:131)
	at MC-BOOTSTRAP/cpw.mods.modlauncher@10.0.9/cpw.mods.modlauncher.serviceapi.ILaunchPluginService.processClassWithFlags(ILaunchPluginService.java:156)
	at MC-BOOTSTRAP/cpw.mods.modlauncher@10.0.9/cpw.mods.modlauncher.LaunchPluginHandler.offerClassNodeToPlugins(LaunchPluginHandler.java:88)
	at MC-BOOTSTRAP/cpw.mods.modlauncher@10.0.9/cpw.mods.modlauncher.ClassTransformer.transform(ClassTransformer.java:120)
	at MC-BOOTSTRAP/cpw.mods.modlauncher@10.0.9/cpw.mods.modlauncher.TransformingClassLoader.maybeTransformClassBytes(TransformingClassLoader.java:50)
	at cpw.mods.securejarhandler/cpw.mods.cl.ModuleClassLoader.readerToClass(ModuleClassLoader.java:113)
	at cpw.mods.securejarhandler/cpw.mods.cl.ModuleClassLoader.lambda$findClass$15(ModuleClassLoader.java:219)
	at cpw.mods.securejarhandler/cpw.mods.cl.ModuleClassLoader.loadFromModule(ModuleClassLoader.java:229)
	at cpw.mods.securejarhandler/cpw.mods.cl.ModuleClassLoader.findClass(ModuleClassLoader.java:219)
	at java.base/java.lang.ClassLoader.loadClass(ClassLoader.java:637)
	at java.base/java.lang.Class.forName(Class.java:547)
	at MC-BOOTSTRAP/fmlearlydisplay@1.20.1-47.4.3/net.minecraftforge.fml.earlydisplay.DisplayWindow.lambda$updateModuleReads$13(DisplayWindow.java:615)
	at java.base/java.util.Optional.map(Optional.java:260)
	at MC-BOOTSTRAP/fmlearlydisplay@1.20.1-47.4.3/net.minecraftforge.fml.earlydisplay.DisplayWindow.updateModuleReads(DisplayWindow.java:615)
	at MC-BOOTSTRAP/fmlloader@1.20.1-47.4.3/net.minecraftforge.fml.loading.ImmediateWindowHandler.acceptGameLayer(ImmediateWindowHandler.java:71)
	at MC-BOOTSTRAP/fmlloader@1.20.1-47.4.3/net.minecraftforge.fml.loading.FMLLoader.beforeStart(FMLLoader.java:216)
	at MC-BOOTSTRAP/fmlloader@1.20.1-47.4.3/net.minecraftforge.fml.loading.targets.CommonLaunchHandler.launchService(CommonLaunchHandler.java:92)
	at MC-BOOTSTRAP/cpw.mods.modlauncher@10.0.9/cpw.mods.modlauncher.LaunchServiceHandlerDecorator.launch(LaunchServiceHandlerDecorator.java:30)
	... 8 more
Caused by: org.spongepowered.asm.mixin.throwables.ClassMetadataNotFoundException: net.minecraft.client.Minecraft
	at MC-BOOTSTRAP/org.spongepowered.mixin/org.spongepowered.asm.mixin.transformer.MixinPreProcessorStandard.transformMethod(MixinPreProcessorStandard.java:754)
	at MC-BOOTSTRAP/org.spongepowered.mixin/org.spongepowered.asm.mixin.transformer.MixinPreProcessorStandard.transform(MixinPreProcessorStandard.java:739)
	at MC-BOOTSTRAP/org.spongepowered.mixin/org.spongepowered.asm.mixin.transformer.MixinPreProcessorStandard.attach(MixinPreProcessorStandard.java:310)
	at MC-BOOTSTRAP/org.spongepowered.mixin/org.spongepowered.asm.mixin.transformer.MixinPreProcessorStandard.createContextFor(MixinPreProcessorStandard.java:280)
	at MC-BOOTSTRAP/org.spongepowered.mixin/org.spongepowered.asm.mixin.transformer.MixinInfo.createContextFor(MixinInfo.java:1288)
	at MC-BOOTSTRAP/org.spongepowered.mixin/org.spongepowered.asm.mixin.transformer.MixinApplicatorStandard.apply(MixinApplicatorStandard.java:292)
	at MC-BOOTSTRAP/org.spongepowered.mixin/org.spongepowered.asm.mixin.transformer.TargetClassContext.apply(TargetClassContext.java:383)
	at MC-BOOTSTRAP/org.spongepowered.mixin/org.spongepowered.asm.mixin.transformer.TargetClassContext.applyMixins(TargetClassContext.java:365)
	at MC-BOOTSTRAP/org.spongepowered.mixin/org.spongepowered.asm.mixin.transformer.MixinProcessor.applyMixins(MixinProcessor.java:363)
	... 28 more

> Task :runClient FAILED

FAILURE: Build failed with an exception.

* What went wrong:
Execution failed for task ':runClient'.
> Process 'command '/usr/lib/jvm/java-17-openjdk/bin/java'' finished with non-zero exit value 1

* Try:
> Run with --stacktrace option to get the stack trace.
> Run with --info or --debug option to get more log output.
> Run with --scan to get full insights.
> Get more help at https://help.gradle.org.

Deprecated Gradle features were used in this build, making it incompatible with Gradle 9.0.

You can use '--warning-mode all' to show the individual deprecation warnings and determine if they come from your own scripts or plugins.

For more on this, please refer to https://docs.gradle.org/8.2.1/userguide/command_line_interface.html#sec:command_line_warnings in the Gradle documentation.

BUILD FAILED in 7s
13 actionable tasks: 3 executed, 10 up-to-date
